title,show_id,genre_id,genre,overview
Texaco Star Theater,469,35,comedy,"Texaco Star Theater is an American comedy-variety show, broadcast on radio from 1938 to 1949 and telecast from 1948 to 1956. It was one of the first successful examples of American television broadcasting, remembered as the show that gave Milton Berle the nickname ""Mr. Television"".

The classic 1940–44 version of the program, hosted by radio's Fred Allen, was followed by a radio series on ABC in the spring of 1948. When Texaco first took it to television on NBC on June 8, 1948, the show had a huge cultural impact."
Fireside Theatre,21868,18,None,The Jane Wyman Show is an American anthology drama series that ran on NBC from 1955 to 1958.
Philco TV Playhouse,10809,18,None,"The Philco Television Playhouse is an American anthology series that was broadcast live on NBC from 1948 to 1955. Produced by Fred Coe, the series was sponsored by Philco. It was one of the most respected dramatic shows of the Golden Age of Television, winning a 1954 Peabody Award and receiving eight Emmy nominations between 1951 and 1956."
Your Show of Shows,12331,35,comedy,"Your Show of Shows was a live 90-minute variety show that was broadcast weekly in the United States on NBC, from February 25, 1950, until June 5, 1954, featuring Sid Caesar and Imogene Coca.

Other featured performers were Carl Reiner, Howard Morris, Bill Hayes, Judy Johnson, The Hamilton Trio and the soprano Marguerite Piazza. José Ferrer made several guest appearances on the series. The series was telecast from the now-demolished International Theatre at 5 Columbus Circle and the Century Theater, now demolished, in New York.

During 2002, Your Show of Shows was ranked #30 on TV Guide's 50 Greatest TV Shows of All Time."
The Colgate Comedy Hour,1048,35,comedy,"The Colgate Comedy Hour is an American comedy-musical variety series that aired live on the NBC network from 1950 to 1955. The show starred many notable comedians and entertainers of the era, including Eddie Cantor, Dean Martin and Jerry Lewis, Fred Allen, Donald O'Connor, Bud Abbott and Lou Costello, Bob Hope, Jimmy Durante, Ray Bolger, Gordon MacRae, Ben Blue, Robert Paige, Tony Curtis, Burt Lancaster, Broadway dancer Wayne Lamb and Spike Jones and His City Slickers."
Gillette Cavalcade of Sports,3012,,None,"The Gillette Cavalcade of Sports is an American network radio program and later television program that included broadcasts of a variety of sports, although it is primarily remembered by many for its focus on boxing."
The Lone Ranger,31179,"37,10759",None,"The Lone Ranger is an American western television series that ran from 1949 to 1957, starring Clayton Moore with Jay Silverheels as Tonto. The live-action series initially featured Gerald Mohr as the episode narrator. Fred Foy served as both narrator and announcer of the radio series from 1948 to its finish and became announcer of the television version when story narration was dropped there. This was by far the highest-rated television program on the ABC network in the early 1950s and its first true ""hit""."
Arthur Godfrey's Talent Scouts,9977,35,comedy,"Arthur Godfrey's Talent Scouts is an American radio and television variety show which ran on CBS from 1946 until 1958. Sponsored by Lipton Tea, it stars Arthur Godfrey, who was also hosting Arthur Godfrey and His Friends at the same time."
Hopalong Cassidy,22168,37,None,Hopalong Cassidy was television's first western program. The series aired on NBC and stared William Boyd as the cowboy Hopalong Cassidy.
Mama,2016,35,comedy,"Thelma Harper and her spinster sister Fran open their home to Thelma's recently divorced son Vinton and his teenage son and daughter. It's quite an adjustment for everyone, especially the cranky, argumentative Thelma."
Robert Montgomery Presents,14944,18,None,"Robert Montgomery Presents is an American dramatic television series which was produced by NBC from January 30, 1950 until June 24, 1957. The live show had several sponsors during its seven-year run, and the title was altered to feature the sponsor, usually Lucky Strike cigarettes, for example, Robert Montgomery Presents Your Lucky Strike Theater, ....The Johnson's Wax Program, and so on."
"Martin Kane, Private Eye",11505,,None,"Martin Kane, Private Eye was an early radio series and television crime series sponsored by United States Tobacco Company."
Man Against Crime,7891,"80,18",None,"Man Against Crime, one of the first television programs about private eyes, ran on CBS, the DuMont Television Network and NBC from October 7, 1949 to August 26, 1956. The show was created by Lawrence Klee and Paul Alter and was broadcast live until 1952. It was also directed by Paul Alter. The series was one of the few television programs ever to have been simulcast on more than one network: the program aired on both NBC and DuMont during the 1953-1954 television season."
Kraft Television Theatre,10962,18,None,"Kraft Television Theater is an American, well-received anthology series presenting live television dramas."
The Toast of the Town,5307,"35,10767",comedy,"The Ed Sullivan Show is an American TV variety show that originally ran on CBS from Sunday June 20, 1948 to Sunday June 6, 1971, and was hosted by New York entertainment columnist Ed Sullivan. It was replaced in September 1971 by the CBS Sunday Night Movie, which ran only one season and was eventually replaced by other shows.

In 2002, The Ed Sullivan Show was ranked #15 on TV Guide's 50 Greatest TV Shows of All Time."
The Aldrich Family,14335,35,comedy,
You Bet Your Life,4473,35,comedy,"You Bet Your Life is an American quiz show that aired on both radio and television. The original and best-known version was hosted by Groucho Marx of the Marx Brothers, with announcer and assistant George Fenneman. The show debuted on ABC Radio in October 1947, then moved to CBS Radio in September 1949 before making the transition to NBC-TV in October 1950. Because of its simple format, it was possible to broadcast the show simultaneously on the radio and on television. In 1960, the show was renamed The Groucho Show and ran a further year. Most episodes are in the public domain.

The play of the game, however, was secondary to the interplay between Groucho, the contestants, and occasionally Fenneman. The program was rerun into the 1970s, and later in syndication as The Best of Groucho. As such, it was the first game show to have its reruns syndicated."
Arthur Godfrey and His Friends,9978,,None,"Arthur Godfrey and His Friends is an American television variety show hosted by Arthur Godfrey. The hour-long series aired on CBS Television from January 1949 to June 1957, then again as a half-hour show from September 1958 to April 1959.

Many of Godfrey's musical acts were culled from Arthur Godfrey's Talent Scouts, which was airing on CBS at the same time. Among the more popular of his singers were Frank Parker, Marion Marlowe, Janette Davis, Julius La Rosa, Haleloke, The McGuire Sisters, Carmel Quinn, Pat Boone, Miyoshi Umeki and The Chordettes. The show was live, and Godfrey often did away with the script and improvised. He refused to participate in commercials for products he did not believe in."
Armstrong Circle Theatre,11706,18,None,"Armstrong Circle Theatre is an American anthology drama television series which ran from 1950 to 1957 on NBC, and then until 1963 on CBS. It alternated weekly with The U.S. Steel Hour."
Lights Out,24684,"10765,80,18,10764",None,"Lights Out was an extremely popular American old-time radio program, an early example of a network series devoted mostly to horror and the supernatural, predating Suspense and Inner Sanctum. Versions of Lights Out aired on different networks, at various times, from January 1934 to the summer of 1947 and the series eventually made the transition to television.

In 1946, NBC Television brought Lights Out to TV in a series of four specials, broadcast live and produced by Fred Coe, who also contributed three of the scripts. NBC asked Cooper to write the script for the premiere, ""First Person Singular"", which is told entirely from the point of view of an unseen murderer who kills his obnoxious wife and winds up being executed. Variety gave this first episode a rave review (""undoubtedly one of the best dramatic shows yet seen on a television screen""), but Lights Out did not become a regular NBC-TV series until 1949."
Big Town,241274,"35,18",comedy,A Hollywood production rolls into a small Irish town and throws the spotlight on a secret that's been kept hidden since the eve of the Millennium.
Stop the Music,41880,,None,"Stop the Music was a prime time television game show that aired for an hour on Thursday evenings on ABC from May 5, 1949 to April 24, 1952, and again for a half-hour from September 7, 1954 to June 14, 1956. The show had also been broadcast on radio from 1948 to 1949. The radio show was responsible for taking ""The Fred Allen Show"" off the air, as the shows were broadcast opposite each other in 1949. The hosts were Bert Parks and Dennis James. Similar to the later Name That Tune on NBC and then CBS, Stop the Music had players identify songs. After a song was played, a home viewer would be called and could win a prize by correctly naming the song. A correct guess won a prize and a chance to identify a short clip from the Mystery Melody for more prizes. If the viewer missed the first song, the viewer received a gift from the sponsor and members of the audience would be asked to identify the song. Among the vocalists and stars who appeared on Stop the Music were Jaye P. Morgan, Jimmy Blaine, June Valli, Broadway dancer Wayne Lamb, Estelle Loring, and Ann Sheridan.

The program aired at 9 pm ET on Thursdays for all five seasons except for the 1954-1955 year, when it was broadcast at 10:30 pm ET on Tuesdays. Its competition in the 1951-1952 year was The George Burns and Gracie Allen Show and Amos 'n' Andy, both on CBS. In its last season from 1955 to 1956, it was aired opposite Jackie Cooper's The People's Choice on NBC."
Studio One,4259,18,None,"An American radio–television anthology series, created in 1947 by Canadian director Fletcher Markle, who came to CBS from the CBC. Studio One, presented by Westinghouse, was one of the first of the anthology TV programs. The episodes were often abridged remakes of movies from years gone by and many future well-known television and movie actors appeared in the productions."
The Big Story,18023,"99,18",None,"Based on a popular radio series, each show tells a different reporter's Big Story, a true story selected from newspapers across the United States. Comments from the actual reporter open and close each show but the permanent narrator drives the plot line and a featured actor dramatizes the reporter's role."
Pabst Blue Ribbon Bouts,8588,,None,"Pabst Blue Ribbon Bouts was a television program that broadcast boxing matches from New York's Madison Square Garden featuring Russ Hodges, Jack Drees, and Bill Nimmo.

Kinescopes of some of these matches were later re-broadcast under the title ""Blue Ribbon Classics."" In recent years, ESPN Classic has aired some of the bouts. Most Pabst Blue Ribbon fights can be viewed at TVS Boxing.Net."
The Original Amateur Hour,9920,,None,"The Original Amateur Hour is an American radio and television program. The show was a continuation of Major Bowes Amateur Hour which had been a radio staple from 1934 to 1945. Major Edward Bowes, the originator of the program and its master of ceremonies, left the show in 1945 and died the following year. He was ultimately succeeded by Ted Mack, when the show was brought into television in 1948.

The show is a progenitor of later, similar programs such as Star Search, American Idol and America's Got Talent."
The Ken Murray Show,30232,35,comedy,
Your Hit Parade,10380,10764,None,"Your Hit Parade is an American radio and television music program that was broadcast from 1935 to 1955 on radio, and seen from 1950 to 1959 on television. It was sponsored by American Tobacco's Lucky Strike cigarettes. During this 24-year run, the show had 19 orchestra leaders and 52 singers or groups. Many listeners and viewers casually referred to the show with the incorrect title The Hit Parade.

When the show debuted, there was no agreement as to what it should be called. The press referred to it in a variety of ways, with the most common being ""Hit Parade,"" ""The Hit Parade,"" and even ""The Lucky Strike Hit Parade"". The program's title was not officially changed to ""Your Hit Parade"" until November 9, 1935

Each Saturday evening, the program offered the most popular and bestselling songs of the week. The earliest format involved a presentation of the top 15 songs. Later, a countdown with fanfares led to the top three finalists, with the number one song for the finale. Occasional performances of standards and other favorite songs from the past were known as ""Lucky Strike Extras."""
Lux Video Theatre,12277,"18,35",comedy,"Lux Video Theatre is an American anthology series that was produced from 1950 until 1959. The series presented both comedy and drama in original teleplays, as well as abridged adaptations of films and plays."
The Speidel Show,40124,10751,None,"The Paul Winchell Show, or The Paul Winchell and Jerry Mahoney Show, was a variety program which aired on NBC prime time from 1950 to 1954, starring ventriloquist Paul Winchell and his dummy, Jerry Mahoney."
I Love Lucy,2730,"35,10751",comedy,"Cuban Bandleader Ricky Ricardo would be happy if his wife Lucy would just be a housewife. Instead she tries constantly to perform at the Tropicana where he works, and make life comically frantic in the apartment building they share with landlords Fred and Ethel Mertz, who also happen to be their best friends."
The Red Skelton Show,10534,"35,10767,10751",comedy,"The Red Skelton Show is an American variety show that was a television staple for two decades, from 1951 to 1971. It was second to Gunsmoke and third to The Ed Sullivan Show in the ratings during that time. Skelton, who had previously been a radio star, had appeared in several motion pictures as well. Although his television series is largely associated with CBS, where it appeared for more than fifteen years, it actually began and ended on NBC. During its run, the program received three Emmy Awards, for Skelton as best comedian and the program as best comedy show during its initial season, and an award for comedy writing in 1961."
The Jack Benny Show,10151,35,comedy,Laugh along with funnyman Jack Benny as he brings his underplayed humor to TV along with regular performers from his radio show days.
Amos 'n' Andy,11111,35,comedy,"A pair of friends in Harlem find themselves caught up in a series of misadventures, business schemes, and everyday problems, often relying on their neighbors and community to help them out of trouble."
Goodyear TV Playhouse,10809,18,None,"The Philco Television Playhouse is an American anthology series that was broadcast live on NBC from 1948 to 1955. Produced by Fred Coe, the series was sponsored by Philco. It was one of the most respected dramatic shows of the Golden Age of Television, winning a 1954 Peabody Award and receiving eight Emmy nominations between 1951 and 1956."
All Star Revue,52732,35,comedy,"All Star Summer Revue aired on NBC from June 28 to August 30, 1952. The summer series had no regular hosts and very little relationship to the regular season show All Star Revue."
Dragnet,3716,"18,80",None,"Follows the cases of a dedicated Los Angeles police detective, Sergeant Joe Friday, and his partners. The show takes its name from the police term ""dragnet"", meaning a system of coordinated measures for apprehending criminals or suspects."
Strike It Rich,300007,,None,The shareholders of a news agency have their changed lives forever when they receive a huge financial windfall from their dividends.
The Roy Rogers Show,14530,37,None,"Roy Rogers is the owner of the RR Ranch in the Mineral City area, which he runs with the help of the German shepherd dog Bullet and his horse Trigger. Roy, supported by his friend Pat Brady, is often helping the weakest usually threatened by cattle thieves, dishonest sheriffs and villains of various kinds. Pat Brady works as a cook at the Eureka Café, owned by Dale Evans."
Racket Squad,14722,"18,10759,80",None,"Racket Squad is an American TV crime drama series starring Reed Hadley as Captain John Braddock, a fictional detective working for the San Francisco, California Police Department.

The show aired in syndication for a season before being picked up by CBS for three seasons. The series was filmed at Hal Roach Studios in Culver City, California, and was sponsored by cigarette manufacturer Philip Morris, hence there was a pack of the sponsor's brand on Braddock's desk at the beginning and end of the episode, as well as occasional scenes of him or other characters ""lighting up""."
The Red Buttons Show,18589,35,comedy,"The Red Buttons Show premiered on the CBS television network in 1952, and ran for two years on that network, then moved to NBC for the final 1954-55 season.

Red's catch phrase from the show, ""Strange things are happening!"" entered the national vocabulary briefly in the mid-1950s."
Life with Luigi,15099,,None,"An Italian immigrant building a new life in Chicago navigates the challenges of running an antique shop, improving his English, and adapting to life in America with the help of friends and classmates."
The Life of Riley,22902,35,comedy,"Riley worked in an aircraft plant in California, but viewers usually saw him at home, cheerfully disrupting life with his malapropisms and ill timed intervention into minor problems."
What's My Line?,26663,"10751,35",comedy,"Four panelists must determine guests' occupations - and, in the case of famous guests, while blindfolded, their identity - by asking only ""yes"" or ""no"" questions."
Our Miss Brooks,15144,35,comedy,"Our Miss Brooks is an American situation comedy starring Eve Arden as a sardonic high school English teacher. It began as a radio show broadcast on CBS from 1948 to 1957. When the show was adapted to television, it became one of the medium's earliest hits. In 1956, the sitcom was adapted for big screen in the film of the same name."
Treasury Men in Action,21582,"80,18",None,"Treasury Men in Action is an American crime drama series broadcast live and which aired from 1950 through 1955 on ABC. The series stars Walter Greaza, Ross Martin, and Tom McKee. It was directed by William Beaudine, Leigh Jason, and Will Jason among others."
Ford Theatre,10643,18,None,"Ford Theatre, spelled Ford Theater for the radio version and known as Ford Television Theatre for the TV version, was a radio and television anthology series broadcast in the United States in the 1940s and 1950s. At various times the television series appeared on all three major television networks, while the radio version was broadcast on two separate networks and on two separate coasts. Ford Theatre was named for its sponsor, the Ford Motor Company, which had an earlier success with its concert music series, The Ford Sunday Evening Hour."
The Milton Berle Show,469,35,comedy,"Texaco Star Theater is an American comedy-variety show, broadcast on radio from 1938 to 1949 and telecast from 1948 to 1956. It was one of the first successful examples of American television broadcasting, remembered as the show that gave Milton Berle the nickname ""Mr. Television"".

The classic 1940–44 version of the program, hosted by radio's Fred Allen, was followed by a radio series on ABC in the spring of 1948. When Texaco first took it to television on NBC on June 8, 1948, the show had a huge cultural impact."
The Jackie Gleason Show,950,35,comedy,"The prodigiously talented Gleason became a TV icon after he joined CBS from DuMont, where his work on `Calvalcade of Stars' had established many of his trademark characters, including Reginald Van Gleason III, the Poor Soul and Ralph Kramden, featured here, along with Art Carney, in `Honeymooners' sketches. The Emmy-winning mix also featured guest stars, musical comedy, the glitzy June Taylor Dancers and Frank Fontaine's Crazy Guggenheim character."
This Is Your Life,10315,99,None,"This Is Your Life is an American television documentary series broadcast on NBC, originally hosted by its producer, Ralph Edwards from 1952 to 1961. In the show, the host surprises a guest, and proceeds to take them through their life in front of an audience, including special guest appearances by colleagues, friends and family.

Edwards revived the show in 1971-72, while Joseph Campanella hosted a version in 1983. Edwards returned for some specials in the late 1980s, before his death in 2005. The show originated as a radio show on NBC Radio airing from 1948 to 1952."
The George Burns and Gracie Allen Show,30667,35,comedy,"Burns and Allen, an American comedy duo consisting of George Burns and his wife, Gracie Allen, worked together as a comedy team in vaudeville, films, radio and television and achieved great success over four decades."
Private Secretary,10666,35,comedy,"Private Secretary is an American sitcom that aired from February 1, 1953 to September 10, 1957 on CBS, alternating with The Jack Benny Program on Sundays at 7:30pm EST. The series stars Ann Sothern as Susan Camille ""Susie"" MacNamara, devoted secretary to handsome talent agent Peter Sands, played by Don Porter."
I Married Joan,14454,35,comedy,"I Married Joan is an American sitcom that aired on NBC from 1952 to 1955. It starred veteran vaudeville, film, and radio comedienne-comedy actress Joan Davis as the manic, scatterbrained wife of a mild-mannered community judge, the Honorable Bradley Stevens."
General Electric Theater,4520,"35,18",comedy,General Electric Theater is an American anthology series hosted by Ronald Reagan that was broadcast on CBS radio and television. The series was sponsored by General Electric's Department of Public Relations.
Disneyland,4231,"10759,16,99,10762,10751",None,"Walt Disney Productions has produced an anthology television series under several different titles since 1954. The original version of the series premiered on ABC, Wednesday night, October 27, 1954. The show, which was hosted by Walt Disney until his death and then from 1996 to 2002 by then-CEO Michael Eisner (with one-off hosts or no hosts during other periods) has since aired continually as either a weekly program or an irregular series of specials on several networks and streaming services, most recently on ABC and Disney+. The show is the second longest showing prime-time program on American television, behind its rival, Hallmark Hall of Fame. However, Hallmark Hall of Fame was a weekly program only during its first five seasons, while Disney remained a weekly program for more than forty years."
The George Gobel Show,26027,35,comedy,The George Gobel Show is an American television series hosted George Gobel that aired on NBC from 1954 to 1960.
December Bride,1020,35,comedy,"December Bride is an American sitcom that aired on the CBS television network from 1954 to 1959, adapted from the original CBS radio network series that aired from June 1952 through September 1953."
The Buick-Berle Show,469,35,comedy,"Texaco Star Theater is an American comedy-variety show, broadcast on radio from 1938 to 1949 and telecast from 1948 to 1956. It was one of the first successful examples of American television broadcasting, remembered as the show that gave Milton Berle the nickname ""Mr. Television"".

The classic 1940–44 version of the program, hosted by radio's Fred Allen, was followed by a radio series on ABC in the spring of 1948. When Texaco first took it to television on NBC on June 8, 1948, the show had a huge cultural impact."
I've Got a Secret,4862,10764,None,"A panel tries to determine a contestant's secret: something that is unusual, amazing, embarrassing, or humorous about that person."
Two for the Money,11910,10764,None,"Two for the Money is an American game show television program which ran from 1952 to 1957. The show ran for one season on NBC, and four seasons on CBS. It was a Mark Goodson-Bill Todman production, and was initially sponsored by Old Gold cigarettes. Humorist Herb Shriner was the host for most of the show's run, with fellow humorist Sam Levenson hosting the last season."
The Millionaire,12089,18,None,"An anthology series that explored the ways sudden and unexpected wealth changed life for better or for worse. It told the stories of people who were given one million dollars from a benefactor who insisted they never know him, with one exception."
The Adventures of Rin Tin Tin,10794,"37,10751",None,"The Adventures of Rin Tin Tin is an American children's television program. Beginning in October 1954 until May 1959, 166 episodes originally aired on ABC television network. It starred child actor Lee Aaker as Rusty, a boy orphaned in an Indian raid, who was being raised by the soldiers at a US Cavalry post known as Fort Apache. He and his German shepherd dog, Rin Tin Tin, helped the soldiers to establish order in the American West. Texas-born actor James Brown appeared as Lieutenant Ripley ""Rip"" Masters. Co-stars included veteran actor Joe Sawyer and actor Rand Brooks from Gone with the Wind fame."
Topper,12145,"10765,35",comedy,"Topper is an American fantasy sitcom based on the 1937 film of the same name. The series was broadcast on CBS from October 9, 1953 to July 15, 1955, and stars Leo G. Carroll in the title role."
The Loretta Young Show,7900,"35,18",comedy,"The New Loretta Young Show, is an American television series, which aired for twenty-six weekly episodes on CBS television from September 24, 1962 to March 18, 1963, features Loretta Young in a combination drama and situation comedy about a free-lance writer in suburban Connecticut named Christine Massey, the widowed mother of seven children. The program is the only one in which Young starred as a recurring character. Her previous anthology series on NBC placed her in the role of hostess and occasional star. Young is the first star to garner both Academy and Emmy awards, one of a relatively few to make the transition from motion picture to television.

Though it followed the popular The Andy Griffith Show on CBS, The New Loretta Young Show, sponsored by Lever Brothers, proved unable to sustain the needed audience in competition at 10 p.m. Eastern time on Mondays with the ABC medical drama Ben Casey starring Vince Edwards and Sam Jaffe, which entered its second season. NBC fielded David Brinkley's Journal at the same time, reflections of the news correspondent David Brinkley. The New Loretta Young Show was hence quietly dropped at the end of winter in 1963. Young had formed LYL Production Company for the series, an indication that she did not expect a premature end to the program. Norman Foster directed most of the episodes; John London and Ruth Roberts were the producers."
My Little Margie,11766,35,comedy,My Little Margie is an American situation comedy starring Gale Storm and Charles Farrell that alternated between CBS and NBC from 1952 to 1955.
"The $64,000 Question",12020,10764,None,"The $64,000 Question is an American game show broadcast from 1955–1958, which became embroiled in the scandals involving TV quiz shows of the day. The $64,000 Challenge was its popular spin-off show."
The Ed Sullivan Show,5307,"35,10767",comedy,"The Ed Sullivan Show is an American TV variety show that originally ran on CBS from Sunday June 20, 1948 to Sunday June 6, 1971, and was hosted by New York entertainment columnist Ed Sullivan. It was replaced in September 1971 by the CBS Sunday Night Movie, which ran only one season and was eventually replaced by other shows.

In 2002, The Ed Sullivan Show was ranked #15 on TV Guide's 50 Greatest TV Shows of All Time."
The Lineup,80366,35,comedy,A diverse group of up-and-coming comedians perform 15-minute sets in this stand-up comedy showcase series.
The Perry Como Show,28230,,None,The Perry Como Show was a musical-comedy variety program hosted by Perry Como. 
The Honeymooners,4439,"35,10751",comedy,A bus driver and his sewer worker friend struggle to strike it rich while their wives look on with weary patience. One of the most influential situation comedy television series in American history.
The Adventures of Robin Hood,10393,"10759,10751",None,"The legendary character Robin Hood and his band of merry men in Sherwood Forest and the surrounding vicinity. While some episodes dramatised the traditional Robin Hood tales, most episodes were original dramas created by the show's writers and producers."
Climax!,12447,"18,9648",None,Climax! is an American anthology series that aired on CBS from 1954 to 1958. The series was hosted by William Lundigan and later co-hosted by Mary Costa. It was one of the few CBS programs of that era to be broadcast in color. Many of the episodes were performed and broadcast live.
People Are Funny,14595,,None,"People Are Funny is an American radio and television game show, created by John Guedel that remained popular throughout the 1940s. The program ran from 1942 to 1960. The program's stunts and audience participation were calculated to reveal the humorous side of human nature. After contestants were sent from the studio to perform a task in public, the audience was told how the contestant was being double-crossed."
The Chevy Show,13765,10764,None,"The Dinah Shore Chevy Show is an American variety series hosted by Dinah Shore, and broadcast on NBC from October 1956 to June 1963. The series was sponsored by the Chevrolet Motor Division of General Motors and its theme song, sung by Shore, was ""See the U.S.A. in Your Chevrolet"", which continued to be used in Chevrolet advertising for several more years after the cancellation of the show."
The Phil Silvers Show,11747,35,comedy,"The Phil Silvers Show, originally titled You'll Never Get Rich, was a sitcom which ran on CBS from 1955 to 1959 for 142 episodes, plus a 1959 special. The series starred Phil Silvers as Master Sergeant Ernest G. Bilko of the United States Army.

The series was created and largely written by Nat Hiken, and won three consecutive Emmy Awards for Best Comedy Series. The show is sometimes titled Sergeant Bilko or simply Bilko in reruns, and is very often referred to by these names, both on-screen and by viewers. The show's success transformed Silvers from a journeyman comedian into a star, and writer-producer Hiken from a highly-regarded behind-the-scenes comedy writer into a publicly recognized creator."
Alfred Hitchcock Presents,5273,"9648,18,80",None,"A television anthology series hosted by Alfred Hitchcock featuring dramas, thrillers, and mysteries."
Gunsmoke,3713,"37,10759,18",None,"Gunsmoke is an American radio and television Western drama series created by director Norman MacDonnell and writer John Meston. The stories take place in and around Dodge City, Kansas, during the settlement of the American West. The central character is lawman Marshal Matt Dillon, played by William Conrad on radio and James Arness on television."
The Life and Legend of Wyatt Earp,12337,"18,37",None,The Life and Legend of Wyatt Earp is a television western series loosely based on the life of frontier marshal Wyatt Earp. The half-hour black-and-white program aired for 229 episodes on ABC from 1955 to 1961 and featured Hugh O'Brian in the title role.
The Ford Show,28973,,None,"The Ford Show is an American variety program, starring singer and folk humorist Tennessee Ernie Ford, which aired on NBC on Thursday evenings from October 4, 1956 to June 29, 1961. Beginning in September 1958, the show began to be telecast in color. Ford first gained attention as the host of Hometown Jamboree in Los Angeles. In 1954, he hosted a brief revival of Kay Kyser's Kollege of Musical Knowledge, a quiz show on NBC. His subsequent The Ford Show was frequently among the Top 20 programs."
Lassie,5368,"10759,18,10751,35",comedy,"Lassie is the pet of Jeff Miller, an 11-year-old farm boy. The two become best friends and enjoy family adventures in the American countryside, teaching each other about love, nature and commitment."
Name That Tune,114603,,None,A revival of the American television game show that put two contestants against each other to test their knowledge of songs.
The Danny Thomas Show,981,35,comedy,"Danny Thomas, an entertainer, tries to balance his home life with the needs of his career, with hilarious results."
Tales of Wells Fargo,13795,"37,18",None,Jim Hardie helps Wells Fargo agents battle the bad guys.
Have Gun – Will Travel,10980,"37,10759,18",None,"Have Gun – Will Travel is an American Western television series that aired on CBS from 1957 through 1963. It was rated number three or number four in the Nielsen ratings every year of its first four seasons. It was one of the few television shows to spawn a successful radio version. The radio series debuted November 23, 1958.

The television show is presently shown on the Encore-Western channel.

Have Gun – Will Travel was created by Sam Rolfe and Herb Meadow and produced by Frank Pierson, Don Ingalls, Robert Sparks, and Julian Claman. There were 225 episodes of the TV series, 24 written by Gene Roddenberry. Other contributors included Bruce Geller, Harry Julian Fink, Don Brinkley and Irving Wallace. Andrew McLaglen directed 101 episodes and 19 were directed by series star Richard Boone."
The Restless Gun,13537,37,None,"The Restless Gun is an American western television series that appeared on NBC between 1957 and 1959, with John Payne in the role of Vint Bonner, a wandering cowboy in the era after the American Civil War. A skilled gunfighter, Bonner is an idealistic person who prefers peaceful resolutions of conflict wherever possible. He is gregarious, intelligent, and public-spirited. The half-hour black-and-white program aired seventy-eight episodes. Jeanne Bates appeared in varying roles with Payne in five episodes of The Restless Gun.

The Restless Gun theme song begins: ""I ride with the wind, my eyes on the sun, and my hand on my restless gun..."" The song composer is probably Paul Dunlap, credited as the primary series composer, but could have been contributed to by either of the two other series composers, Dave Kahn and Stanley Wilson, also. Two versions are currently posted on YouTube, but neither posting lists any composer or performance credits."
Cheyenne,947,"37,18",None,"Cheyenne Bodie was a big man, a former army scout who went west after the American Civil War and drifted from job to job, here a cowboy, there a lawman, and always a larger-than-life hero.

CHEYENNE is an American western television series of 108 black-and-white episodes broadcast on ABC from 1955 to 1963. The show was the first hour-long western, and in fact the first hour-long dramatic series of any kind, with continuing characters, to last more than one season. It was also the first series to be made by a major Hollywood film studio which did not derive from its established film properties, and the first of a long chain of Warner Brothers original series produced by William T. Orr."
The Gale Storm Show,13166,35,comedy,"The Gale Storm Show is an American sitcom starring Gale Storm. The series premiered on September 29, 1956, and ran until 1960 for 143 half-hour black-and-white episodes, initially on CBS and in its last year on ABC. The Gale Storm Show was co-produced by Independent Television Corporation and Hal Roach Studios.

The series was aired under the title Oh, Susanna in syndication."
Zane Grey Theater,14328,"37,18",None,"Dick Powell's Zane Grey Theatre, sometimes simply called Zane Grey Theatre, is an American Western anthology series which ran on CBS from 1956 to 1961."
Wagon Train,6081,"37,18,10751",None,"The series initially starred veteran movie supporting actor Ward Bond as the wagon master, later replaced upon his death by John McIntire, and Robert Horton as the scout, subsequently replaced by lookalike Robert Fuller a year after Horton had decided to leave the series.

The series was inspired by the 1950 film Wagon Master directed by John Ford and starring Ben Johnson, Harry Carey Jr. and Ward Bond, and harkens back to the early widescreen wagon train epic The Big Trail starring John Wayne and featuring Bond in his first major screen appearance playing a supporting role. Horton's buckskin outfit as the scout in the first season of the television series resembles Wayne's, who also played the wagon train's scout in the earlier film."
Sugarfoot,13893,37,None,"Sugarfoot is an American western television series that aired on ABC from 1957 to 1961. The series stars Will Hutchins as Tom Brewster, an Easterner who comes to the Oklahoma Territory to become a lawyer. Jack Elam is cast in occasional episodes as sidekick Toothy Thompson. Brewster was a correspondence-school student whose apparent lack of cowboy skills earned him the nickname ""Sugarfoot"", a designation even below that of a tenderfoot."
Father Knows Best,10118,"35,10751",comedy,Family man Jim Anderson copes with the everyday problems among his wife Margaret and their three children as they experience day-to-day changes.
Twenty-One,129888,18,None,"In a time when dreams seem out of reach, a teen fencer pursues big ambitions and meets a hardworking young man who seeks to rebuild his life."
Zorro,4681,"37,10759",None,"Diego de la Vega, the son of a wealthy landowner, returns from his studies in Spain and discovers that Los Angeles is under the command of Capitan Monastario, a cruel man who relishes in the misuse of his power for personal gain. Knowing that he cannot hope to single-handedly defeat Monastario and his troops, Diego resorts to subterfuge. He adopts the secret identity of Zorro, a sinister figure dressed in black, and rides to fight Monastario's injustice."
The Real McCoys,10458,35,comedy,"The Real McCoys is an American situation comedy co-produced by Danny Thomas' ""Marterto Productions"", in association with Walter Brennan and Irving Pincus' ""Westgate"" company. The series aired for five seasons on the ABC-TV network from 1957 through 1962 and then for its final year on CBS from 1962 to 1963.

The series, set in the San Fernando Valley of California, was filmed in Hollywood at Desilu studios."
The Rifleman,13859,"10759,37,10751",None,"The Rifleman is an American Western television program starring Chuck Connors as rancher Lucas McCain and Johnny Crawford as his son, Mark McCain. It was set in the 1880s in the town of North Fork, New Mexico Territory. The show was filmed in black-and-white, half-hour episodes. ""The Rifleman"" aired on ABC from September 30, 1958 to April 8, 1963 as a production of Four Star Television. It was one of the first prime time series to have a widowed parent raise a child."
Maverick,953,"35,37",comedy,"The Maverick boys - Bret, Bart, Beau and Brent - are a clan of well-dressed dandies, gamblers who'd much rather make their money playing cards than messing up their fine clothing with actual work. Sly and clever, none of the Mavericks are much for acts of derring do, but they can be courageous when the situation calls for it. Most often, however, they live by their wits and considerable charm."
The Price Is Right,2051,10764,None,"""Come on down!"" The Price Is Right features a wide variety of games and contests with the same basic challenge: Guess the prices of everyday (or not-quite-everyday) retail items. "
The Texan,14763,37,None,"The Texan was a Western television series starring popular B movie actor Rory Calhoun, which aired on the CBS television network from 1958 to 1960."
Wanted: Dead or Alive,13837,"37,10759,18",None,"Wanted: Dead or Alive is an American Western television series starring Steve McQueen as the bounty hunter Josh Randall. It aired on CBS for three seasons from 1958–61. The black-and-white program was a spin-off of a March 1958 episode of Trackdown, a 1957–59 western series starring Robert Culp. Both series were produced by Four Star Television in association with CBS Television.

The series launched McQueen into becoming the first television star to cross over into comparable status on the big screen."
Peter Gunn,10305,"80,18",None,"Peter Gunn is an American private eye television series. Filmed in a film noir atmosphere and featuring Henry Mancini music that could tell you the action with your eyes closed, Peter Gunn worked in style. Known as Pete to his friends and simply as Gunn to his enemies, he did his job in a calm cool way."
Perry Mason,4177,"9648,18,80",None,The cases of master criminal defense attorney Perry Mason and his staff who handled the most difficult of cases in the aid of the innocent.
The Ann Sothern Show,14696,35,comedy,"The Ann Sothern Show is an American sitcom starring Ann Sothern that aired on CBS for 93 episodes. The series began on October 6, 1958, and ended on September 25, 1961.

The Ann Sothern Show was Sothern's second sitcom for CBS. Her first series, Private Secretary, ended in 1957 after a contract dispute occurred between Sothern and Secretary's producer Jack Chertok. Several of Private Secretary's cast members appeared in the show."
Rawhide,10952,"37,18",None,The tale of trail boss Gil Favor and his trusty foreman Rowdy Yates as they drives cattle across the old west. Along the way they meet up with adventure and drama.
77 Sunset Strip,925,"80,18,9648",None,"Stu Bailey and Jeff Spencer are the wisecracking, womanizing private-detective heroes of this Warner Brothers drama. They work out of an office located at 77 Sunset Strip in Los Angeles, California, right next door to a snazzy restaurant where Kookie works as a valet. The finger-snapping, slang-talking Kookie occasionally helps Stu and Jeff with their cases, and eventually becomes a full-fledged member of the detective agency. Rex Randolph and J.R. Hale also join the firm, and Suzanne is their leggy secretary."
Dennis the Menace,9985,"35,10751",comedy,"This 1959-1963 television situation comedy series follows the lives of the Mitchell family, Henry, Alice, and their only child Dennis, an energetic, trouble-prone, mischievous, but well-meaning boy, who often tangles with his peace-and-quiet-loving neighbor George Wilson, a retired salesman, or, later, with George's brother John, a writer. Dennis is basically a good, well-intentioned boy who always tries to help people, but who winds up making situations worse – often at Mr. Wilson's expense."
Mr. Lucky,1829,18,None,"Mr. Lucky is a CBS adventure/drama television series that aired from October 24, 1959, to June 18, 1960, with repeats until September 3. Blake Edwards developed the program as a retooling of his Willie Dante character from Four Star Playhouse, where the role was played by studio boss Dick Powell. In the 1960–1961 season, Howard Duff assumed the role of Willie Dante in the NBC adventure/drama series Dante. Mr. Edwards directed and co-wrote the first episode of Mr. Lucky, and the credits of the first eighteen episodes included ""Entire production supervised by Blake Edwards."" Jack Arnold produced the show and directed fifteen of the thirty-four episodes.

Henry Mancini's smooth theme music for the show reached Number 21 in the US singles charts. He released two successful LP's based on the show, Mr. Lucky and Mr. Lucky Goes Latin."
The Andy Griffith Show,106,"35,10751",comedy,"The Andy Griffith Show is an American sitcom first televised on CBS between October 3, 1960 and April 1, 1968. Andy Griffith portrays the widowed sheriff of the fictional small community of Mayberry, North Carolina. His life is complicated by an inept, but well-meaning deputy, Barney Fife, a spinster aunt and housekeeper, Aunt Bee, and a precocious young son, Opie. Local ne'er-do-wells, bumbling pals, and temperamental girlfriends further complicate his life. Andy Griffith stated in a Today Show interview, with respect to the time period of the show: ""Well, though we never said it, and though it was shot in the '60s, it had a feeling of the '30s. It was when we were doing it, of a time gone by.""

The series never placed lower than seventh in the Nielsen ratings and ended its final season at number one. It has been ranked by TV Guide as the 9th-best show in American television history. Though neither Griffith nor the show won awards during its eight-season run, series co-stars Knotts and Bavier accumulated a combined total of six Emmy Awards. The show, a semi-spin-off from an episode of The Danny Thomas Show titled ""Danny Meets Andy Griffith"", spawned its own spin-off series, Gomer Pyle, U.S.M.C., a sequel series, Mayberry R.F.D., and a reunion telemovie, Return to Mayberry. The show's enduring popularity has generated a good deal of show-related merchandise. Reruns currently air on TV Land, and the complete series is available on DVD. All eight seasons are also now available by streaming video services such as Netflix."
Candid Camera,56569,10764,None,Smile! Candid Camera's back with all-new gags drawn from today's headlines that put unsuspecting people on the spot and deliver smiles and laughter to a new generation. Tune in to TV Land and laugh more with Candid Camera!
The Untouchables,2774,"18,80",None,Special Agent Eliot Ness and his elite team of incorruptible agents battle organized crime in 1930s Chicago.
My Three Sons,1530,"35,10751",comedy,"A widower and aeronautical engineer named Steven Douglas raises three sons with the help of his father-in-law, and later the boys' great-uncle. An adopted son, a stepdaughter, wives, and another generation of sons join the loving family in later seasons."
Bonanza,1018,"37,10759,18,10751",None,The High-Sierra adventures of Ben Cartwright and his sons as they run and defend their ranch while helping the surrounding community.
The Flintstones,1996,"10751,16,35",comedy,"The misadventures of two modern-day Stone Age families, the Flintstones and the Rubbles."
Checkmate,1929,"80,18,9648",None,"Checkmate is an American detective television series starring Anthony George, Sebastian Cabot, and Doug McClure. The show aired on CBS Television from 1960 to 1962 for a total of 70 episodes and was produced by Jack Benny's production company, ""JaMco Productions"" in co-operation with Revue Studios. Guest stars included Charles Laughton, Peter Lorre, and Lee Marvin, among many other commensurately prominent performers."
The Many Loves of Dobie Gillis,221,35,comedy,"The Many Loves of Dobie Gillis is an American sitcom that aired on CBS from 1959 to 1963. The series and several episode scripts were adapted from a 1951 collection of short stories of the same name, written by Max Shulman, who had also written a feature film adaptation of his short stories for MGM in 1953, The Affairs of Dobie Gillis.

The series revolved around the life of teenager/young adult Dobie Gillis, who, along with his best friend, beatnik Maynard G. Krebs, struggles against the forces of his life - high school, the military, college, and his parents - as he aspires to attain both wealth and dates with girls. The Many Loves of Dobie Gillis was produced by Martin Manulis Productions in association with 20th Century Fox Television. Creator Shulman also wrote the theme song in collaboration with Lionel Newman."
The Garry Moore Show,229,,None,"The Garry Moore Show is the name for several separate American variety series on the CBS television network in the 1950s and 1960s. Hosted by experienced radio performer, Garry Moore, the series helped launch the careers of many comedic talents, such as Dorothy Loudon, Don Adams, George Gobel, Carol Burnett, Don Knotts, Lee Goodman, James Kirkwood, Jr. and Jonathan Winters. The Garry Moore Show garnered a number of Emmy nominations and wins."
Route 66,2181,"18,80,10759,9648",None,"After discovering that his late father has gone through most of the family fortune, Tod Stiles hits the title trans-America highway in his Corvette in search of adventure with friend Buz Murdock, a survivor of New York's mean streets. The two work odd jobs as they meet and interact with colorful characters and find themselves plunged into one situation after another, some of them romantic, some of them very dangerous. Later, Linc Case, a Vietnam war hero trying to find himself, takes over as Tod's travel companion."
Hazel,10492,35,comedy,"Hazel is an American sitcom about a fictional live-in maid named Hazel Burke and her employers, the Baxters. The five-season, 154-episode series aired in primetime from September 28, 1961 until April 11, 1966 and was produced by Screen Gems. The show aired on NBC for its first four seasons, and then on CBS for its final season. The first season, except for one color episode was in black and white, the remainder in color.

The show was based on the popular single-panel comic strip by cartoonist Ted Key, which appeared in the Saturday Evening Post."
Dr. Kildare,17362,18,None,"The story of a young intern in a large metropolitan hospital trying to learn his profession, deal with the problems of his patients, and win the respect of the senior doctor in his specialty, internal medicine."
Sing Along with Mitch,28699,10751,None,"Sing Along with Mitch, airing on NBC from 1961 to 1964, was a weekly sing-along program hosted by Mitch Miller and featuring a male chorus. Lyrics were presented at the bottom of the television screen. Singer Leslie Uggams, pianist Dick Hyman, and the singing Quinto Sisters were regularly featured. One of the show's trademarks was the final number, a group sing-along with the regular house chorale, among whom would be an uncredited celebrity not necessarily known for their singing ability. As the popularity of the show rose, Miller produced and recorded several ""Sing Along with Mitch"" record albums."
Ben Casey,13897,18,None,
"Car 54, Where Are You?",3727,35,comedy,"The misadventures of two of New York's finest in the 53rd precinct in the Bronx. Toody, the short, stocky and dim-witted one, either saves the day or messes things up, much to the chagrin of Muldoon, the tall, lanky and smart one."
Walt Disney's Wonderful World of Color,4231,"10759,16,99,10762,10751",None,"Walt Disney Productions has produced an anthology television series under several different titles since 1954. The original version of the series premiered on ABC, Wednesday night, October 27, 1954. The show, which was hosted by Walt Disney until his death and then from 1996 to 2002 by then-CEO Michael Eisner (with one-off hosts or no hosts during other periods) has since aired continually as either a weekly program or an irregular series of specials on several networks and streaming services, most recently on ABC and Disney+. The show is the second longest showing prime-time program on American television, behind its rival, Hallmark Hall of Fame. However, Hallmark Hall of Fame was a weekly program only during its first five seasons, while Disney remained a weekly program for more than forty years."
The Joey Bishop Show,7238,"35,10767",comedy,"The Joey Bishop Show is an American sitcom starring entertainer Joey Bishop. The series premiered in September 1961 on NBC where it aired for three seasons. The series then moved to CBS for its final season.

Executive produced by Danny Thomas, The Joey Bishop Show is a spin-off of Thomas' series The Danny Thomas Show."
The Defenders,11515,18,None,"The Defenders is an American courtroom drama series . It starred E. G. Marshall and Robert Reed as father-and-son defense attorneys who specialized in legally complex cases, with defendants such as neo-Nazis, conscientious objectors, civil rights demonstrators, a schoolteacher fired for being an atheist, an author accused of pornography, and a physician charged in a mercy killing."
The Donna Reed Show,10649,"35,10751",comedy,"Revolves around typical family problems, such as firing a clumsy housekeeper, throwing a retirement bash for a colleague, and finding quality time away from the children."
The Beverly Hillbillies,1930,"35,10751",comedy,"Jed Clampett's swamp is loaded with oil. When a wildcatter discovers the huge pool, Jed sells his land to the O.K. Oil Company and at the urging of cousin Pearl, moves his family to a 35-room mansion in Beverly Hills, California."
The Lucy Show,2144,35,comedy,"The Lucy Show is an American sitcom that aired on CBS from 1962–68. It was Lucille Ball's follow-up to I Love Lucy. A significant change in cast and premise for the 1965–66 season divides the program into two distinct eras; aside from Ball, only Gale Gordon, who joined the program for its second season, remained. For the first three seasons, Vivian Vance was the co-star.

The earliest scripts were entitled The Lucille Ball Show, but when this title was declined, producers thought of calling the show This Is Lucy or The New Adventures of Lucy, before deciding on the title The Lucy Show. Ball won consecutive Emmy Awards as Outstanding Lead Actress in a Comedy Series for the series' final two seasons, 1966–67 and 1967–68."
The Dick Van Dyke Show,2132,35,comedy,"The Dick Van Dyke Show centers around the work and home life of television comedy writer Rob Petrie. The plots generally revolve around problems at work, where Rob got into various comedic jams with fellow writers Buddy Sorrell, Sally Rogers and producer Mel Cooley."
To Tell the Truth,66784,35,comedy,"A modern reimagination of the classic game show. In each round, a celebrity panel will be presented with three people who all claim to be the same person with the same incredible talent, job or achievement. One is sworn to tell the truth while the others are not."
The Virginian,10180,"37,18",None,"The Shiloh Ranch in Wyoming Territory of the 1890s is owned in sequence by Judge Henry Garth, the Grainger brothers, and Colonel Alan MacKenzie. It is the setting for a variety of stories, many more based on character and relationships than the usual western."
Petticoat Junction,3346,"35,10751",comedy,The Bradley family are proud owners of the Shady Rest Hotel. Kate and her three young daughters do the job of running the hotel.
My Favorite Martian,3882,"10765,35,10751",comedy,"Newspaper reporter Tim O'Hara finds a crashed alien spaceship that contains one live alien. Not wanting to be discovered by the authorities, the Martian assumes the identity of Tim's Uncle Martin and begins to repair his spaceship so that he can return to Mars."
The Patty Duke Show,12444,35,comedy,"The Patty Duke Show is an American sitcom which ran on ABC from September 18, 1963 to April 27, 1966, with reruns airing through August 31, 1966. The show was created as a vehicle for rising star Patty Duke. A total of 104 episodes were produced, most written by Sidney Sheldon."
McHale's Navy,11258,"35,10768",comedy,"An experienced South Pacific Sea Dog by the name of Quinton McHale, was commissioned as a Lieutenant Commander into the U.S. Navy Reserve at the start of World War II.

McHale was made the Skipper of the Torpedo Patrol (PT) Boat #73 stationed at the U.S. Naval Installation on the island of Taratupa in the Southwest Pacific.

The 73 'Family' included, among others, a con man and amateur Magician, a womanizing hunk, a dedicated Family man, a guitar-playing, moonshine-making Tennessee good ol' boy, and even a deserter from the Japanese Navy, who was an excellent cook."
The Fugitive,10083,"10759,18,9648",None,"Richard Kimble is falsely convicted of his wife's murder and given the death penalty. En route to death row, Kimble's train derails and crashes, allowing him to escape and begin a cross-country search for the real killer, a ""one-armed man"". At the same time, Dr. Kimble is hounded by the authorities, most notably dogged by Police Lieutenant Philip Gerard."
The Adventures of Ozzie and Harriet,952,"35,10751",comedy,"The Adventures of Ozzie and Harriet is an American sitcom, airing on ABC from October 3, 1952 through March 26, 1966, starring the real life Nelson family. After a long run on radio, the show was brought to television where it continued its success, running on both radio and television for a few years. The series stars Ozzie Nelson and his wife, singer Harriet Nelson, and their young sons, David and Eric ""Ricky"" Nelson. Don DeFore had a recurring role as the Nelsons' friendly neighbor ""Thorny""."
The Danny Kaye Show,12928,35,comedy,"The Danny Kaye Show is an American variety show hosted by Danny Kaye that aired on CBS from 1963 to 1967 on Wednesday nights. Directed by Robert Scheerer, the show premiered in black-and-white, but later switched to color broadcasts. At the time, Kaye was at the height of his popularity, having starred in a string of successful films in the 1940s and '50's, made successful personal appearances at such venues as the London Palladium, and appeared many times on television. His most recent films had been considered disappointing, but the television specials he starred in were triumphant, leading to this series. Prior to his television and film career, Kaye had made a name for himself with his own radio show, and numerous other guest appearances on other shows."
Bob Hope Presents the Chrysler Theatre,11576,"18,35,10767",comedy,
Bewitched,4482,"10765,35,10751,18",comedy,"Samantha Stephens is a seemingly normal suburban housewife who also happens to be a genuine witch, with all the requisite magical powers. Her husband Darrin insists that Samantha keep her witchcraft under wraps, but situations invariably require her to indulge her powers while keeping her bothersome mother Endora at bay."
"Gomer Pyle, U.S.M.C.",2413,"35,10751",comedy,"Gomer Pyle, U.S.M.C. is an American situation comedy that originally aired on CBS from September 25, 1964, to May 2, 1969. The series was a spinoff of The Andy Griffith Show, and the pilot was aired as the finale of the fourth season of The Andy Griffith Show on May 18, 1964. The show ran for five seasons and a total of 150 episodes. In 2006, CBS Home Entertainment began releasing the series on DVD. The final season was released in November 2008.

The series was created by Aaron Ruben, who also produced the show with Sheldon Leonard and Ronald Jacobs. Filmed and set in California, it stars Jim Nabors as Gomer Pyle, a naive but good-natured gas-station attendant from the town of Mayberry, North Carolina, who enlists in the United States Marine Corps. Frank Sutton plays Gomer's high-octane, short-fused Gunnery Sergeant Vince Carter, and Ronnie Schell plays Gomer's friend Gilbert ""Duke"" Slater. Allan Melvin played in the recurring role of Gunnery Sergeant Carter's rival, Sergeant Charley Hacker. The series never discussed nor addressed the then-current Vietnam War, instead focusing on the relationship between Gomer and Sergeant Carter. The show retained high ratings throughout its run."
The Red Skelton Hour,10534,"35,10767,10751",comedy,"The Red Skelton Show is an American variety show that was a television staple for two decades, from 1951 to 1971. It was second to Gunsmoke and third to The Ed Sullivan Show in the ratings during that time. Skelton, who had previously been a radio star, had appeared in several motion pictures as well. Although his television series is largely associated with CBS, where it appeared for more than fifteen years, it actually began and ended on NBC. During its run, the program received three Emmy Awards, for Skelton as best comedian and the program as best comedy show during its initial season, and an award for comedy writing in 1961."
Combat!,4316,"10768,18",None,"Combat! is an American television program that originally aired on ABC from 1962 until 1967. The show covered the grim lives of a squad of American soldiers fighting the Germans in France during World War II. The program starred Rick Jason as platoon leader Second Lieutenant Gil Hanley and Vic Morrow as Sergeant ""Chip"" Saunders."
Branded,13818,37,None,"Branded is an American Western series which aired on NBC from 1965 through 1966, sponsored by Procter & Gamble in its Sunday night 8:30 p.m. Eastern Time period, and starred Chuck Connors as Jason McCord, a United States Army Cavalry captain who had been drummed out of the service following an unjust accusation of cowardice."
The Munsters,1712,"35,10765,10751",comedy,A family of friendly monsters that have misadventures all while never quite understanding why people react to them so strangely.
Gilligan's Island,1921,"35,10751",comedy,"The slapstick adventures of hapless Gilligan, long-suffering Skipper and their gang of mismatched castaways, all stranded on an uncharted desert isle after their tiny ship hit stormy weather."
The Addams Family,14009,"35,10751",comedy,"A satirical inversion of the ideal of the perfect American nuclear family, they are an eccentric wealthy family who delight in everything grotesque and macabre, and are never really aware that people find them bizarre or frightening. In fact, they themselves are often terrified by ""normal"" people."
Flipper,2886,"10759,10751,18",None,"Flipper, from Ivan Tors Films in association with Metro-Goldwyn-Mayer Television, is an American television program first broadcast on NBC from September 19, 1964, until April 15, 1967. Flipper, a bottlenose dolphin, is the companion animal of Porter Ricks, Chief Warden at fictional Coral Key Park and Marine Preserve in southern Florida, and his two young sons, Sandy and Bud. The show has been dubbed an ""aquatic Lassie"", and a considerable amount of juvenile merchandise inspired by the show was produced during its first-run."
The Lawrence Welk Show,3157,10751,None,"The Lawrence Welk Show is an American televised musical variety show hosted by big band leader Lawrence Welk. The series aired locally in Los Angeles for four years, then nationally for another 27½ years via the ABC network and first-run syndication. In the years since first-run syndication ended, The Lawrence Welk Show has continued to reach new audiences through repeat episodes, broadcast in the United States by Public Broadcasting Service stations. These airings incorporate an original program—usually, a color broadcast from 1965 through 1982—in its entirety. In place of the commercials, newer performance and interview clips from the original stars and/or a family member of the performers are included; these clips are occasionally updated."
Hogan's Heroes,4068,"10768,35",comedy,"Hogan's Heroes is an American television sitcom that ran for 168 episodes from September 17, 1965, to July 4, 1971, on the CBS network. The show was set in a German prisoner of war camp during World War II. Bob Crane starred as Colonel Robert E. Hogan, coordinating an international crew of Allied prisoners running a Special Operations group from the camp. Werner Klemperer played Colonel Wilhelm Klink, the commandant of the camp, and John Banner was the inept sergeant-of-the-guard, Hans Schultz.

The series was popular during its six-season run. In 2013, creators Bernard Fein through his estate and Albert S. Ruddy acquired the sequel and other separate rights to Hogan's Heroes from Mark Cuban through arbitration and a movie based on the show has been planned."
Green Acres,609,35,comedy,"Green Acres is an American sitcom starring Eddie Albert and Eva Gabor as a couple who move from New York City to a rural country farm. Produced by Filmways as a sister show to Petticoat Junction, the series was first broadcast on CBS, from September 15, 1965 to April 27, 1971.

Receiving solid ratings during its six-year run, Green Acres was cancelled in 1971 as part of the ""rural purge"" by CBS. The sitcom has been in syndication and is available in DVD and VHS releases. In 1997, the two-part episode ""A Star Named Arnold is Born"" was ranked #59 on TV Guide's 100 Greatest Episodes of All Time."
Get Smart,4455,"35,10765",comedy,"Get Smart is an American comedy television series that satirizes the secret agent genre. Created by Mel Brooks with Buck Henry, the show stars Don Adams, Barbara Feldon, and Edward Platt. Henry said they created the show by request of Daniel Melnick, who was a partner, along with Leonard Stern and David Susskind, of the show's production company, Talent Associates, to capitalize on ""the two biggest things in the entertainment world today""—James Bond and Inspector Clouseau. Brooks said: ""It's an insane combination of James Bond and Mel Brooks comedy."" This is the only Mel Brooks production to feature a laugh track.

The success of the show eventually spawned the follow-up films The Nude Bomb and Get Smart, Again!, as well as a 1995 revival series and a 2008 film remake. In 2010, TV Guide ranked Get Smart's opening title sequence at No. 2 on its list of TV's Top 10 Credits Sequences, as selected by readers."
The Man from U.N.C.L.E.,210,"10759,35,10765",comedy,"Agents Napoleon Solo and Illya Kuryakin work for a secret intelligence service working under the auspices of the U.N.

Their immediate superior is Mr. Waverly.

Together  they operate out of a secret base beneath the streets of New York City, and accesses through several cover business such as Del Floria's Tailor Shop and the Masque Club.

This secret intelligence service is called U.N.C.L.E.

United Network Command for Law and Enforcement."
Daktari,4530,"10751,18",None,"Daktari is an American children's drama series that aired on CBS between 1966 and 1969. The series, an Ivan Tors Films Production in association with MGM Television, stars Marshall Thompson as Dr. Marsh Tracy, a veterinarian at the fictional Wameru Study Centre for Animal Behaviour in East Africa."
The Wild Wild West,10929,"10759,35,18,37,10765",comedy,"The Wild Wild West is an American television series. Developed at a time when the television western was losing ground to the spy genre, this show was conceived by its creator, Michael Garrison, as ""James Bond on horseback."" Set during the administration of President Ulysses Grant, the series followed Secret Service agents James West and Artemus Gordon as they solved crimes, protected the President, and foiled the plans of megalomaniacal villains to take over all or part of the United States.

The show also featured a number of fantasy elements, such as the technologically advanced devices used by the agents and their adversaries. The combination of the Victorian era time-frame and the use of Verne-esque style technology have inspired some to give the show credit for the origins of the steam punk subculture."
Daniel Boone,11053,"10759,37",None,"Daniel Boone is an American action-adventure television series starring Fess Parker as Daniel Boone that aired from September 24, 1964 to September 10, 1970 on NBC for 165 episodes, and was made by 20th Century Fox Television. Ed Ames co-starred as Mingo, Boone's Cherokee friend, for the first four seasons of the series. Albert Salmi portrayed Boone's companion Yadkin in season one only. Dallas McKennon portrayed innkeeper Cincinnatus. Country Western singer-actor Jimmy Dean was a featured actor as Josh Clements during the 1968–1970 seasons. Actor and former NFL football player Rosey Grier made regular appearances as Gabe Cooper in the 1969 to 1970 season. The show was broadcast ""in living color"" beginning in fall 1965, the second season, and was shot entirely in California and Kanab, Utah."
I Dream of Jeannie,1660,"10765,35,10751",comedy,"While on a mission, American astronaut Captain Tony Nelson is forced to make an emergency landing that will forever change his life. On a deserted South Pacific island, Captain Nelson happens upon a bottle containing a beautiful two-thousand-year-old female genie named Jeannie. Rescuing her from the bottle nets Tony the requisite three wishes, and then some, when Jeannie pledges total devotion to her new ""master""."
The Dean Martin Show,12875,35,comedy,"The Dean Martin Show, also known as The Dean Martin Variety Show, is a TV variety-comedy series that ran from 1965 to 1974 for 264 episodes. It was broadcast by NBC and hosted by entertainer Dean Martin. The theme song to the series was his 1964 hit ""Everybody Loves Somebody."""
Family Affair,503,"35,10751",comedy,"Family Affair is an American sitcom that aired on CBS from September 12, 1966 to September 9, 1971. The series explored the trials of well-to-do civil engineer and bachelor Bill Davis as he attempted to raise his brother's orphaned children in his luxury New York City apartment. Davis' traditional English gentleman's gentleman, Mr. Giles French, also had adjustments to make as he became saddled with the responsibility of caring for 15-year-old Cissy and the 6-year-old twins, Jody and Buffy.

The show ran for 138 episodes. Family Affair was created and produced by Don Fedderson, also known for My Three Sons and The Millionaire."
The Smothers Brothers Comedy Hour,31490,35,comedy,The Smothers Brothers Comedy Hour is an American comedy and variety show hosted by the Smothers Brothers and initially airing on CBS from 1967 to 1969.
Friday Night Movies,271730,,None,"Outdoor Channel delivers all your favorite outdoor-themed movies every Friday night. When you want to escape, but can't travel further than your TV, saddle up for these classic tales of adventure, exploration and the great outdoors!"
Saturday Night at the Movies,128175,99,None,"For most of the past one hundred years Australians have been going out to the pictures. Today, despite movies being delivered in multiple formats, more than half of us still go out to a cinema at least once a year. But there was a time when most people went every week, and it was by far the most important entertainment event in their lives."
The Rat Patrol,13908,"10759,10768",None,"The exploits of four Allied soldiers — three Americans and one Englishman — who are part of a long-range desert patrol group in the North African campaign during World War II. Their mission: ""to attack, harass and wreak havoc on Field Marshal Rommel's vaunted Afrika Korps""."
Tarzan,10808,"10759,18",None,"Tarzan is a series that aired on NBC from 1966 – 1968. The series portrayed Tarzan as a well-educated character, one who, tired of civilization, had returned to the jungle where he had been raised. The show retained many of the trappings of the classic movie series, including Cheeta, while excluding other elements, such as Jane, as part of the ""new look"" for the fabled apeman that producer Sy Weintraub had introduced in previous motion pictures starring Gordon Scott, Jock Mahoney, and Mike Henry. CBS aired repeat episodes the program during the summer of 1969."
ABC Sunday Night Movie,19216,,None,"The ABC Sunday Night Movie is a television program that aired on Sunday nights, first for a brief time in 1962 under the title Hollywood Special to supposedly replace an open time slot for a cancelled TV show, ""Bus Stop"", which was cancelled after March 1962. It then began airing regularly under its more commonly known title from late 1964 to 1998, on ABC. From 2004 on, it has aired sporadically as a special program, now titled ""ABC Sunday Movie of the Week"", though as of the 2011-12 television season, the only films in this timeslot are aired under the Hallmark Hall of Fame banner, which transferred to ABC in that season."
I Spy,4899,10759,None,A pair of intelligence agents posing as a tennis pro and his coach go on secret missions around the world.
CBS Thursday Movie,56206,,None,
The F.B.I.,2223,"80,18,9648",None,"The F.B.I. is an American television series that was broadcast on ABC from 1965 to 1974. It was sponsored by the Ford Motor Company, and the characters almost always drove Ford vehicles in the series. Alcoa was co-sponsor of Season One only."
Gentle Ben,35105,"10751,18",None,"Gentle Ben is an American family series that aired on CBS from September 10, 1967 to April 27, 1969. The series follows the adventures, in the Florida Everglades, of a game warden, Tom Wedloe, his wife Ellen, his son Mark and Ben the grizzly bear. 

"
Rowan & Martin's Laugh-In,9895,35,comedy,An American sketch comedy television program hosted by comedians Dan Rowan and Dick Martin.
Thursday Night Movie,51011,,None,
Ironside,4582,"80,18,9648",None,"When an assassin's bullet confines him to a wheelchair for life ending his career as Chief of Detectives, Robert T. Ironside becomes a consultant to the police department. Detective Sergeant Ed Brown and policewoman Eve Whitfield join with him to crack varied and fascinating cases. Ex-con Mark Sanger is employed by the chief as home help but eventually becomes a fully fledged member of the team also. Officer Whitfield leaves after 4 years service, and is replaced by Officer Fran Belding."
The Carol Burnett Show,1027,"35,10751",comedy,"The Carol Burnett Show is an American variety/sketch comedy television show starring Carol Burnett, Harvey Korman, Vicki Lawrence, Lyle Waggoner, and Tim Conway. It originally ran on CBS from September 11, 1967, to March 29, 1978, for 278 episodes and originated from CBS Television City's Studio 33. The series won 25 prime time Emmy Awards, was ranked No. 16 on TV Guide's 50 Greatest TV Shows of All Time in 2002 and in 2007 was listed as one of Time magazine's ""100 Best TV Shows of All Time."""
It Takes a Thief,10496,"10759,18",None,"Convicted cat burglar Alexander Mundy gets an offer he can't refuse from the United States government: If he puts his formidable thieving skills to work for them, he'll be released from prison. Alexander's dad, Alister, sometimes comes out of retirement as a thief to help his son on special jobs."
Mayberry R.F.D.,6756,"35,10751",comedy,"Mayberry R.F.D. is an American television series produced as a spin-off and direct continuation of The Andy Griffith Show. When star Andy Griffith decided to leave his series, most of the supporting characters returned for the new program, which ran for three seasons on the CBS Television Network from 1968–1971. During the final season of The Andy Griffith Show, widower farmer Sam Jones and his young son Mike are introduced and gradually become the show's focus. Sheriff Andy Taylor takes a backseat in the storylines, establishing the sequel series. The show's first episode, ""Andy and Helen's Wedding"", had the highest ratings in recorded television history. Sheriff Taylor and newlywed wife Helen make guest appearances on RFD until late 1969, and then relocate with Opie. Mayberry R.F.D. was popular throughout its entire run, but was canceled after its third season in CBS's infamous ""rural purge"" of 1971. R.F.D. stands for ""Rural Free Delivery"", a quaint postal depiction of the rural Mayberry community."
Julia,116761,18,None,"Through Julia Child’s life and her singular joie de vivre, the series explores a pivotal time in American history – the emergence of public television as a new social institution, feminism and the women's movement, the nature of celebrity and America's cultural evolution."
Here's Lucy,1439,35,comedy,"Lucille Ball's third network sitcom, following I Love Lucy (1951–57) and The Lucy Show (1962–68)."
Mission: Impossible,4357,"10759,80,18",None,"Mission: Impossible is an American television series that was created and initially produced by Bruce Geller. It chronicles the missions of a team of secret government agents known as the Impossible Missions Force. In the first season, the team is led by Dan Briggs, played by Steven Hill; Jim Phelps, played by Peter Graves, takes charge for the remaining seasons. A hallmark of the series shows Briggs or Phelps receiving his instructions on a recording that then self-destructs, followed by the theme music composed by Lalo Schifrin.

The series aired on the CBS network from September 1966 to March 1973, then returned to television for two seasons on ABC, from 1988 to 1990, retaining only Graves in the cast. It later inspired a popular series of theatrical motion pictures starring Tom Cruise, beginning in 1996."
The Glen Campbell Goodtime Hour,11275,35,comedy,"The Glen Campbell Goodtime Hour is an American network television music and comedy variety show hosted by singer Glen Campbell from January 1969 through June 1972 on CBS. He was offered the show after he hosted a 1968 summer replacement for The Smothers Brothers Comedy Hour. Campbell used ""Gentle on My Mind"" as the theme song of the show. The show was one of the few rural-oriented shows to survive CBS's rural purge of 1971."
The Mod Squad,4003,"10759,18",None,"The Mod Squad was the enormously successful groundbreaking ""hippie"" undercover cop show that ran on ABC from September 24, 1968, until August 23, 1973. It starred Michael Cole as Pete Cochren, Peggy Lipton as Julie Barnes, Clarence Williams III as Linc Hayes, and Tige Andrews as Captain Adam Greer. The executive producers of the series were Aaron Spelling and Danny Thomas.

The iconic counter-culture police series earned six Emmy nominations, four Golden Globe nominations plus one win for Peggy Lipton, one Directors Guild of America award, and four Logies. In 1997 the episode ""Mother of Sorrow"" was ranked #95 on TV Guide's 100 Greatest Episodes of All Time."
The Doris Day Show,10099,"35,37",comedy,"The Doris Day Show is an American sitcom that was originally broadcast on the CBS network from September 1968 until March 1973, remaining on the air for five seasons and 128 episodes. In addition to showcasing Doris Day, the show is remembered for its many abrupt format changes over the course of its five-year run. It is also remembered for Day's statement, in her autobiography Doris Day: Her Own Story, that her husband Martin Melcher had signed her to do the TV series without her knowledge, a fact she only discovered when Melcher died of heart disease on April 20, 1968. The TV show premiered on Tuesday, September 24, 1968."
"Marcus Welby, M.D.",3213,18,None,"Marcus Welby, M.D. is an American medical drama television program that aired on ABC from September 23, 1969, to July 29, 1976. It starred Robert Young as a family practitioner with a kind bedside manner and James Brolin as the younger doctor he often worked with, and was produced by David Victor and David J. O'Connell. The pilot, A Matter of Humanities, had aired as an ABC Movie of the Week on March 26, 1969."
The Bill Cosby Show,3523,35,comedy,"The Bill Cosby Show is an American situation comedy that aired for two seasons on NBC's Sunday night schedule from 1969 until 1971, under the sponsorship of Procter & Gamble. There were 52 episodes made in the series. It marked Bill Cosby's first solo foray in television, after his co-starring role with Robert Culp in I Spy. The series also marked the first time an African American starred in his or her own eponymous comedy series."
The Jim Nabors Hour,11679,,None,"The Jim Nabors Hour is an American variety television series hosted by Jim Nabors that aired on the CBS television network from 1969 to 1971.

Fresh from his success with Gomer Pyle, U.S.M.C., which put his backwoods ""Gomer Pyle"" character from The Andy Griffith Show in a military context, the show not only built on that success, including Ronnie Schell and Frank Sutton, two of Nabors' old co-stars, but also displayed his baritone singing voice, which had been used on the Pyle show on occasion and had gotten Nabors several gold records in the late 1960s.

The show was consistently in the top thirty and performed strongly in its time slot, but fell victim to the infamous CBS ""rural purge"" and was axed by the network."
The Johnny Cash Show,9903,10767,None,"The Johnny Cash Show was an American television music variety show hosted by Johnny Cash. The Screen Gems 58-episode series ran from June 7, 1969 to March 31, 1971 on ABC; it was taped at the Ryman Auditorium in Nashville, Tennessee. The show reached No. 17 in the Nielsen ratings in 1970.

Cash opened each show, and its regulars included members of his touring troupe, June Carter Cash and the Carter Family, The Statler Brothers, Carl Perkins, and The Tennessee Three, with Australian-born musical director-arranger-conductor Bill Walker. The Statler Brothers performed brief comic interludes.

It featured many folk-country musicians, such as Joni Mitchell, Bob Dylan, Linda Ronstadt, Kris Kristofferson, Mickey Newbury, Neil Young, Gordon Lightfoot, Merle Haggard, James Taylor and Tammy Wynette. It also featured other musicians such as jazz great Louis Armstrong, who died eight months after appearing on the show."
Hawaii Five-O,2303,"10759,18",None,"Hawaii Five-O is an American police procedural drama series produced by CBS Productions and Leonard Freeman. Set in Hawaii, the show originally aired for 12 seasons from 1968 to 1980, and continues in reruns. Jack Lord portrayed Detective Lieutenant Steve McGarrett, the head of a special state police task force which was based on an actual unit that existed under martial law in the 1940s. The theme music composed by Morton Stevens became especially popular. Many episodes would end with McGarrett instructing his subordinate to ""Book 'em, Danno!"", sometimes specifying a charge such as ""murder one""."
Hee Haw,3922,35,comedy,"Hee Haw was an American variety show featuring a mixture of country music and comedy skits. Co-hosted by Buck Owens and Roy Clark for most of the series, the show also guested well-established country music stars including Johnny Cash and Dolly Parton. Originally airing on CBS from 1969 to 1971, the show ran for over 20 years in syndication until 1993."
Movie of the Week,56212,,None,
Saturday Night Movie,271768,,None,Saturday Night Movies features explosive action-adventure inspired films.
Mannix,2813,"10759,80,9648,18",None,"Mannix is an American television detective series that ran from 1967 through 1975 on CBS. Created by Richard Levinson and William Link and developed by executive producer Bruce Geller, the title character, Joe Mannix, is a private investigator. He is played by Mike Connors. Mannix was the last series produced by Desilu Productions."
The Flip Wilson Show,10663,35,comedy,"The Flip Wilson Show is an hour long variety show that aired in the U.S. on NBC from September 17, 1970 to June 27, 1974. The show starred American comedian Flip Wilson; the program was one of the first American television programs starring a black person in the title role to become highly successful with a white audience. Specifically, it was the first successful network variety series starring an African American. During its first two seasons, its Nielsen ratings made it the nation's second most watched show.

The show consisted of many skits over an hour. It also broke new ground in American television by using a 'Theatre-in-the-Round' stage format, with the audience seated on all sides of a circular performance area.

Wilson was most famous for creating the role of Geraldine Jones, a sassy, modern woman who had a boyfriend named Killer. Flip also created the role of Reverend Leroy, who was the minister of the Church of What's Happening Now!. New parishioners were wary of coming to the church as it was hinted that Reverend Leroy was a con artist. Wilson popularized such catchphrases as ""What you see is what you get"", and ""The devil made me do it!""."
ABC Movie of the Week,13105,,None,"The ABC Movie of the Week is a weekly television anthology series, featuring made-for-TV movies, that aired on the ABC network in various permutations from 1969 to 1976."
Medical Center,4060,18,None,Medical Center is a medical drama series which aired on CBS from 1969 to 1976. It was produced by MGM Television.
Adam-12,4660,"80,18",None,"Adam-12 is a television police drama that followed two police officers of the Los Angeles Police Department, Pete Malloy and Jim Reed, as they patrolled the streets of Los Angeles in their patrol unit, 1-Adam-12."
The Wonderful World of Disney,23936,"16,10751",None,"Walt Disney Productions (later The Walt Disney Company) has produced an anthology television series under several different titles since 1954. The original version of the series premiered on ABC in 1954. The show was broadcast weekly on one of the Big Three television networks until 1990, a 36-year span with only a two-year hiatus in 1984-85. The series was broadcast on Sunday for 25 of those years. From 1991 until 1997, the series aired infrequently. The program resumed a regular schedule in 1997 on the ABC fall schedule, coinciding with Disney's recent purchase of the network. From 1997 until 2008, the program aired regularly on ABC. Subsequently, ABC continued the series as an occasional special presentation."
The Men from Shiloh,10180,"37,18",None,"The Shiloh Ranch in Wyoming Territory of the 1890s is owned in sequence by Judge Henry Garth, the Grainger brothers, and Colonel Alan MacKenzie. It is the setting for a variety of stories, many more based on character and relationships than the usual western."
The Smith Family,22327,"35,18",comedy,"The Smith Family is an American comedy-drama television series produced by Don Fedderson Productions. The series aired on ABC from January 20, 1971 to June 7, 1972, for 39 episodes."
The Mary Tyler Moore Show,2962,35,comedy,"30-year-old single Mary Richards moves to Minneapolis to start a new life after a romantic break-up. There she reacquaints with Phyllis who rents her a room, and meets her upstairs neighbor and new best friend Rhoda. Mary unexpectedly lands a job as associate producer at the TV station WJM, where she works alongside her bristly boss, Lou; the comical newswriter, Murray; and the newscast's often-incompetent anchor, Ted."
NBC Saturday Movie,16174,,None,"NBC Saturday Night at the Movies, is the first continuing weekly prime time network television series to show relatively recent feature films from major studios in color. The series premiered in September 1961."
The Partridge Family,13941,"35,10751",comedy,The Partridge Family is an American television sitcom series about a widowed mother and her five children who embark on a music career.
NBC Monday Movie,10552,,None,"The NBC Monday Movie was a television anthology series of films scheduled every Monday night from 1963 to 1999 on NBC. It was referred to as NBC Monday Night at the Movies prior to the mid-1980s. The show moved to Wednesday nights in 1964 as NBC Wednesday Night at the Movies, and in 1965, the program moved to Tuesdays, under the title The NBC Tuesday Night Movie. The name would henceforth change depending on what night of the week the program was telecast. By 1968, there was once again a weekly NBC Monday Night Movie on the air."
ABC Sunday Movie,19216,,None,"The ABC Sunday Night Movie is a television program that aired on Sunday nights, first for a brief time in 1962 under the title Hollywood Special to supposedly replace an open time slot for a cancelled TV show, ""Bus Stop"", which was cancelled after March 1962. It then began airing regularly under its more commonly known title from late 1964 to 1998, on ABC. From 2004 on, it has aired sporadically as a special program, now titled ""ABC Sunday Movie of the Week"", though as of the 2011-12 television season, the only films in this timeslot are aired under the Hallmark Hall of Fame banner, which transferred to ABC in that season."
All in the Family,1922,35,comedy,"Archie Bunker, a working class bigot, constantly squabbles with his family over the important issues of the day."
Sanford and Son,2586,35,comedy,The misadventures of a cantankerous junk dealer and his frustrated son.
Funny Face,9950,,None,
The New Dick Van Dyke Show,4263,35,comedy,The New Dick Van Dyke Show is an American sitcom starring Dick Van Dyke that aired on CBS from 1971 to 1974. It was Van Dyke's first return to series television since The Dick Van Dyke Show.
Monday Night Football,263282,,None,Howard Cosell hosted the first instalment of Monday Night Football.
The Sonny & Cher Comedy Hour,1090,35,comedy,"The Sonny & Cher Comedy Hour is an American variety show starring American pop-singer Cher and her husband, Sonny Bono. The show ran on CBS in the United States, when it premiered in August 1971. The show was canceled May 1974, due to the couple's divorce, though the duo would reunite in 1976 for the identically-formatted The Sonny & Cher Show, which ran until 1977."
Room 222,3783,"35,18",comedy,
Cannon,4529,"18,10759",None,"Cannon is a CBS detective television series produced by Quinn Martin which aired from March 26, 1971 to March 3, 1976. The primary protagonist is the title character, private detective Frank Cannon, played by William Conrad. He also appeared on two episodes of Barnaby Jones.

Cannon is the first Quinn Martin-produced series to be aired on a network other than ABC. A ""revival"" television film, The Return of Frank Cannon, was aired on November 1, 1980. In total, there were 124 episodes."
CBS Friday Movie,54789,,None,
Maude,2184,"35,18",comedy,"Well-educated and upper middle class, Maude Findlay is the archetypal feminist of her generation. She lives in suburban Tuckahoe, New York, with her fourth husband, Walter, their divorced daughter, Carol, and grandson Phillip."
Bridget Loves Bernie,6548,35,comedy,"Bridget Loves Bernie is an American television comedy program created by Bernard Slade, the creator of the 1970–74 ABC sitcom The Partridge Family and the 1967-70 sitcom The Flying Nun, based loosely on the premise of the 1920s’ Broadway play and 1940s’ radio show Abie's Irish Rose. It stars Meredith Baxter and David Birney as the title characters, and ran for one season, from 1972 to 1973 on CBS.

Baxter and Birney married in real life after the program went off the air."
The Bob Newhart Show,1974,35,comedy,"The Bob Newhart Show is an American situation comedy produced by MTM Enterprises, which aired 142 original episodes on CBS from September 16, 1972, to April 1, 1978. Comedian Bob Newhart portrays a psychologist having to deal with his patients and fellow office workers. The show was filmed before a live audience."
The Waltons,5021,18,None,The Waltons live their life in a rural Virginia community during the Great Depression and World War II.
The Rookies,988,"18,80",None,The Rookies is an American crime drama series that aired on ABC from 1972 until 1976. It follows the exploits of three rookie police officers working in an unidentified city for the fictitious Southern California Police Department.
Barnaby Jones,587,"80,18,9648",None,"Barnaby Jones is a television detective series starring Buddy Ebsen and Lee Meriwether as father- and daughter-in-law who run a private detective firm in Los Angeles. The show ran on CBS from January 28, 1973 to April 3, 1980, beginning as a midseason replacement. William Conrad guest starred as Frank Cannon of Cannon on the first episode of Barnaby Jones, ""Requiem for a Son"" and the two series had a two-part crossover episode in 1975, ""The Deadly Conspiracy""."
The Little People,139150,"35,10763,10768",comedy,A satyrical show about current Israeli event using puppets.
ABC Monday Movie,30830,,None,"The ABC Monday Night Movie is an anthology series on the ABC television network. It is part of ABC's Movie of the Week format. It began as an extension of The ABC Sunday Night Movie. Airing from 1981 until 2004 as a series, it has since run as a series of specials styled ABC Monday Movie of the Week."
Kung Fu,114165,"10759,18",None,"A quarter-life crisis causes a young Chinese-American woman to drop out of college and go on a life-changing journey to an isolated monastery in China. But when she returns to find her hometown overrun with crime and corruption, she uses her martial arts skills and Shaolin values to protect her community and bring criminals to justice…all while searching for the assassin who killed her Shaolin mentor and is now targeting her."
M*A*S*H,918,"10768,18,35",comedy,"The 4077th Mobile Army Surgical Hospital is stuck in the middle of the Korean war. With little help from the circumstances they find themselves in, they are forced to make their own fun. Fond of practical jokes and revenge, the doctors, nurses, administrators, and soldiers often find ways of making wartime life bearable."
Kojak,3572,"80,10759,18,9648",None,"A bald, lollipop sucking police detective with a fiery righteous attitude battles crime in New York City."
The Six Million Dollar Man,1663,"10765,10759,18",None,"Follow the adventures of Steve Austin, cybernetically enhanced astronaut turned secret agent, employed by the OSI, under the command of Oscar Goldman and supervised by the scientist who created his cybernetics, Rudy Wells. Steve uses the superior strength and speed provided by his bionic arm and legs, and the enhanced vision provided by his artificial eye, to fight enemy agents, aliens, mad scientists, and a wide variety of other villains."
Happy Days,3845,35,comedy,"In 1950s Milwaukee the Cunningham family must contend with Fonzie, a motorcycle riding Casanova."
Good Times,154,35,comedy,"Good Times is an American sitcom that originally aired from February 8, 1974, until August 1, 1979, on the CBS television network. It was created by Eric Monte and Mike Evans, and developed by Norman Lear, the series' primary executive producer. Good Times is a spin-off of Maude, which is itself a spin-off of All in the Family along with The Jeffersons.

The series is set in Chicago. The first two seasons were taped at CBS Television City in Hollywood. In the fall of 1975, the show moved to Metromedia Square, where Norman Lear's own production company was housed."
CBS Friday Night Movie,54789,,None,
The Streets of San Francisco,2468,"80,18,10759",None,"Two police officers, the older Lt. Stone and the young upstart Inspector Keller, investigate murders and other serious crimes in San Francisco. Stone would become a second father to Keller as he learned the rigors and procedures of detective work."
Chico and the Man,1935,35,comedy,"Chico and the Man is an American sitcom which ran on NBC for four seasons, from September 13, 1974, to July 21, 1978. It stars Jack Albertson as Ed Brown, the cantankerous owner of a run down garage in an East Los Angeles barrio, and Freddie Prinze as Chico Rodriguez, an upbeat, optimistic Chicano young man who comes in looking for a job. It was the first U.S. television series set in a Mexican-American neighborhood."
The Jeffersons,1964,"35,10751",comedy,"Sitcom following a successful African-American couple, George and Louise “Weezyö Jefferson as they “move on up” from working-class Queens to a ritzy Manhattan apartment. A spin-off of All in the Family."
Rhoda,645,35,comedy,
The Rockford Files,954,"80,18,9648",None,"Cranky but likable L.A. PI Jim Rockford pulls no punches (but takes plenty of them). An ex-con sent to the slammer for a crime he didn't commit, Rockford takes on cases others don't want, aided by his tough old man, his lawyer girlfriend and some shady associates from his past."
Little House on the Prairie,1781,"37,18,10751",None,"When the big woods of Wisconsin becomes a difficult spot for hunting, Charles Ingalls reluctantly decides to move his family, pioneering west. Their life on the farm in Walnut Grove, Minnesota, in the 1870s and 1880s is full of adventure, tragedy, and triumph. Based on the books of Laura Ingalls Wilder."
Police Woman,10020,"10759,80,18",None,"Sergeant “Pepper""” Anderson, an undercover cop for the Criminal Conspiracy Unit of the Los Angeles Police Department, poses undercover from mob girl to prostitute."
S.W.A.T.,71790,"80,10759,18",None,"A Los Angeles S.W.A.T. sergeant is assigned to lead a highly skilled unit in the community where he grew up. Torn between loyalty to the streets, where the cops are sometimes the enemy, and allegiance to his brothers in blue, he strategically straddles the two worlds."
Cher,29503,35,comedy,"A weekly hour-long program hosted by Cher, featuring music, comedy sketches, and a different female guest star each week, with notable guests including Bette Midler, Carol Burnett, and Tina Turner."
Paul Sand in Friends and Lovers,26351,35,comedy,"Paul Sand in Friends and Lovers is a 1974-1975 United States comedic television series starring Paul Sand which centers around a musician in Boston, Massachusetts, and his personal relationships. It was Sand's only starring role in a television series. The show aired from September 14, 1974, to January 4, 1975."
Tony Orlando & Dawn,32165,"10751,35",comedy,"CBS gave the group a television variety show (entitled Tony Orlando and Dawn) from the summer of 1974, after The Sonny and Cher Comedy Hour ended its run, until December 1976. The show was in the same vein as its predecessor (with sketches featuring sarcastic back-and-forth banter between Orlando, Hopkins and Vincent, similar to the sarcastic dialogue between Sonny and Cher) and became a Top 20 hit.

They are most famous for ""Tie a Yellow Ribbon"" &amp;  ""Knock Three Times""!"
Emergency!,5375,"10759,18",None,"The crew of Los Angeles County Fire Department Station 51, particularly the paramedic team, and Rampart Hospital respond to emergencies in their operating area."
"Rich Man, Poor Man",14733,"18,10766",None,"Based on the best-selling 1969 novel by Irwin Shaw, the series follows the divergent career courses of the impoverished German American Jordache brothers."
Laverne & Shirley,3033,"35,10751",comedy,"Best friends, roommates, and polar opposites, Laverne DeFazio and Shirley Feeney work together at the Shotz Brewery in Milwaukee and keep each other's spirits up at home."
The Bionic Woman,2275,"10765,10759,18",None,"After fully recovering from her near fatal bout of bionic rejection, Jaime Sommers, the first female cyborg, is assigned to spy missions of her own."
Phyllis,1067,35,comedy,"After her husband’s death, Phyllis Lindstrom and her daughter Bess move to San Francisco to start over. There, she faces the challenges of clashing with eccentric relatives and adjusting to a new life."
ABC Monday Night Movie,30830,,None,"The ABC Monday Night Movie is an anthology series on the ABC television network. It is part of ABC's Movie of the Week format. It began as an extension of The ABC Sunday Night Movie. Airing from 1981 until 2004 as a series, it has since run as a series of specials styled ABC Monday Movie of the Week."
One Day at a Time,2191,35,comedy,"The misadventures of a divorced mother,  two teenage daughters, and new building superintendent in Indianapolis."
Starsky & Hutch,1532,"10759,18,80",None,"Streetwise Detective David Starsky partners up with a more intellectual partner, Kenneth 'Hutch' Hutchinson, to protect citizens and patrol the streets of Bay City."
Good Heavens,13373,"10765,35",comedy,"Good Heavens was an ABC comedy anthology series produced by Columbia Pictures Television that aired between February 29 to June 26, 1976. It ranked #17 in the Nielsen ratings during the 1975-76 television season.

The main character was Mr. Angel, who was an Emissary of Heaven that came down to Earth to grant wishes to those who had performed a good deed. Episodes featured actors such as Don Ameche, Susan Dey, Sandy Duncan, Pat Harrington Jr., Florence Henderson, Alex Karras, Penny Marshall, Hugh O'Brian, Loretta Swit, Brenda Vaccaro, and Fred Willard."
"Welcome Back, Kotter",738,"35,10751",comedy,"Welcome Back, Kotter is an American television sitcom starring Gabe Kaplan and featuring a young John Travolta. Videotaped in front of a live studio audience, it originally aired on the ABC network from September 9, 1975, to June 8, 1979."
Baretta,3216,"80,18,9648",None,"Baretta is an American detective television series which ran on ABC from 1975 to 1978. The show was a milder version of a successful 1973–74 ABC series, Toma, starring Tony Musante as chameleon-like, real-life New Jersey police officer David Toma. While popular, Toma received intense criticism at the time for its realistic and frequent depiction of police and criminal violence. When Musante left the series after a single season, the concept was retooled as Baretta, with Robert Blake in the title role."
The Sonny & Cher Show,1091,35,comedy,"Cher and Sonny Bono starred in this quintessentially '70's TV comedy/variety show. Sonny and Cher's hit songs featured prominently on the show, as they would often sing and perform them between short skits."
Donny & Marie,3870,"35,10767",comedy,"Donny & Marie is an American variety show which aired on ABC from January 1976 to January 1979. The show stars brother and sister pop duo Donny Osmond and Marie Osmond. Donny had first become popular singing in a music group with his brothers, The Osmonds, and Marie was one of the youngest singers to reach #1 on the Billboard Country Music charts.

The siblings were offered a weekly show by ABC-TV President Fred Silverman after he saw the duo co-host a week on The Mike Douglas Show which followed their series of popular remakes of oldies, such as ""I'm Leaving It Up To You"", ""Morning Side Of The Mountain"", ""Deep Purple"" and ""Make The World Go Away"". Donny and Marie were the youngest entertainers in TV history to host their own variety show. A year later, The Keane Brothers would break this record."
Charlie's Angels,3382,10759,None,"Beautiful, intelligent, and ultra-sophisticated, Charlie's Angels are everything a man could dream of... and way more than they could ever handle! Receiving their orders via speaker phone from their never seen boss, Charlie, the Angels employ their incomparable sleuthing and combat skills, as well as their lethal feminine charm, to crack even the most seemingly insurmountable of cases."
The Big Event,48636,,None,
Three's Company,2686,35,comedy,"When two single girls, Janet and Chrissy, need a roommate to share their Santa Monica apartment, they decide to offer a room to Jack, a man they find passed out in the bathtub after the going-away party for their last roommate. However, hijinks ensure when Jack must pretend to be gay in order to throw off the scent of the trio's conservative landlady."
Barney Miller,3253,35,comedy,"Barney Miller is the kind of cop we'd all like to run into. Always sensible, he maintains order over a band of detectives who gamble, hit on anything in skirts, go to renaissance philosophy conventions for fun, and would really prefer to be writing. Nearly all of the action takes place in the squad room where citizens and criminals are brought in to complicate the mix."
60 Minutes,651,10763,None,America's popular television News magazine in which an ever changing team of CBS News correspondents contribute segments ranging from hard news coverage to politics to lifestyle and pop culture.
"Rich Man, Poor Man Book II",75420,18,None,Weekly series spun off from the miniseries.
Eight Is Enough,4382,"18,35",comedy,"Eight Is Enough is an American television comedy-drama series that ran on ABC from March 15, 1977, until August 29, 1981. The show was modeled after syndicated newspaper columnist Thomas Braden, a real-life parent with eight children, who wrote a book with the same name."
What's Happening!!,1869,35,comedy,"Buddies Raj, Rerun and Dwayne come of age in 1970s Los Angeles. The trio have a penchant for mischief and trying to find ways of getting rich quick. Almost always the trio's schemes wind up getting them into trouble and it's up to Raj's mother Mabel to get them out of it. Also, half of the time, the guys get into trouble because of Raj's bratty sister Dee."
ABC Friday Night Movie,10665,,None,
The Tony Randall Show,14257,35,comedy,Walter Franklin is a somewhat less-than-magisterial Philadelphia judge put upon by an assortment of family and courtroom recidivists.
Alice,494,"35,18",comedy,"Alice is an American sitcom television series that ran from August 31, 1976 to March 19, 1985 on CBS. The series is based on the 1974 film Alice Doesn't Live Here Anymore. The show stars Linda Lavin in the title role, a widow who moves with her young son to start her life over again, and finds a job working at a roadside diner on the outskirts of Phoenix, Arizona. Most of the episodes revolve around events at Mel's Diner."
How the West Was Won,2562,"37,18",None,"The Macahans, a family from Virginia headed by Zeb Macahan, travel across the country to pioneer a new land and a new home in the American West."
Soap,3295,"35,10766,18",comedy,"The antics of a wealthy family, the Tates, and a working-class family, the Campbells, in the fictional town of Dunn's River, Connecticut."
The Love Boat,1823,"18,35",comedy,"Passengers who search for romantic nights aboard a beautiful ship travelling to tropical or mysterious countries, decide to pass their vacation aboard the ""Love Boat"", where Gopher, Dr. Bricker, Isaac, Julie, and Captain Stubing try their best to please them, and sometimes help them fall in love. Things are not always so easy, but in the end, love wins."
Fantasy Island,39775,"10765,18,35",comedy,A magical island hosted by Mr Roarke and Tattoo where weekly guests learn valuable life lessons in their pursuit of fulfilling their dreams. Not all dreams are fulfilled as expected.
Project U.F.O.,12111,9648,None,Project U.F.O. is a NBC television series based loosely on the real-life Project Blue Book
The Incredible Hulk,648,"10765,10759,18",None,"During an experiment gone bad, radiation turns a scientist into a raging green behemoth whenever he becomes agitated. Unable to control his transformations, David Banner searches for a cure as he crosses the country, fugitive-style, with a dogged tabloid reporter on his trail."
Family,1434,"16,35",comedy,"Sick, twisted, politically incorrect and Freakin' Sweet animated series featuring the adventures of the dysfunctional Griffin family. Bumbling Peter and long-suffering Lois have three kids. Stewie (a brilliant but sadistic baby bent on killing his mother and taking over the world), Meg (the oldest, and is the most unpopular girl in town) and Chris (the middle kid, he's not very bright but has a passion for movies). The final member of the family is Brian - a talking dog and much more than a pet, he keeps Stewie in check whilst sipping Martinis and sorting through his own life issues."
On Our Own,14556,35,comedy,"On Our Own is an American sitcom broadcast on ABC from September 13, 1994 to April 14, 1995. Created and executive produced by David W. Duclon, Thomas L. Miller and Robert L. Boyett, the series stars the Smollett siblings: JoJo, Jazz, Jussie, Jurnee, Jake, and Jocqui.

In the O'Fallon Park neighborhood of St. Louis live the Jerrico family, consisting of seven kids: Josh, Jimi, Jai, Jesse, Jordee, Joc, and Jarreau. Six months ago, a car crash killed their parents. Since then, they have been raised by Josh, who often crossdresses as 'Aunt Jelcinda' to evade intervention from social services."
Mork & Mindy,2552,"35,10751,10765",comedy,A wacky alien comes to Earth to study its residents and the life of the human woman he boards with is never the same.
Angie,61969,"35,10759,80",comedy,"Lone-wolf detective Angie Tribeca and a squad of committed LAPD detectives investigate the most serious cases, from the murder of a ventriloquist to a rash of baker suicides."
The Ropers,2905,35,comedy,"A spin-off of Three's Company and based on the British sitcom George and Mildred, the series focuses on middle-aged couple Stanley and Helen Roper, who were landlords to Jack, Janet, and Chrissy on Three's Company."
Taxi,2251,"35,18",comedy,"Louie De Palma is a cantankerous, acerbic taxi dispatcher in New York City. He tries to maintain order over a collection of varied and strange characters who drive for him. As he bullies and insults them from the safety of his “cage,” they form a special bond among themselves, becoming friends and supporting each other through the inevitable trials and tribulations of life."
The Dukes of Hazzard,397,"10759,18,35,80",comedy,"Cousins Bo and Luke Duke and their car ""General Lee"", assisted by Cousin Daisy and Uncle Jesse, have a running battle with the authorities of Hazzard County (Boss Hogg and Sheriff Coltrane), plus a string of ne'er-do-wells often backed by the scheming Hogg."
Vega$,9769,"18,80",None,Private detective Dan Tanna drives around the streets of Las Vegas in a red 1957 Ford Thunderbird solving crimes and making Las Vegas a better place for residents and tourists alike.
CHiPs,509,"18,10759",None,"Lighthearted look at the adventures of two Highway Patrol officers in Los Angeles. The main characters are Jon Baker and Frank Poncherello, two motorcycle officers always on the street to save lives."
Stockard Channing in Just Friends,27401,35,comedy,
Diff'rent Strokes,2410,"35,10751,18",comedy,"The series stars Gary Coleman and Todd Bridges as Arnold and Willis Jackson, two African American boys from Harlem who are taken in by a rich white Park Avenue businessman named Phillip Drummond and his daughter Kimberly, for whom their deceased mother previously worked. During the first season and first half of the second season, Charlotte Rae also starred as the Drummonds' housekeeper, Mrs. Garrett."
Lou Grant,480,"35,18",comedy,"The trials of a former television station manager turned newspaper city editor, and his journalist staff."
That's Incredible!,969,"10764,99",None,"A look at the more unusual sides of nature, medicine and human endeavor. It's all about things that just can't happen...and the people they happen to."
Dallas,40,"10766,18,10751",None,"The world's first mega-soap, and one of the most popular ever produced, Dallas had it all. Beautiful women, expensive cars, and men playing Monopoly with real buildings. Famous for one of the best cliffhangers in TV history, as the world asked ""Who shot J.R.?"" A slow-burner to begin with, Dallas hit its stride in the 2nd season, with long storylines and expert character development. Dallas ruled the airwaves in the 1980's."
Flo,1033,35,comedy,"Flo is an American sitcom which aired on CBS from 1980 to 1981. The series is a spin-off for Polly Holliday who portrayed the sassy and street-smart waitress Florence Jean ""Flo"" Castleberry on the sitcom Alice. Flo was cancelled at the end of its second season."
Archie Bunker's Place,4277,35,comedy,"Archie Bunker's Place is an American sitcom originally broadcast on the CBS network, conceived in 1979 as a spin-off and continuation of All in the Family. While not as popular as its predecessor, the show maintained a large enough audience to last for four seasons, until its cancellation in 1983. In its first season, the show performed so well that it knocked Mork & Mindy out of its new Sunday night time slot."
House Calls,9935,35,comedy,"Dating someone you work with can create problems, as Charley Michaels and Ann Anderson learned. He was a surgeon at Kensington General Hospital in San Francisco, a good doctor but less than enthusiastic about conforming to hospital rules and regulations. She was the hospital's new administrative assistant, an English lady with a commitment to keeping the hospital running efficiently. They were romantically involved but often at odds. Based upon the 1978 feature film of the same name."
Real People,9868,10764,None,"A weekly primetime newsmagazine that profiled funny, human interest stories. Instead of featuring celebrities, this show searched out humorous individuals, situations and events that highlighted the common man."
"Trapper John, M.D.",1039,18,None,"Trapper John, M.D. is an American television medical drama and spin-off of the film MASH, concerning a lovable doctor who became a mentor and father figure in San Francisco, California. The show ran on CBS from September 23, 1979, to September 4, 1986."
WKRP in Cincinnati,971,35,comedy,"When a Cincinnati radio station switches from sedate music to top-40 rock 'n' roll, its staff of oddball characters is forced to switch gears quickly. New programming director Andy Travis brings in a new DJ named Venus Flytrap to work with the station's burned-out veteran, Dr. Johnny Fever. Neurotic newsman Les Nessman, eager beaver Bailey Quarters, sleazy salesman Herb Tarlek, blonde bombshell Jennifer Marlowe, who serves as the station's ultra-capable receptionist, and station manager Arthur Carlson, whose domineering mother owns WKRP, round out the eccentric bunch."
Benson,1849,35,comedy,A butler deals with life at the governor's mansion.
Tenspeed and Brown Shoe,1011,"18,80,35",comedy,Tenspeed and Brown Shoe is an American detective/comedy series originally broadcast by the ABC network between January and June 1980. The series was created and executive produced by Stephen J. Cannell.
Knots Landing,2595,"18,10766",None,"The domestic adventures, misdeeds and everyday interactions of five families living on a cul-de-sac in a small California community."
"Magnum, P.I.",734,"80,18,9648",None,"A private investigator who works when he wants, lives in a beachfront estate in Hawaii, drives a posh Ferrari, runs up an unlimited tab at a swank bar, and charms attractive women in peril - that's the lifestyle of Thomas Magnum, aka Magnum, P.I."
Too Close for Comfort,3781,35,comedy,"Too Close for Comfort is an American television sitcom which ran on the ABC network from November 11, 1980 until May 5, 1983, and in first-run syndication from April 7, 1984 until September 27, 1986. It was modeled after the British series Keep It in the Family, which premiered nine months before Too Close for Comfort debuted in the U.S. Its name was changed to The Ted Knight Show when the show was retooled for its final season."
Hart to Hart,3162,"10759,80,9648",None,"Wealthy couple Jonathan and Jennifer Hart, a self-made millionaire and his journalist wife, moonlight as amateur detectives."
The Facts of Life,1803,"18,35",comedy,"Mrs. Edna Garrett, housemother and dietitian at the Eastland School, teaches a group of girls in her charge how to solve those problems that every teenager has to face."
Falcon Crest,93,"10766,18",None,"Falcon Crest is an American primetime television soap opera which aired on the CBS network for nine seasons, from December 4, 1981 to May 17, 1990. A total of 227 episodes were produced.

The series revolves around the feuding factions of the wealthy Gioberti/Channing family in the Californian wine industry. Jane Wyman starred as Angela Channing, the tyrannical matriarch of the Falcon Crest Winery, alongside Robert Foxworth as Chase Gioberti, Angela's nephew who returns to Falcon Crest following the death of his father. The series was set in the fictitious Tuscany Valley northeast of San Francisco."
Dynasty,3769,"10766,18",None,"The saga of a wealthy Denver family in the oil business: Blake Carrington, the patriarch; Krystle, his former secretary and wife; his children: Adam, lost in childhood after a kidnapping; Fallon, pampered and spoiled; Steven, openly gay; and Amanda, hidden from him by his ex-wife, the conniving Alexis. Most of the show features the conflict between 2 large corporations, Blake's Denver Carrington and Alexis' ColbyCo."
The Fall Guy,5031,"10759,80",None,Hollywood stuntman Colt Seavers picks up some extra pocket money by using his rough-and-tumble skills to track and capture bail jumpers.
Hill Street Blues,3828,"18,80",None,A realistic glimpse into the daily lives of the officers and detectives at an urban police station.
T.J. Hooker,1059,"18,80",None,"Sergeant Thomas Jefferson Hooker is a tough-as-nails veteran police officer with the LCPD who turns his back on a gold badge and goes back to patrolling the streets and training recruits. Along with his young partners in blue, Hooker take on Lake City's toughest criminals."
Simon & Simon,2102,18,None,"A.J. Simon is a polished fellow with a taste for classic cars and tailored suits. Rick Simon is his less refined (but still pleasant) older brother who has a taste for cowboy boots and four-wheel drive pickups. The two of them live in San Diego, where they own a private detective agency."
The A-Team,1516,"10759,35,80",comedy,"A fictional group of ex-United States Army Special Forces personnel work as soldiers of fortune while on the run from the Army after being branded as war criminals for a ""crime they didn't commit."""
Newhart,3004,"35,18",comedy,"Dick Loudon and his wife Joanna decide to leave life in New York City and buy a little inn in Vermont. Dick is a how-to book writer, who eventually becomes a local TV celebrity as host of ""Vermont Today."" George Utley is the handyman at the inn and Leslie Vanderkellen is the maid, with ambitions of being an Olympic Ski champion; she is later replaced by her cousin Stephanie, an heiress who hates her job. Her boyfriend is Dick's yuppie TV producer, Michael Harris. There are many other quirky characters in this fictional little town, including Dick's neighbors Larry, Darryl, and Darryl...three brothers who buy the Minuteman Cafe from Kirk Devane. Besides sharing a name, Darryl and Darryl never speak."
9 to 5,10117,35,comedy,The sitcom takes us into the further adventures of the characters from the movie of the same name.
Gloria,44330,18,None,"A nightclub singer fighting to survive and care for her sister finds strength in her ride-or-die childhood friend and a complicated spark with a troubled entertainment CEO, all while life keeps throwing hands at everyone involved."
CBS Tuesday Night Movie,56837,,None,The New CBS Tuesday Night Movies was a 90 minute program featuring two alternating characters. One was SHAFT from the movie series and Hawkins 90-minute movies.
Kate & Allie,917,"35,18,10751",comedy,"Kate & Allie is an American television situation comedy which ran from March 19, 1984, to May 22, 1989. Kate & Allie first aired on CBS as a midseason replacement series and only six episodes were initially commissioned, but the favorable response from critics and viewers alike easily convinced CBS to commit to a full season in the fall of 1984. The series was created by Sherry Coben."
Hotel,3437,"18,10766",None,"Hotel is an American prime time drama series which aired on ABC from September 21, 1983 to May 5, 1988 in the timeslot following Dynasty.

Based on Arthur Hailey's 1965 novel of the same name, the series was produced by Aaron Spelling and set in the elegant and fictitious St. Gregory Hotel in San Francisco. Establishing shots of the hotel were filmed in front of The Fairmont San Francisco atop the Nob Hill neighborhood. Episodes followed the activities of passing guests, as well as the personal and professional lives of the hotel staff."
Cagney & Lacey,4223,"80,18",None,Mary Beth Lacey and Chris Cagney are teamed up as NYPD police detectives. Their opposing personalities (one is tough and the other sensitive) mesh to make this one of the great crime-fighting duos of all time.
TV's Bloopers & Practical Jokes,10719,35,comedy,"TV's Bloopers & Practical Jokes is an American television series. Debuting as a weekly series, new episodes have been broadcast as infrequent specials during most of its run. It premiered on NBC in 1984, moved to ABC in 1998, and was revived in syndication in 2012. The NBC run of the series was co-produced by Carson Productions and Dick Clark Productions, and the ABC and syndication runs have been produced solely by Dick Clark Productions."
AfterMASH,3000,35,comedy,"AfterMASH is an American situation comedy that aired on CBS from September 26, 1983, to December 11, 1984. A spin-off of the series M*A*S*H, the show takes place immediately following the end of the Korean War and chronicles the adventures of three characters from the original series: Colonel Potter, Klinger and Father Mulcahy. M*A*S*H supporting cast-member Kellye Nakahara joined them, albeit off-camera, as the voice of the hospital's public address system. Rosalind Chao rounded out the starring cast as Soon-Lee Klinger, a Korean refugee whom Klinger met, fell in love with and married in the M*A*S*H series finale ""Goodbye, Farewell and Amen.""

AfterMASH premiered in the fall of 1983 in the same Monday night 9:00 P.M. EST. time slot as its predecessor M*A*S*H. It finished 10th out of all network shows for the 1983-1984 season according to Nielsen Media Research television ratings. For its second season CBS moved the show to Tuesday nights at 8:00 EST., opposite NBC's top ten hit The A-Team, and launched a marketing campaign featuring illustrations by Sanford Kossin of Max Klinger in a nurse's uniform, shaving off Mr. T's signature mohawk, theorizing that AfterMASH would take a large portion of The A-Team's audience. The theory, however, was proven wrong. In fact, the exact opposite occurred, as AfterMASH's ratings plummeted to near the bottom of the television rankings and the show was canceled nine episodes into its second season, while The A-Team continued until 1987, with 97 episodes."
Riptide,4379,"80,18,10759",None,"The cases of a private investigations agency run by two Vietnam War veterans and their computer geek friend from high school, armed with toughness, their own helicopter, and the third's technical ability."
Scarecrow & Mrs. King,3414,"10759,18,80",None,"Scarecrow and Mrs. King is an American television series that aired from October 3, 1983, to May 28, 1987 on CBS. The show stars Kate Jackson and Bruce Boxleitner as divorced housewife Amanda King and top-level ""Agency"" operative Lee Stetson who begin a strange association, and eventual romance, after encountering one another in a train station."
Webster,3804,35,comedy,"Webster is an American situation comedy that aired on ABC from September 16, 1983 until May 8, 1987, and in first-run syndication from September 21, 1987 until March 10, 1989. The series was created by Stu Silver.

The show stars Emmanuel Lewis in the title role as a young boy who, after losing his parents, is adopted by his NFL-pro godfather, portrayed by Alex Karras, and his new socialite wife, played by Susan Clark. The focus was largely on how this impulsively married couple had to adjust to their new lives and sudden parenthood, but it was the congenial Webster himself who drove much of the plot. The series was produced by Georgian Bay Ltd., Emmanuel Lewis Entertainment Enterprises, Inc. and Paramount Television.

Like NBC's earlier hit Diff'rent Strokes, Webster featured a young African-American boy adopted by a white family."
Knight Rider,2384,"10759,10765,80",None,"Michael Long, an undercover police officer, is shot while investigating a case and left for dead by his assailants. He is rescued by Wilton Knight, a wealthy, dying millionaire and inventor who arranges life-saving surgery, including a new face and a new identity--that of Michael Knight. Michael is then given a special computerized and indestructible car called the Knight Industries Two Thousand (nicknamed KITT), and a mission: apprehend criminals who are beyond the reach of the law. The series depicts Michael's exploits as he and KITT battle the forces of evil on behalf of the Foundation for Law and Government."
Hardcastle and McCormick,1271,"10759,18,80",None,"Hardcastle and McCormick is an American action/drama television series from Stephen J. Cannell Productions, shown on ABC from 1983 through 1986. The series stars Brian Keith as Judge Milton C. Hardcastle and Daniel Hugh Kelly as ex-con and race car driver Mark ""Skid"" McCormick. The series premise was somewhat recycled from a previous Cannell series, Tenspeed and Brown Shoe."
The Cosby Show,1759,"35,10751",comedy,"The Cosby Show is an American television situation comedy starring Bill Cosby, which aired for eight seasons on NBC from September 20, 1984 until April 30, 1992. The show focuses on the Huxtable family, an upper middle-class African-American family living in Brooklyn, New York."
Family Ties,496,"35,18,10751",comedy,"Former 1960s flower children Steven and Elyse Keaton raise their conservative son Alex, daughters Mallory and Jennifer, and later, youngest child Andrew."
"Murder, She Wrote",484,"9648,80,18",None,An unassuming mystery writer turned sleuth uses her professional insight to help solve real-life homicide cases.
Crazy Like a Fox,7208,"35,18",comedy,"Crazy Like a Fox is an American television series set in San Francisco, California, that aired on CBS from December 30, 1984 to May 3, 1986."
Cheers,141,35,comedy,The story about a blue-collar Boston bar run by former sports star Sam Malone and the quirky and wonderful people who worked and drank there.
Highway to Heaven,2440,"10751,18,10765",None,A probationary angel is sent back to Earth to team up with an ex-cop and help people.
Night Court,162,35,comedy,An eccentric fun-loving judge presides over an urban night court and all the silliness going on there.
Remington Steele,589,"18,10751,35",comedy,"Laura Holt, a licensed private detective, opens a detective agency but finds that potential clients refuse to hire a woman, however qualified. To solve the problem, Laura invents a fictitious male superior whom she names Remington Steele. Through a series of events that unfold in the first episode, ""License to Steele,"" a former thief and con man, whose real name is never revealed, assumes the identity of Remington Steele. Behind the scenes, Laura remains firmly in charge."
The Golden Girls,1678,35,comedy,"Four Southern Florida seniors share a house, their dreams, and a whole lot of cheesecake. Bright, promiscuous, clueless and hilarious, these lovely, mismatched ladies form the perfect circle of friends."
Miami Vice,1908,"80,18",None,"The story of the Miami Police Department's vice squad and its efforts to end drug trafficking and prostitution, centered on the unlikely partnership of Sonny Crockett and Ricardo Tubbs - who first meet when Tubbs is undercover in a drug cartel."
Who's the Boss?,634,35,comedy,"A former professional baseball player, along with his preteen daughter, moves into New York advertising executive Angela Bower's house to be both a housekeeper and a father figure to her young son. Tony 's laid-back personality contrasts with Angela's type-A behavior."
Growing Pains,54,35,comedy,"Fatherhood has taken on a whole new meaning for Jason Seaver, who has assumed the chores of cooking, cleaning and minding the kids so that his wife, Maggie, can pursue a career in journalism after spending 15 years as a housewife."
You Again?,5168,35,comedy,"You Again? is an American situation comedy based on the British sitcom ""Home To Roost"" that was broadcast by NBC from February 27, 1986, to March 30, 1987, for two seasons. When Matthew Willows (John Stamos) was 10 years old, his parents got divorced, and Matthew chose to live with his mother. Now, seven years later, he's on his father's doorstep—and his dad, Henry Willows (Jack Klugman), is not thrilled. This kid is less than a model teenager: he drinks, he smokes, he curses, he lies. Not that Henry, a grouchy old bird, is any prize himself. But Matt moves in ""temporarily."" Henry makes him drop most of those bad habits, and Matt brings a little youthful exuberance into the Willows household, which includes Enid (Elizabeth Bennett), the part-time housekeeper."
227,1938,"35,10751",comedy,"A housewife sits on the stoop of her apartment building in a black neighborhood of Washington, D.C., and discusses all manner of things with her neighbors."
Moonlighting,1998,"35,18,9648,80",comedy,"After being duped and going bankrupt, model Maddie is convinced by David to become a partner in a detective agency. Together they solve various cases, while getting comfortable with each other."
Valerie,28274,35,comedy,"Joe, who works at his dad's plumbing store, meets Valerie at a disco and a romance begins. But Joe's roommates, hearse driver Paulie and chauvinist Frankie interfer as does Valerie's divorced mother Stella with whom she lives."
Amen,5221,"35,10751",comedy,"Amen is an American television sitcom produced by Carson Productions that ran from September 27, 1986 to May 11, 1991 on NBC. Set in Sherman Hemsley's real-life hometown of Philadelphia, Amen stars Hemsley as the deacon of a church and was part of a wave of successful sitcoms on NBC in the 1980s which featured entirely or almost-entirely black casts. Others included The Cosby Show, A Different World, and 227."
Matlock,2093,"18,80",None,"Thrifty, folksy and cantankerous, Matlock charges a premium for his services but is worth every penny: This renowned attorney, always clothed in his trademark light-gray suit and driving his signature Ford Crown Victoria, has an uncanny knack for finding overlooked clues and exposing murderers in dramatic courtroom scenes."
L.A. Law,732,"18,10768",None,"L.A. Law is an American television legal drama series that ran for eight seasons on NBC from September 15, 1986, to May 19, 1994.

Created by Steven Bochco and Terry Louise Fisher, it contained many of Bochco's trademark features including a large number of parallel storylines, social drama and off-the-wall humor. It reflected the social and cultural ideologies of the 1980s and early 1990s, and many of the cases featured on the show dealt with hot-topic issues such as abortion, racism, gay rights, homophobia, sexual harassment, AIDS, and domestic violence. The series often also reflected social tensions between the wealthy senior lawyer protagonists and their less well-paid junior staff.

The show was popular with audiences and critics, and won 15 Emmy Awards throughout its run, four of which were for Outstanding Drama Series."
My Sister Sam,9809,"35,10751",comedy,My Sister Sam is an American situation comedy series that aired on CBS from October 1986 to April 1988. The series stars Pam Dawber and Rebecca Schaeffer.
ALF,4658,"35,10751,10765",comedy,A furry alien wiseguy comes to live with a terran family after crashing into their garage.
Hunter,45952,"10765,10759,16,35,18",comedy,"Gon Freecss discovers that the father he had always been told was dead was actually alive the whole time. Ging is a famous Hunter: an individual who has proven themself an elite member of humanity. Gon becomes determined to follow in his father's footsteps, pass the rigorous Hunter Examination."
Head of the Class,2589,"35,10751",comedy,"Head of the Class is an American sitcom that ran from 1986 to 1991 on the ABC television network.

The series follows a group of gifted students in the Individualized Honors Program at the fictional Monroe High School in Manhattan, and their history teacher Charlie Moore. The program was ostensibly a vehicle for Hesseman, best known for his role as radio DJ Dr. Johnny Fever in the sitcom WKRP in Cincinnati. Hesseman left Head of the Class in 1990 and was replaced by Billy Connolly as teacher Billy MacGregor for the final season. After the series ended, Connolly appeared in a short-lived spin-off titled Billy.

The series was created and executive produced by Rich Eustis and Michael Elias. Rich Eustis had previously worked as a New York City substitute teacher while hoping to become an actor."
A Different World,115,"35,10751",comedy,"A Different World is a spin-off series from The Cosby Show and originally centered on Denise Huxtable and the life of students at Hillman College, a fictional mixed but historically black college in the state of Virginia. After Bonet's departure in the first season, the remainder of the series primarily focused more on Southern belle Whitley Gilbert and mathematics whiz Dwayne Wayne. The series frequently depicted members of the major historically black fraternities and sororities."
The Wonder Years,4500,"35,18,10751",comedy,"The story of Kevin Arnold facing the trials and tribulations of youth while growing up during the 1960s and 70s. Told through narration from an adult Kevin, Kevin faces the difficulties of maintaining relationships and friendships on his enthralling journey into adulthood."
In the Heat of the Night,862,"80,18",None,"In the Heat of the Night is an American television series based on the motion picture and novel of the same name starring Carroll O'Connor as the white police chief William Gillespie, and Howard Rollins as the African-American police detective Virgil Tibbs. It was broadcast on NBC from 1988 until 1992, and then on CBS until 1995. Its executive producers were Fred Silverman, Juanita Bartlett and Carroll O'Connor. TGG Direct released the first season of the series to DVD on August 28, 2012."
My Two Dads,1862,35,comedy,"Joey and Michael, who fought over the same woman 13 years ago now have, upon her death, been awarded joint custody of her daughter - who might be either of theirs. So how do the men settle their problems? With a paternity test? No way. Instead, they all move in together to raise Nicole as a two-dad nuclear family. Under the watchful eye of the family court judge, dads and daughter adjust to their new situation."
Valerie's Family,4453,"35,10751",comedy,"The Hogan Family is an American television situation comedy that aired on NBC from March 1, 1986 to May 7, 1990, and on CBS from September 15, 1990 until July 20, 1991. It was produced by Miller-Boyett Productions, along with Tal Productions, Inc., and in association with Lorimar Productions, Lorimar-Telepictures and Lorimar Television.

The show was originally titled Valerie and starred Valerie Harper as a mother trying to juggle her career with raising her three sons by her often-absent airline-pilot husband. Harper was written out of the series after the second season because of a dispute with the show's producers. Sandy Duncan joined the cast as the boys' aunt, who moved in and became their surrogate mom. During the show's third season, the series was known as Valerie's Family: The Hogans, then simply as The Hogan Family."
Day by Day,9775,35,comedy,"Day by Day is an American sitcom starring Douglas Sheehan, Linda Kelsey, Christopher Daniel Barnes, Julia Louis-Dreyfus, Courtney Thorne-Smith, and Thora Birch. Day by Day was telecast from February 29, 1988, through June 25, 1989, on NBC."
Aaron's Way,9941,18,None,"Aaron's Way is a 1988 American family drama series that aired on NBC. The series stars Merlin Olsen as Aaron Miller, the husband and father of an Amish family that moves to California. The series follows the attempts of family members to adapt to California culture while retaining their personal values. Also appearing on the series were Samantha Mathis and Belinda Montgomery."
Roseanne,2706,35,comedy,"A working-class family struggles to get by on a limited income in the fictional town of Lanford, Illinois."
Empty Nest,2823,"10751,35",comedy,"Widowed pediatrician Harry Weston is a miracle worker when it comes to dealing with his young patients, but he's more challenged by the other people surrounding him: daughters Barbara and Carol; his wisecracking office assistant, nurse LaVerne Todd; and obnoxious neighborhood mooch Charley Dietz. Thank goodness he always finds a friendly shoulder (and a warm, wet tongue) in Dreyfuss, his enormous dog."
Anything but Love,5117,35,comedy,"Anything But Love is an American television sitcom, which aired on ABC from March 7, 1989 to June 3, 1992, spanning four seasons and 56 episodes. The show starred Richard Lewis as Marty Gold and Jamie Lee Curtis as Hannah Miller, coworkers at a Chicago magazine with a mutual romantic attraction to each other, who struggled to keep their relationship strictly professional. The series, from creator Wendy Kout and developers Dennis Koenig and Peter Noah, was produced by Adam Productions in association with 20th Century Fox Television."
Dear John,10838,35,comedy,"Dear John starred Judd Hirsch as easygoing Drake Prep high school teacher John Lacey who is dumped by his wife, Wendy, via a Dear John letter. Wendy ends up with everything in the divorce settlement, including custody of the couple's son, forcing John to move into an apartment in Ozone Park, Queens. John soon joins the One-2-One Club, a self help group for divorced, widowed or lonely people. The group is led by Louise (Jane Carr), a sex-obsessed British woman. Other members of the group include Kate McCarron (Isabella Hofmann), a sweet divorcée; Kirk Morris (Jere Burns), a cocky ladies' man; Ralph Drang (Harry Groener), a shy and neurotic tollbooth collector; Bonnie Philbert (Billie Bird), a feisty senior citizen; and Tom, Mrs. Philbert's quiet boyfriend (Tom Willett)."
Unsolved Mysteries,126,"9648,18,80",None,"Combines four to five segments of dramatic re-enactments, interviews and updates of real human and paranormal mysteries. An audience interactive call-to-action request allowed viewers to call in with tips to help solve the cases."
The Hogan Family,4453,"35,10751",comedy,"The Hogan Family is an American television situation comedy that aired on NBC from March 1, 1986 to May 7, 1990, and on CBS from September 15, 1990 until July 20, 1991. It was produced by Miller-Boyett Productions, along with Tal Productions, Inc., and in association with Lorimar Productions, Lorimar-Telepictures and Lorimar Television.

The show was originally titled Valerie and starred Valerie Harper as a mother trying to juggle her career with raising her three sons by her often-absent airline-pilot husband. Harper was written out of the series after the second season because of a dispute with the show's producers. Sandy Duncan joined the cast as the boys' aunt, who moved in and became their surrogate mom. During the show's third season, the series was known as Valerie's Family: The Hogans, then simply as The Hogan Family."
America's Funniest Home Videos,4448,"35,10767,10764",comedy,America's Funniest Home Videos is the longest-running primetime entertainment show in ABC history. Each week AFV shines the spotlight on hilarious videos. Fans tune in to witness failures and fiascos and to submit their own mishaps for their chance at stardom.
Chicken Soup,12880,35,comedy,
Grand,79166,"16,35",comedy,A college student joins the local diving club after meeting some rowdy upperclassmen. New adventures in booze and the ocean await.
Coach,2455,35,comedy,"Hayden Fox, the curmudgeonly coach of Minnesota State University's Screaming Eagles football team, tries to navigate his way through the sports world, fatherhood and family life without dropping the ball."
Full House,4313,"35,10751",comedy,"After the death of his wife, Danny enlists his best friend and his brother-in-law to help raise his three daughters, D.J., Stephanie, and Michelle."
Designing Women,712,35,comedy,"Julia Sugarbaker, Mary Jo Shively, Charlene Frazier-Stillfield and Suzanne Sugarbaker are associates at their design firm, Sugarbaker and Associates. Julia is the owner and is very outspoken and strong-willed. Mary Jo is a divorced single-parent whom is just as strong-willed as Julia, but isn't as self-confident. Charlene is the naive and trusting farm girl from Poplar Bluff, Missouri. Suzanne is the self-centered ex-beauty queen whom has a number of wealthy ex-husbands."
Murphy Brown,3219,35,comedy,"Murphy Brown (Candice Bergen) is a recovering alcoholic who returns to the fictional newsmagazine FYI for the first time following a stay at the Betty Ford Clinic residential treatment center. Over 40 and single, she is sharp tongued and hard as nails. In her profession, she is considered one of the boys, having shattered many glass ceilings encountered during her career. Dominating the FYI news magazine, she is portrayed as one of America's hardest-hitting (though not the warmest or more sympathetic) media personalities."
The Simpsons,456,"10751,16,35",comedy,"Set in Springfield, the average American town, the show focuses on the antics and everyday adventures of the Simpson family; Homer, Marge, Bart, Lisa and Maggie, as well as a virtual cast of thousands. Since the beginning, the series has been a pop culture icon, attracting hundreds of celebrities to guest star. The show has also made name for itself in its fearless satirical take on politics, media and American life in general."
"Doogie Howser, M.D.",1750,"18,35",comedy,"Doogie Howser is a doctor. He is also a 16-year-old genius who graduated college at age 10 and finished medical school at age 14. But he is still a teenager, with normal teenage friends and problems. But unlike a normal teenager, he is just learning to drive while also consulting on serious medical cases like heart transplants."
America's Funniest People,4404,"10764,35",comedy,"America's Funniest People is an American reality series on ABC that debuted on May 1, 1990 as an hour-long special, and later as a weekly half-hour prime time series from September 8, 1990 to August 28, 1994. It was hosted by Dave Coulier and Arleen Sorkin from 1990 to 1992. Tawny Kitaen replaced Sorkin in 1992. The announcer was Ernie Anderson. Dan Slider composed the theme song, which was performed by Peter Hix."
Family Matters,2685,"35,10751",comedy,"A long-running dramedy centering on the Winslow family, a middle-class African American family living in Chicago, and their pesky next-door neighbor, ultra-nerd Steve Urkel. A spin-off of Perfect Strangers."
Major Dad,3484,"35,10751",comedy,"Major Dad is an American sitcom created by Richard C. Okie and John G. Stephens, developed by Earl Pomerantz, that originally ran from 1989 to 1993 on CBS, starring Gerald McRaney as Major John D. MacGillis and Shanna Reed as his wife Polly. The cast also includes Beverly Archer, Matt Mulhern, Jon Cypher, Marisa Ryan, Nicole Dubuc and Chelsea Hertford."
Baby Talk,9825,"35,10762",comedy,"Baby Talk is an American sitcom that aired on ABC from March 8, 1991 until May 8, 1992 as part of ABC's TGIF lineup. The show was loosely based on the popular Look Who's Talking movies and was adapted for television by Ed Weinberger. Amy Heckerling created original characters for the series while using key creative and script elements from Look Who's Talking, which she had written and directed. Weinberger served as executive producer during the first season, and was replaced by Saul Turteltaub and Bernie Orenstein in the second season."
Davis Rules,5450,35,comedy,"Dwight Davis, a widower and grade-school principal, is raising three sons with help from his wacky father Gunny...

Davis Rules is an American sitcom broadcast on ABC in 1991 and on CBS in 1992. The series was produced by Carsey-Werner Productions."
Home Improvement,1558,35,comedy,"The daily trials and tribulations of handyman Tim Taylor, a TV show host raising three boys with help from his loyal co-host, domineering wife, and unseen neighbor."
Room for Two,32145,,None,"Room for Two is an American situation comedy starring Linda Lavin that also featured Patricia Heaton as Jill Kurland, a producer of a New York City television show called Wake Up, New York. The show focused on Jill's relationship with her mother from Ohio, played by Lavin, who joined Jill's show as a result of her humorous and misplaced opinions and criticisms."
Evening Shade,390,35,comedy,"Evening Shade is an American sitcom television series that aired on CBS from 1990 to 1994. The series stars Burt Reynolds as Wood Newton, an ex-professional football player for the Pittsburgh Steelers, who returns to rural Evening Shade, Arkansas to coach a high school football team with a long losing streak. Reynolds personally requested to use the Steelers as his former team because he is a fan.

The general theme of the show is the appeal of small town life. Episodes ended with a closing narration by Ossie Davis summing up the events of the episode, always closing with ""... in a place called Evening Shade."" The show's final episode saw the guest appearances of Willie Nelson and Buzz Aldrin as escaped convicts on the run from authorities, the final scene being a spectacular shoot-out reminiscent of the final scene of Butch Cassidy and the Sundance Kid.

The opening segment included clips from around Arkansas, including the famous McClard's Bar-be-que, which is situated on Albert Pike Blvd. and South Patterson St. in Hot Springs National Park."
Northern Exposure,4396,"35,18,10765",comedy,"After receiving a scholarship from the state, a recent Columbia University medical school graduate is required to set up his practice in an eccentric Alaskan town."
Wings,2506,"35,18",comedy,Brothers Brian and Joe Hackett attempt to run an airline on the New England island of Nantucket while surrounded by their various wacky friends and employees.
20/20,2035,"10763,99",None,"20/20 is an American television newsmagazine that has been broadcast on ABC since June 6, 1978. Created by ABC News executive Roone Arledge, the show was designed similarly to CBS's 60 Minutes but focuses more on human interest stories than international and political subjects. The program's name derives from the ""20/20"" measurement of visual acuity.

The hour-long program has been a staple on Friday evenings for much of the time since it moved to that timeslot from Thursdays in September 1987, though special editions of the program occasionally air on other nights."
The Fresh Prince of Bel-Air,1892,"35,10751",comedy,"Will, a street-smart teenager, moves from the tough streets of West Philly to posh Bel-Air to live with his Uncle Philip, Aunt Vivian, his cousins — spoiled Hilary, preppy Carlton and young Ashley — and their sophisticated British butler, Geoffrey. Though Will’s antics and upbringing contrast greatly with the upper-class lifestyle of his extended relatives, he soon finds himself right at home as a loved part of the family."
48 Hours,3719,"10763,80,99",None,"This newsmagazine series investigates intriguing crime and justice cases that touch on all aspects of the human experience. Over its long run, the show has helped exonerate wrongly convicted people, driven the reopening — and resolution — of cold cases, and changed numerous lives. CBS News correspondents offer an in-depth look into each story, with the emphasis on solving the mystery at its heart."
Murder She Wrote,484,"9648,80,18",None,An unassuming mystery writer turned sleuth uses her professional insight to help solve real-life homicide cases.
Rescue 911,10477,"18,99",None,"Rescue 911 is an informational reality-based television series that premiered on April 18, 1989 and ended on August 27, 1996. The series was hosted by William Shatner and featured reenactments of emergency situations that often involved calls to 911.

Though never intended as a teaching tool, various viewers used the knowledge they obtained watching the show. Two specials, titled ""100 Lives Saved"" and ""200 Lives Saved,"" were dedicated to viewers who had written to CBS with their stories on how the knowledge they obtained watching the show allowed them to save the life of someone else. At least 350 lives have been saved as a result of what viewers learned from watching it. The show's popularity coincided with the widespread adoption of the 911 emergency system, replacing standalone police and fire numbers that would vary from municipality to municipality. The number is now universally understood in the United States and Canada to be the number dialed for emergency assistance nationwide."
CBS Tuesday Movie,39028,,None,
Love & War,9240,35,comedy,A woman running a bar in New York City while trying to maintain a romance with an egotistical opinionated columnist.
Hangin' with Mr. Cooper,4438,35,comedy,"Former NBA player Mark Cooper becomes a dedicated teacher and basketball coach in Oakland after his playing career ends. When he's not dealing with his students and players, Mark spends time with his gorgeous female roommate and other friends."
The Jackie Thomas Show,30950,,None,"The Jackie Thomas Show is an American sitcom that aired on the ABC network from December 1992 to March 1993. The series received widespread attention due to its creators Roseanne Arnold, then starring in the fifth season of her top-rated comedy Roseanne, and her husband and Roseanne co-producer Tom Arnold. The Jackie Thomas Show starred Tom Arnold as a misanthropic sitcom actor."
Hearts Afire,2779,35,comedy,"Frustrations and sparks fly in Washington, D.C. when a strict conservative hires a free spirited journalist as his boss's press secretary. Their mismatched political views lead to arguments... and attraction."
Primetime Live,742,10763,None,Primetime is an American news magazine show which debuted on ABC in 1989 with co-hosts Sam Donaldson and Diane Sawyer and originally had the title Primetime Live.
"Dr. Quinn, Medicine Woman",4324,"37,18",None,Dr. Michaela Quinn journeys to Colorado Springs to be the town's physician after her father's death in 1868.
Seinfeld,1400,35,comedy,A stand-up comedian and his three offbeat friends weather the pitfalls and payoffs of life in New York City in the '90s. It's a show about nothing.
Blossom,4545,"18,35,10751",comedy,"Blossom Russo is a highly intelligent and spunky teenager. The youngest of three, she lives with her divorced musician father, Nick, eldest brother and recovering substance abuser Anthony, and decidedly not-so-bright middle brother Joey. Along for the ride is Blossom's ditzy best friend, Six, who sometimes shows flashes of great perception."
Grace Under Fire,3394,35,comedy,"Grace Kelly is a tough woman with kids to raise. A recently divorced recovering alcoholic, Grace struggles with the pressures of being a single mother supporting three children. Grace doesn't always handle situations with, well, grace, but she does get results."
Frasier,3452,"35,10751",comedy,"After many years spent at the “Cheers” bar, Frasier moves back home to Seattle to work as a radio psychiatrist after his policeman father gets shot in the hip on duty."
Thunder Alley,14336,"35,18,10751",comedy,"Thunder Alley is an American sitcom which aired from March 9, 1994 to July 4, 1995 on ABC."
NYPD Blue,194,18,None,"Police drama set in New York City, exploring the internal and external struggles of the fictional 15th precinct of Manhattan. Each episode typically intertwined several plots involving an ensemble cast."
Turning Point,110329,10768,None,
Dave's World,10463,35,comedy,Dave's World is an American sitcom that aired on CBS from 1993 to 1997. The series is based on the writing of Miami Herald columnist Dave Barry.
Homicide: Life on the Street,4464,"9648,18,80",None,An American police procedural chronicling the work of a fictional version of the Baltimore Police Department's Homicide Unit.
Phenom,3705,35,comedy,"A teenage tennis prodigy tries to balance a social life with her  ambition for stardom, under constant pressure from her driven coach, but  with lots of support from her mom."
ER,4588,18,None,ER explores the inner workings of an urban teaching hospital and the critical issues faced by the dedicated physicians and staff of its overburdened emergency room.
Friends,1668,35,comedy,"Six young people from New York City, on their own and struggling to survive in the real world, find the companionship, comfort and support they get from each other to be the perfect antidote to the pressures of life."
Mad About You,500,35,comedy,"Young, urban newlyweds Paul and Jamie Buchman try to sustain their marital bliss while sidestepping the hurdles of love in the '90s."
Madman of the People,9942,35,comedy,"Madman of the People is an American sitcom that aired on NBC from 1994 to 1995. It was scheduled in the Thursday 9:30 timeslot, part of Must See TV.

Madman of the People was produced by Kreiscluesco Industries/Spelling Television."
Ellen,271,35,comedy,"Ellen works in a Los Angeles bookstore called Buy the Book and hangs around with her friends discussing lovers, work and family."
Hope and Gloria,1115,35,comedy,"Hope and Gloria is an American sitcom produced by Warner Bros. Television and aired on NBC from March 9, 1995, through June 22, 1996. The show was canceled after 35 episodes. It starred Cynthia Stevenson and Jessica Lundy, respectively, as the titular characters, both working in an office environment in downtown Pittsburgh. The program also starred Alan Thicke as a local talk show host and featured Enrico Colantoni in one of his first regular roles on television.

The series was broadcast in Britain on ITV during the 1996 summer holiday, going out Monday to Friday for seven weeks."
Me and the Boys,17925,35,comedy,"Widower Steve Tower is raising three very different sons, Artis, William, and Andrew, with the help of his mother-in-law, Mary. When not at his video store, he is interacting with Artis, William, or Andrew, or his girlfriend, Amelia."
Cybill,2702,35,comedy,"Cybill is an American television sitcom created by Chuck Lorre, which aired on CBS from January 2, 1995, to July 13, 1998. Starring, Cybill Shepherd, the show revolves around the life of Cybill Sheridan, a twice-divorced single mother of two and struggling actress in her 40s, who has never gotten her big show business break."
The Nanny,2352,"35,10751",comedy,"That flashy girl from Flushing with the heart of an angel (and the voice of a slighty more nasal angel). The comic misadventures of the sweet and sassy Fran Fine, her sophisticated employer, Broadway producer Mr. Sheffield, his boisterous brood and his wisecracking staff."
Law & Order,549,"80,18",None,"In cases ripped from the headlines, police investigate serious and often deadly crimes, weighing the evidence and questioning the suspects until someone is taken into custody. The district attorney's office then builds a case to convict the perpetrator by proving the person guilty beyond a reasonable doubt. Working together, these expert teams navigate all sides of the complex criminal justice system to make New York a safer place."
Chicago Hope,6467,"10766,18",None,"Chicago Hope is an American medical drama television series, created by David E. Kelley. It ran on CBS from September 18, 1994, to May 4, 2000. The series is set in a fictional private charity hospital in Chicago, Illinois."
The Martin Short Show,27306,"10767,35",comedy,A syndicated talk show hosted by actor Martin Short with announcer/sidekick Michael McGrath.
Caroline in the City,1850,"35,18,16",comedy,Caroline Duffy is a successful cartoonist in Manhattan whose eclectic friends are sometimes the subjects of her comic strip.
The Single Guy,2036,35,comedy,
Boston Common,868,35,comedy,"After moving to Boston from Virginia, to spy on his sister who just started college, Boyd finds himself working for the student union where he raises hell more often than he should."
"Walker, Texas Ranger",3772,"18,37,80",None,"Modern-day Texas Ranger, Cordell Walker's independent crime-solving methods have their roots in the rugged traditions of the Old West. Walker's closest friend is former Ranger, C.D. Parker, who retired after a knee injury, and now owns ""C.D.'s,"" a Country/Western saloon/restaurant. Rookie Ranger, James ""Jimmy"" Trivette is an ex-football player who bases his crime-solving methods on reason and uses computers and cellular phones. Alex Cahill is the Assistant DA who shares a mutual attraction with Walker, but often disagrees with his unorthodox approach to law enforcement."
3rd Rock from the Sun,155,"10751,10765,35,18",comedy,"The high commander of an alien expedition lands on Earth -- what he considers to be the least-important planet -- in human form as Dick Solomon. Along for the ride are his alien compatriots Harry, Sally and Tommy -- who is the eldest of the group but is now angrily trapped in a teen's body."
The Naked Truth,11894,35,comedy,"The Naked Truth is an American sitcom broadcast on ABC from 1995 to 1996, and on NBC from 1996 to 1998. The series stars Téa Leoni and Holland Taylor.

After a messy divorce with her very rich and powerful husband, Nora Wilde refuses to accept his offer of $1.8 million and tries to make it on her own. Being a Pulitzer nominated photographer, the only place that even considers hiring her is sleazy tabloid The Comet. She's forced to accept and starts as a regular papparazzo."
Can't Hurry Love,15595,35,comedy,A single 30-something woman living in New York searches for romance with the help -- or hindrance -- of her three friends.
The Dana Carvey Show,10046,35,comedy,Comics offer their takes on controversial subjects.
Suddenly Susan,1076,35,comedy,"Susan Keane is a glamorous San Francisco magazine writer beginning to adjust to being single, who learns to be independent-minded, after being taken care of all her life."
Fired Up,10325,35,comedy,"Fired Up is a short-lived 1997–1998 situation comedy airing on NBC. It lasted for two seasons and 28 episodes. The series, the first from Grammnet Productions, starred Sharon Lawrence and Leah Remini. The series was about a self-centered promotions executive and her mouthy assistant. The pair got fired from their jobs, and instead of getting other jobs, they teamed up to create a business as equal partners."
Touched by an Angel,2243,"10765,18,10751",None,"Monica, an angel, is tasked with bringing guidance and messages from God to various people who are at a crossroads in their lives."
Spin City,2359,"35,18",comedy,"Workaholic Mike Flaherty is the Deputy Mayor of New York City, serving as Mayor Randall Winston's key strategist and much-needed handler. Mike runs the city with the help of his oddball staff: an anxious and insecure press secretary; a sexist, boorish chief of staff; an impeccably groomed gay activist running minority affairs; a sharp and efficient, man-crazy accountant; and an idealistic young speechwriter. Like Mike, they are all professionally capable but personally challenged."
The Drew Carey Show,97,35,comedy,"Drew is an assistant director of personnel in a Cleveland department store and he has been stuck there for ten years. Other than fighting with co-worker Mimi, his hobbies include drinking beer and not being able to get dates. To make a few extra bucks he has a micro-brewery going in his garage with his buddies."
Cosby,1759,"35,10751",comedy,"The Cosby Show is an American television situation comedy starring Bill Cosby, which aired for eight seasons on NBC from September 20, 1984 until April 30, 1992. The show focuses on the Huxtable family, an upper middle-class African-American family living in Brooklyn, New York."
The X-Files,4087,"9648,10765,80",None,"The exploits of FBI Special Agents Fox Mulder and Dana Scully who investigate X-Files: marginalized, unsolved cases involving paranormal phenomena. Mulder believes in the existence of aliens and the paranormal while Scully, a skeptic, is assigned to make scientific analyses of Mulder's discoveries that debunk Mulder's work and thus return him to mainstream cases."
Veronica's Closet,603,35,comedy,"Veronica 'Ronnie' Chase is the 'Queen of Romance.' Founder of a successful lingerie empire, and best-selling author of self-help romance books, Ronnie has it all ... money, success, sex appeal and a philandering husband. How she will find true happiness without jeopardizing her business will be her biggest challenge yet. "
Union Square,11986,35,comedy,A lawyer-turned-playwright in New York City attempts to gain inspiration from a host of characters populating the fictitious Union Square cafe in Manhattan.
Just Shoot Me!,4576,35,comedy,"See the inner workings of a high-style magazine owned by Jack Gallo, who has hired his quick-tempered but talented daughter, Maya, to write for the publication. Challenging her at every turn is Nina, a vain and superficial former model. Then there's photographer Elliot, a man who is very popular with his portrait subjects as well as other women. completing the core staff is her father's assistant, Dennis, a glorified secretary who is generally disrespectful to one and all."
Diagnosis: Murder,2625,"18,10751,9648,80",None,"Dr. Mark Sloan is a good-natured, offbeat physician who is called upon to solve murders."
King of the Hill,2122,"16,35,10751",comedy,"Set in Texas, this animated series follows the life of propane salesman Hank Hill, who lives with his overly confident substitute Spanish teacher wife Peggy, wannabe comedian son Bobby, and naive niece Luanne. Hank has conservative views about God, family, and country, but his values and ethics are often challenged by the situations he, his family, and his beer-drinking neighbors/buddies find themselves in."
Dharma & Greg,3461,35,comedy,"Dharma & Greg is an American television sitcom that aired from September 24, 1997, to April 30, 2002.

It stars Jenna Elfman and Thomas Gibson as Dharma and Greg Montgomery, a couple who got married on their first date despite being complete opposites. The series is co-produced by Chuck Lorre Productions, More-Medavoy Productions and 4 to 6 Foot Productions in association with 20th Century Fox Television for ABC. The show's theme song was written and performed by composer Dennis C. Brown.

Created by executive producers Dottie Dartland and Chuck Lorre, the comedy took much of its inspiration from so-called culture-clash ""fish out of water"" situations. The show earned eight Golden Globe nominations, six Emmy Award nominations, and six Satellite Awards nominations. Elfman earned a Golden Globe in 1999 for Best Actress."
Hiller and Diller,30662,,None,
Everybody Loves Raymond,2140,35,comedy,"Ray Barone is a successful sportswriter living on Long Island with his wife Debra, daughter Ally, and twin sons, Geoffrey and Michael. Ray's meddling parents, Frank and Marie, and brother, Robert, live directly across the street."
Jesse,4522,35,comedy,"Jesse Warner is a 26-year-old single mother juggling between her job, her dreams and her family responsibilities."
Providence,1638,18,None,Providence is an American television drama series.
JAG,4376,"18,10759,80",None,"Harmon ""Harm"" Rabb Jr. is a former pilot turned lawyer working for the military's JAG (Judge Advocate General) division, the elite legal wing of officers that prosecutes and defends those accused of military-related crimes. He works closely with Lt. Col. Sarah Mackenzie, and together they do what needs to be done to find the truth."
Becker,4477,35,comedy,"Becker is a dedicated, outspoken and talented doctor with a gruff exterior. While he tends to offend those who try to get close to him, he is extremely dedicated to his medical practice in the Bronx, N.Y., where he always goes the extra mile to help those in need. But Dr. John Becker looks at the world around him and sees a society gone mad, full of incongruities and just plain wrong thinking. And he has no qualms about saying anything that comes to mind – anything."
Ally McBeal,1480,"18,35",comedy,"Ally McBeal is a young lawyer working at the Boston law firm Cage and Fish.  Ally's lives and loves are eccentric, humorous, dramatic with an incredibly overactive imagination that's working overtime!"
60 Minutes II,2333,,None,"60 Minutes II was a weekly primetime news magazine television program that was intended to replicate the ""signature style, journalistic quality and integrity"" of the original 60 Minutes series.

It aired on CBS on Wednesdays, then later moved to Fridays at 8 p.m. The original 60 Minutes continued airing on Sunday nights throughout the run of 60 Minutes II. The first edition of 60 Minutes II ran on January 13, 1999. Its final airing was September 2, 2005.

60 Minutes II was renamed 60 Minutes by CBS for the fall of 2004. CBS News president Andrew Heyward stated at the time, ""The Roman numeral II created some confusion on the part of the viewers and suggested a watered-down version."" The show was later renamed 60 Minutes Wednesday to differentiate it from the original 60 Minutes Sunday edition, but reverted to its original title on July 8, 2005, when the show moved to the 8 p.m. Friday timeslot, where it completed its run."
The Practice,3050,18,None,"A provocative legal drama focused on young associates at a bare-bones Boston firm and their scrappy boss, Bobby Donnell. The show's forte is its storylines about “people who walk a moral tightrope.”"
Stark Raving Mad,353,35,comedy,A neurotic book editor is paired with an eccentric writer.  The series stars Tony Shalhoub and Neil Patrick Harris.
Judging Amy,2026,18,None,"Judging Amy is an American television drama that was telecast from September 19, 1999, through May 3, 2005, on CBS-TV. This TV series starred Amy Brenneman and Tyne Daly. Its main character is a judge who serves in a family court, and in addition to the family-related cases that she adjudicates, many episodes of the show focus on her own experiences as a divorced mother, and on the experiences of her mother, a social worker who works in the field of child welfare. This series was based on the life experiences of Brenneman's mother."
The West Wing,688,18,None,The West Wing provides a glimpse into presidential politics in the nation's capital as it tells the stories of the members of a fictional presidential administration. These interesting characters have humor and dedication that touches the heart while the politics that they discuss touch on everyday life.
Family Law,9877,"18,35,80",comedy,"Family attorney and mom, Lynn Holt, has had to scramble to keep her family and her law firm together, since her husband left her and took most of their joint law practice with him. Although the attorneys are carting plenty of life's baggage, they're all determined to make the most of this unexpected second chance—and make each month's mortgage payment."
Malcolm in the Middle,2004,35,comedy,"A gifted young teen tries to survive life with his dimwitted, dysfunctional family."
Law & Order: Special Victims Unit,2734,"80,18,9648",None,"In the criminal justice system, sexually-based offenses are considered especially heinous. In New York City, the dedicated detectives who investigate these vicious felonies are members of an elite squad known as the Special Victims Unit. These are their stories."
Survivor,14658,10764,None,"A reality show contest where sixteen or more castaways split between two or more “Tribes” are taken to a remote isolated location and are forced to live off the land with meager supplies for roughly 39 days. Frequent physical challenges are used to pit the tribes against each other for rewards, such as food or luxuries, or for “Immunity”, forcing the other tribe to attend “Tribal Council”, where they must vote off one of their players."
CSI: Crime Scene Investigation,1431,"80,18,9648",None,"A Las Vegas team of forensic investigators are trained to solve criminal cases by scouring the crime scene, collecting irrefutable evidence and finding the missing pieces that solve the mystery."
Will & Grace,4454,35,comedy,"Will Truman and Grace Adler are best friends living in New York, and when Grace's engagement falls apart, she moves in with Will. Together, along with their friends, they go through the trials of dating, sex, relationships and their careers, butting heads at times but ultimately supporting one another while exchanging plenty of witty banter along the way."
Temptation Island,85904,10764,None,Couples travel to a tropical paradise where they are forced to decide if they're ready to commit to one another for the rest of their lives. A reboot of the 2001 reality series.
Cursed/The Weber Show,25796,35,comedy,"Cursed, later renamed The Weber Show, is an American sitcom that ran on NBC from 2000–2001. It starred Steven Weber, Amy Pietz, Wendell Pierce, and Chris Elliot.

The show is notable for having an abrupt title change in the middle of its first season. The initial premise was that its protagonist had been cursed by an ex-girlfriend and thus constantly encountered bad luck. The show failed to find an audience, and so midway through the season the entire ""bad luck"" angle was abruptly dropped. The show was revamped as a more traditional sitcom and renamed The Weber Show. In spite of the change, the show still struggled and was canceled at the end of the season, leaving a cliffhanger unresolved. The show's theme song was written and performed by Liz Phair."
The King of Queens,4238,35,comedy,"Life’s good for deliveryman Doug Heffernan, until his newly widowed father-in-law, Arthur, moves in with him and his wife Carrie. Doug is no longer the king of his domain, and instead of having a big screen television in his recently renovated basement, he now has a crazy old man."
"Yes, Dear",4599,35,comedy,"A comedy about two young couples and their outrageously contrasting views on parenting. Greg and Kim Warner struggle on a daily basis to become perfect at the job. Kim is a neurotic, stay-at-home mother, and although her husband, Greg, is a success in his career, his more difficult job is keeping his wife calm as they raise their two young children. While Kim is determined to be the perfect mother and perfect wife and to raise the perfect children, her sister, Christine Hughes, a very down-to-earth mother of two, continually reminds her that life will never be perfect. Christine's husband, Jimmy, often feels compelled to share with his brother-in-law his philosophy about being a husband and a parent while still remaining a man."
The District,396,18,None,"The District is a television police drama which aired on CBS from October 7, 2000 to May 1, 2004. The show followed the work and personal life of the chief of Washington, D.C.'s Police Department."
Leap of Faith,10116,35,comedy,"Leap of Faith is a half-hour single-camera comedy that aired on NBC in early 2002, right after Friends on NBC's Thursday comedy block at 8:30 PM EST, as part of Must See TV. One of the highest rated shows to be cancelled, the series ended after just six episodes, despite ranking 12th for the season and having an average of 16.5 million viewers per episode."
Inside Schwartz,8423,35,comedy,Inside Schwartz is an American sitcom starring Breckin Meyer as the titular character. The show was produced by 20th Century Fox Television and National Broadcasting Company and first aired on NBC on Thursday Night at 8:30 EST.
Crossing Jordan,2406,18,None,"Crossing Jordan is an American television crime/drama series that stars Jill Hennessy as Jordan Cavanaugh, M.D., a crime-solving forensic pathologist employed in the Massachusetts Office of the Chief Medical Examiner."
The Guardian,1791,18,None,"Nick Fallin is a hotshot lawyer working at his father's ultrasuccessful Pittsburgh law firm. Unfortunately, the high life has gotten the best of Nick. Arrested for drug use, he's sentenced to do 1,500 hours of community service, somehow to be squeezed into his 24/7 cutthroat world of mergers, acquisitions and board meetings. Reluctantly, he's now The Guardian - a part-time child advocate at Legal Aid Services, where one case after another is an eye-opening instance of kids caught up in difficult circumstances."
Baby Bob,10212,"35,10751",comedy,"Baby Bob is an American sitcom that aired on CBS as a midseason replacement in March 2002. The Baby Bob character had previously been on television since February 2000, appearing in commercials for FreeInternet.com. While actual infants played Bob, the effect to make him look like he was talking was achieved through computer editing."
Fear Factor,320,10764,None,Competition reality series in which contestants must decide if they have the guts and determination to face their fears while outpacing the competition.
Law & Order: Criminal Intent,4601,18,None,The third installment of the “Law & Order” franchise takes viewers deep into the minds of its criminals while following the intense psychological approaches the Major Case Squad uses to solve its crimes.
Joe Millionaire,11784,10764,None,"Joe Millionaire is an American reality television show that was broadcast on Fox beginning in January 2003. It was broadcast in the UK that same year. A sequel, The Next Joe Millionaire, followed in October 2003.

The show, approved by Mike Darnell, was wildly successful and became a pop culture phenomenon, with an average of 34.6 million viewers in the United States tuning into the season one finale making it the most-watched episode of any reality show since the season finale of the first season, as well as the premiere episode and finale for the second season of Survivor."
CSI: Miami,1620,"18,9648,80",None,"The show follows Crime Scene Investigators working for the Miami-Dade Police Department as they use physical evidence, similar to their Las Vegas counterparts, to solve grisly murders. The series mixes deduction, gritty subject matter, and character-driven drama in the same vein as the original series in the CSI franchise, except that the Miami CSIs are cops first, scientists second."
Scrubs,4556,35,comedy,"In the unreal world of Sacred Heart Hospital, John ""J.D."" Dorian learns the ways of medicine, friendship and life."
Without a Trace,2593,"80,9648,10759,18",None,The series follows the ventures of a Missing Persons Unit of the FBI in New York City.
Still Standing,402,35,comedy,"After 18 years of marriage, high school sweethearts Bill and Judy Miller still make each other laugh and try to keep their marriage intact, even when their family pulls them in different directions. Since Bill has a far more immature approach to marriage and raising their three children than Judy does, they work at striking a balance and remembering why they love each other, quirks and all."
"Good Morning, Miami",2512,35,comedy,"A talented young TV producer arrives in Miami to revamp the lowest-rated morning show in the country. Jake Silver risks taking the job when he sets eyes on the show's beautiful, down-to-earth hair stylist Dylan, who wows him like nobody before – and presents a romantic challenge."
My Big Fat Greek Life,6587,35,comedy,"From an early age, Nia is mortified by her old-fashioned Greek family's patriotic, over-the-top ways. But, when she falls in love and marries a non-Greek teacher, Thomas Miller, her family eventually learns to accept him and Nia learns to accept her family's meddlesome ways. As Nia and Thomas return from their honeymoon to begin their new life together, they find that this new life includes her overzealous, extended family."
The Apprentice,2472,10764,None,"British version of the reality competitions series that sees young entrepreneurs compete in several business tasks, attempting to survive the weekly firings in order to become the business partner of one of the most successful businessmen."
My Big Fat Obnoxious Fiance,11648,,None,My Big Fat Obnoxious Fiancé is an American reality show that aired on the Fox Network during the 2003-2004 season. The show consisted of six hour-long episodes.
Two and a Half Men,2691,35,comedy,A hedonistic jingle writer's free-wheeling life comes to an abrupt halt when his brother and 10-year-old nephew move into his beach-front house.
Cold Case,2171,"80,18,9648",None,The Philadelphia homicide squad's lone female detective finds her calling when she is assigned cases that have never been solved. Detective Lilly Rush combines her natural instincts with the updated technology available today to bring about justice for all the victims she can.
Navy: NCIS,243006,"80,18",None,"In 1991, years prior to the events of NCIS, Leroy Jethro Gibbs starts his career as a newly minted special agent at the fledgling NCIS Camp Pendleton office, where he forges his place on a gritty, ragtag team led by NCIS legend Mike Franks."
Las Vegas,2389,"18,10759,80",None,"Ed Deline is a strict ex-CIA officer who went from being Head of Security to becoming President of Operations of the Montecito, whose job is to run the day-to-day operations of the casino. Following his departure, former Marine Danny McCoy, Ed's former protégé, becomes the Montecito's new President of Operations."
Average Joe,5593,10764,None,"Average Joe is an American reality television show broadcast on the NBC beginning in 2003. There were a total of four seasons, the first two following the original show premise, and the last two bringing back contestants from prior seasons."
Desperate Housewives,693,"9648,18,35",comedy,"Looking down on her friends and family isn't a way of life for Mary Alice Young... it's a way of death. One day, in her perfect house, in the loveliest of suburbs, Mary Alice ended it all. Now she's taking us into the lives of her family, friends and neighbors, commenting from her elevated P.O.V."
Grey's Anatomy,1416,18,None,Follows the personal and professional lives of a group of doctors at Seattle's Grey Sloan Memorial Hospital.
Lost,4607,"9648,10759,18",None,"Stripped of everything, the survivors of a horrific plane crash must work together to stay alive. But the island holds many secrets."
Extreme Makeover: Home Edition,721,10764,None,"Extreme Makeover: Home Edition is an American reality television series providing home improvements for less fortunate families and community schools. The show is hosted by carpenter and veteran television personality Ty Pennington.

Each episode features a family that has faced some sort of recent or ongoing hardship such as a natural disaster or a family member with a life-threatening illness, in need of new hope. The show's producers coordinate with a local construction contractor, which then coordinates with various companies in the building trades for a makeover of the family's home. This includes interior, exterior and landscaping, performed in seven days while the family is on vacation and documented in the episode. If the house is beyond repair, they replace it entirely."
Medium,36,"80,18,9648,10765",None,Allison Dubois works in the District Attorney’s office using her natural intuition about people and her ability to communicate with the dead to help to solve crimes. Her dreams often give her clues to the whereabouts of missing people.
CSI: NY,2458,"80,18,9648",None,"Follow the investigations of a team of NYPD forensic scientists and police officers identified as ""Crime Scene Investigators""."
NCIS,4614,"80,18,10759",None,"From murder and espionage to terrorism and stolen submarines, a team of special agents investigates any crime that has any connection to Navy and Marine Corps personnel, regardless of rank or position."
House,1408,18,None,"Dr. Gregory House, a drug-addicted, unconventional, misanthropic medical genius, leads a team of diagnosticians at the fictional Princeton–Plainsboro Teaching Hospital in New Jersey."
Boston Legal,4598,"35,18",comedy,Alan Shore and Denny Crane lead a brigade of high-priced civil litigators in an upscale Boston law firm in a series focusing on the professional and personal lives of brilliant but often emotionally challenged attorneys. A spin-off of long-running series The Practice.
The Amazing Race,30957,10764,None,"This reality competition sees teams embark on a trek around the world to amazing destinations where they must compete in a series of challenges, some mental and some physical. Only when the tasks are completed will they learn of their next location. Teams who are the farthest behind will gradually be eliminated as the contest progresses, with the first team to arrive at the final destination winning the race and the $1 million prize."
Dancing with the Stars,1508,"10764,10751",None,"The competition sees celebrities perform choreographed dance routines which are judged by a panel of renowned ballroom experts and voted on by viewers. Enjoy sizzling salsas, sambas and spray-tans as they vie for the coveted Mirrorball Trophy."
The Unit,2321,"10759,18",None,"A covert team of special forces operatives risk their lives on undercover missions around the globe, while their wives maintain the homefront, protecting their husbands' secrets."
Commander in Chief,4015,18,None,"Mackenzie Allen has a lot on her plate -- she has twin teenagers, a 6-year-old at home and an ambitious husband at the office, and she is about to become the first female president of the United States. Before that happens, however; Mackenzie, who serves as vice president, has to decide whether or not to go against the dying wishes of the current president, who has asked her to step down and let someone ""more appropriate"" fill his shoes in the Oval Office. Not only does the president want her to resign, so does the entire party that elected her in the first place. But when the moment of truth arrives, Mackenzie isn't willing to be a mere footnote in history. Instead of allowing her detractors to keep her down, she decides to trust her instincts and accept the most powerful job in the world."
The New Adventures of Old Christine,4402,35,comedy,"Single working mom Christine Campbell has just learned that her ex is dating a much younger woman with the same first name. To avoid any confusion, the new girlfriend is dubbed New Christine, which leaves her with the unfortunate nickname Old Christine."
Unan1mous,447,,None,"Unan1mous is an American reality television program that premiered on the Fox Network on March 22, 2006 and ran for one season. The host of the series was J. D. Roth."
Criminal Minds,4057,"80,18,9648",None,"An elite team of FBI profilers analyze the country's most twisted criminal minds, anticipating their next moves before they strike again. The Behavioral Analysis Unit's most experienced agent is David Rossi, a founding member of the BAU who returns to help the team solve new cases."
24,1973,"10759,18,80",None,"Counterterrorism agent Jack Bauer fights the bad guys of the world, a day at a time. With each week's episode unfolding in real-time, ""24"" covers a single day in the life of Bauer each season."
Out of Practice,4474,35,comedy,Out of Practice is an American situation comedy.
Sunday Night Football,307742,,None,Sunday Night Football like you've never seen it before!; join your reality faves as they celebrate the drama that makes the NFL obsession-worthy.
Shark,400,"18,9648,80",None,"Notorious Los Angeles defense attorney Sebastian Stark becomes disillusioned with his career after his successful defense of a wife-abuser results in the wife's death. After more than a month trying to come to grips with his situation, he is invited by the Los Angeles district attorney to become a public prosecutor so he can apply his unorthodox-but-effective talents to putting guilty people away instead of putting them back on the street."
Heroes,1639,"10765,18",None,Common people discover that they have super powers. Their lives intertwine as a devastating event must be prevented.
Rules of Engagement,2755,35,comedy,"Rules of Engagement is a comedy about the different phases of male/female relationships, as seen through the eyes of a newly engaged couple, Adam and Jennifer, a long-time married pair, Jeff and Audrey, and a single guy on the prowl, Russell. As they find out, the often confusing stages of a relationship can seem like being on a roller coaster. People can describe the ride to you, but to really know what it's like you have to experience it for yourself."
Ugly Betty,4626,"35,18",comedy,"Wannabe writer Betty Suarez is a plain girl from Queens, who is smart, hardworking and savvy but lacks a fashionable sense of style. When publishing mogul Bradford Meade puts his son Daniel in charge of Mode magazine, he hires Betty to be Daniel's new assistant -- mostly because he knows that she may be the only woman in Manhattan with whom the younger man won't sleep."
Brothers & Sisters,341,18,None,The close-knit Walker family deals with struggles and triumphs.
Are You Smarter than a 5th Grader?,6785,,None,"Are You Smarter Than a 5th Grader? is an Australian quiz show produced by Roving Enterprises that debuted on Network Ten on 26 September 2007. It is hosted by popular TV personality Rove McManus. Filming for the show commenced on 11 September 2007 at Global Television Studios in Forest Hill.

McManus inspected the United States production of the show while in the United States of America hosting his show Rove.

The children for the 2007 series were all students who were currently enrolled in grade five and were aged 10 or 11. They had to compete against many other fifth graders to win the roles.

5th Grader games are played by a single contestant, who attempts to answer ten questions. Content is taken from primary school textbooks, two from each grade level from first to fifth. Each correct answer increases the amount of money the player banks; a maximum cash prize of A$500,000 can be won. Along the way, the player can be assisted by a ""classmate"", one of five cast members, in answering the questions. Notably, upon getting an answer incorrect or deciding to end the game, the contestant must profess to the camera ""My name is contestants name and I am not smarter than a fifth grader!"""
The Moment of Truth,72497,"80,9648",None,"Based on real events, telling about the murder and investigation of the head of the special department Shamsi Rahimov. The events are presented against the political background of 1994-1995 - these are the October, March rebellions of the Javadov brothers and everything related to the history of Azerbaijan in this period of time."
Samantha Who?,2739,35,comedy,"Samantha Newly has been a bad, bad girl. But thanks to an 8-day coma, she can't remember a thing. Fortunately her best friend Andrea is by her side with a cocktail and the 4-1-1 on every dirty deed. But the more Sam pieces together her past, the less she likes her old self. Maybe this is a chance to start over and do it all again."
Private Practice,3172,18,None,"Having left behind Seattle Grace Hospital, renowned surgeon Addison Forbes Montgomery moves to Los Angeles for sunnier weather and happier possibilities. She reunites with her friends from medical school, joining them at their chic, co-op, Oceanside Wellness Center in Santa Monica."
Hell's Kitchen,2370,10764,None,Aspiring restaurateurs brave Ramsay and his fiery command of the kitchen as he puts the competitors through an intense culinary academy to prove they possess the right combination of ingredients to win a life-changing grand prize.
The Mentalist,5920,"80,18,9648",None,"Patrick Jane, a former celebrity psychic medium, uses his razor sharp skills of observation and expertise at ""reading"" people to solve serious crimes with the California Bureau of Investigation."
Eleventh Hour,8615,18,None,"The Eleventh Hour is an American medical drama about psychiatry starring Wendell Corey, Jack Ging, and Ralph Bellamy, which aired sixty-two new episodes plus selected rebroadcasts on NBC from October 3, 1962, to September 9, 1964."
The Bachelor,355,10764,None,"A single bachelor dates multiple women over several weeks, narrowing them down to hopefully find his true love."
Castle,1419,"18,80",None,"After a serial killer imitates the plots of his novels, successful mystery novelist Richard ""Rick"" Castle receives permission from the Mayor of New York City to tag along with an NYPD homicide investigation team for research purposes."
Bones,1911,"80,18",None,"Dr. Temperance Brennan and her colleagues at the Jeffersonian's Medico-Legal Lab assist Special Agent Seeley Booth with murder investigations when the remains are so badly decomposed, burned or destroyed that the standard identification methods are useless."
Ghost Whisperer,1606,"10765,9648,18",None,"Newlywed Melinda Gordon tries to help the dead communicate with loved ones, but sometimes the messages she receives are intense and confusing. Most of Melinda's efforts involve resolving conflicts that are preventing the spirits from passing over."
NUMB3RS,578,"80,18,9648",None,"Inspired by actual cases and experiences, Numb3rs depicts the confluence of police work and mathematics in solving crime as an FBI agent recruits his mathematical genius brother to help solve a wide range of challenging crimes in Los Angeles from a very different perspective."
NCIS: Los Angeles,17610,"10759,18,80,9648",None,"The exploits of the Los Angeles–based Office of Special Projects (OSP), an elite division of the Naval Criminal Investigative Service that specializes in undercover assignments."
Undercover Boss,33297,"10764,35",comedy,"Reality series that follows high-level executives as they slip anonymously into the rank-and-file of their own organizations. Each week, a different leader will sacrifice the comfort of their corner office for an undercover mission to examine the inner workings of their operation."
The Big Bang Theory,1418,35,comedy,Physicists Leonard and Sheldon find their nerd-centric social circle with pals Howard and Raj expanding when aspiring actress Penny moves in next door.
The Good Wife,1435,18,None,Alicia Florrick boldly assumes full responsibility for her family and re-enters the workforce after her husband's very public sex and political corruption scandal lands him in jail.
Body of Proof,32708,"18,80,9648,35",comedy,"Dr. Megan Hunt was in a class of her own, a brilliant neurosurgeon at the top of her game. But her world is turned upside down when a devastating car accident puts an end to her time in the operating room. Megan resumes her career as a medical examiner, determined to solve the puzzle of who or what killed the victims."
Blue Bloods,32692,"80,18",None,"A drama about a multi-generational family of cops dedicated to New York City law enforcement. Frank Reagan is the New York Police Commissioner and heads both the police force and the Reagan brood. He runs his department as diplomatically as he runs his family, even when dealing with the politics that plagued his unapologetically bold father, Henry, during his stint as Chief."
The Voice,37678,10764,None,"The strongest vocalists from across the United states compete in a blockbusters vocal competition, the winner becomes “The Voice.” The show's innovative format features four stages of competition: the blind auditions, the battle rounds, the knockouts and, finally, the live performance shows."
Hawaii Five-0,32798,"80,18,10759",None,"Steve McGarrett returns home to Oahu, in order to find his father's killer. The governor offers him the chance to run his own task force (Five-0). Steve's team is joined by Chin Ho Kelly, Danny ""Danno"" Williams, and Kono Kalakaua."
Harry's Law,32697,"35,18",comedy,"Harriet, Matthew and Malcolm couldn't be any more different, but when they cross paths, they realize they're all looking for a fresh start. The most unlikely of people are starting a law practice in the most unlikely of places -- a rundown shoe store."
Modern Family,1421,35,comedy,"The Pritchett-Dunphy-Tucker clan is a wonderfully large and blended family. They give us an honest and often hilarious look into the sometimes warm, sometimes twisted, embrace of the modern family."
Criminal Minds: Suspect Behavior,32200,"80,18",None,"Criminal Minds: Suspect Behavior was a short-lived American police procedural drama that aired on CBS. The show debuted in 2011 as a spin-off from the successful Criminal Minds, which had premiered in 2005. This edition's profiling team also worked for the Federal Bureau of Investigation's Behavioral Analysis Unit in Quantico, Virginia. In an April 2010 episode of Criminal Minds, during the show's fifth season, the original team met the new team and worked with them to find a San Francisco serial killer. This episode served as the new series' backdoor pilot."
Mike & Molly,32709,"35,18",comedy,A comedy about a working class Chicago couple who find love at an Overeaters Anonymous meeting.
Person of Interest,1411,"18,10759,80,10765",None,"John Reese, former CIA paramilitary operative, is presumed dead and teams up with reclusive billionaire Finch to prevent violent crimes in New York City by initiating their own type of justice. With the special training that Reese has had in Covert Operations and Finch's genius software inventing mind, the two are a perfect match for the job that they have to complete. With the help of surveillance equipment, they work ""outside the law"" and get the right criminal behind bars. "
Unforgettable,39276,"80,18,9648",None,"Former Syracuse, New York, police detective Carrie Wells has hyperthymesia, a rare medical condition that gives her the ability to visually remember everything. She reluctantly joins the New York City Police Department's Queens homicide unit after her former boyfriend and partner asks for help with solving a case. The move allows her to try to find out the one thing she has been unable to remember, which is what happened the day her sister was murdered."
Rob,67794,10764,None,"Follows the whirlwind romance of Rob Kardashian and Blac Chyna, from their engagement to Chyna's pregnancy, and everything in between."
2 Broke Girls,39340,35,comedy,"Comedy about the unlikely friendship that develops between two very different young women who meet waitressing at a diner in trendy Williamsburg, Brooklyn, and form a bond over one day owning their own successful cupcake business. Only one thing stands in their way – they’re broke."
Once Upon a Time,39272,"18,10765",None,"There is a town in Maine where every story book character you've ever known is trapped between two worlds, victims of a powerful curse. Only one knows the truth and only one can break the spell."
Elementary,1415,"18,9648,80",None,"A modern-day drama about a crime-solving duo that cracks the NYPD's most impossible cases. Following his fall from grace in London and a stint in rehab, eccentric Sherlock escapes to Manhattan where his wealthy father forces him to live with his worst nightmare - a sober companion, Dr. Watson."
Vegas,2389,"18,10759,80",None,"Ed Deline is a strict ex-CIA officer who went from being Head of Security to becoming President of Operations of the Montecito, whose job is to run the day-to-day operations of the casino. Following his departure, former Marine Danny McCoy, Ed's former protégé, becomes the Montecito's new President of Operations."
The Following,45094,"80,18",None,"Notorious serial killer Joe Carroll, after being found guilty of murdering 14 female students on the Virginia college campus where he taught literature, escapes from death row. The FBI calls former agent Ryan Hardy to consult on the case, as he was the one responsible for Carroll’s capture in 2003. Ryan, working closely with an FBI team, including Mike Weston and FBI Specialist Debra Parker, piece together the ever-growing web of murders orchestrated by the devious Carroll."
Survivor: Philippines,17536,,None,"Survivor Philippines is the Philippine version of the television series Survivor, which was originally based from the show, Expedition Robinson created in 1997 by Charlie Parsons. The series premiered on September 15, 2008 on GMA Network. The show is currently hosted by Richard Gutierrez. The first two seasons were hosted by Paolo Bediones.  Like many of its counterparts, the show has a set number of contestants stranded on an isolated area for a pre-determined number of days until one remains and is given the title Pinoy Sole Survivor. Aside from the title, the winner also receives P3,000,000, the largest ever cash prize in the history of Philippine reality game shows.

The show's tagline is ""Pautakan, Pagalingan, Patatagan"", the Filipino translation of the US version's ""Outwit, Outplay, Outlast"". The show, in general, refers their fans as a ""Katribo"", which means ""tribemate"" in English."
The Blacklist,46952,"18,80,9648",None,"Raymond ""Red"" Reddington, one of the FBI's most wanted fugitives, surrenders in person at FBI Headquarters in Washington, D.C. He claims that he and the FBI have the same interests: bringing down dangerous criminals and terrorists. In the last two decades, he's made a list of criminals and terrorists that matter the most but the FBI cannot find because it does not know they exist. Reddington calls this ""The Blacklist"". Reddington will co-operate, but insists that he will speak only to Elizabeth Keen, a rookie FBI profiler."
Scandal,39269,18,None,"Everyone has secrets and Olivia Pope has dedicated her life to protecting and defending the public images of the elite by keeping those secrets under wraps. Pope and her team are at the top of their game when it comes to getting the job done for their clients, but it becomes apparent that these ""gladiators in suits,"" who specialize in fixing the lives of other people, have trouble fixing those closest at hand -- their own."
Resurrection,259909,"80,18,9648",None,"Dexter Morgan awakens from a coma to find Harrison gone without a trace. Realizing the weight of what he put his son through, Dexter sets out for New York City, determined to find him and make things right. But closure won't come easy. When Miami Metro's Angel Batista arrives with questions, Dexter realizes his past is catching up to him fast. As father and son navigate their own darkness in the city that never sleeps, they soon find themselves deeper than they ever imagined - and that the only way out is together."
The Millers,51320,35,comedy,"A divorced reporter, looking forward to the single life, finds his parents' marital problems derail his plans."
How I Met Your Mother,1100,35,comedy,A father recounts to his children - through a series of flashbacks - the journey he and his four best friends took leading up to him meeting their mother.
Chicago Fire,44006,18,None,"An edge-of-your-seat view into the lives of everyday heroes committed to one of America's noblest professions. For the firefighters, rescue squad and paramedics of Chicago Firehouse 51, no occupation is more stressful or dangerous, yet so rewarding and exhilarating. These courageous men and women are among the elite who forge headfirst into danger when everyone else is running the other way and whose actions make the difference between life and death."
Intelligence,5232,"80,18,10759,35",comedy,"Mary Spalding, the director of the Vancouver Organized Crime Unit, offers Jimmy Reardon, one of Vancouver's top organized crime bosses, immunity from prosecution in exchange for his role as a police informant."
NCIS: New Orleans,61387,"10759,18,35",comedy,"A drama about the local field office that investigates criminal cases affecting military personnel in The Big Easy, a city known for its music, entertainment and decadence."
Empire,61733,"18,10766",None,A powerful family drama about the head of a music empire whose three sons and ex-wife all battle for his throne.
Madam Secretary,61378,"18,10768",None,"After years away from the CIA, Elizabeth McCord is pulled back into the political arena. The newly appointed Secretary of State is tough, fair, and smart, driving international diplomacy, wrangling office politics, and circumventing protocol as she negotiates global and domestic issues, both at the White House and at home."
Scorpion,60797,"10759,18,80",None,"Eccentric genius Walter O’Brien and his team of brilliant misfits comprise the last line of defense against complex, high-tech threats of the modern age. As Homeland Security’s new think tank, O’Brien’s “Scorpion” team includes Toby Curtis, an expert behaviorist who can read anyone; Happy Quinn, a mechanical prodigy; and Sylvester Dodd, a statistics guru."
How to Get Away with Murder,61056,"80,18,9648",None,"A sexy, suspense-driven legal thriller about a group of ambitious law students and their brilliant, mysterious criminal defense professor. They become entangled in a murder plot and will shake the entire university and change the course of their lives."
Mom,49011,"35,18",comedy,"Aan irreverent and outrageous take on true family love‐and dysfunction. Newly sober single mom Christy struggles to raise two children in a world full of temptations and pitfalls. Testing her sobriety is her formerly estranged mother, now back in Christy's life and eager to share passive-aggressive insights into her daughter's many mistakes."
CSI: Cyber,61811,"80,18",None,"The FBI's team of Cyber Crime Investigators, headed by Special Agent Avery Ryan, works to solve cases involving the dark-net. Avery, a Special Agent in Charge and esteemed Cyber-Psychologist heads up a team, including Senior Special Agent Elijah Mundo, tasked with solving murders, cyber-theft, hacking, sex offences, and blackmail."
Little Big Shots,66043,"10764,35,10751",comedy,"A comedy-variety series showcasing young musicians, singers, dancers and  every form of wunderkind in the country. Harvey goes toe-to-toe with  them in conversations and interviews, with hilarious results."
Blindspot,62710,"80,18,10759",None,"A vast international plot explodes when a beautiful Jane Doe is discovered naked in Times Square, completely covered in mysterious, intricate tattoos with no memory of who she is or how she got there. But there's one tattoo that is impossible to miss: the name of FBI agent Kurt Weller, emblazoned across her back. ""Jane,"" Agent Weller and the rest of the FBI quickly realize that each mark on her body is a crime to solve, leading them closer to the truth about her identity and the mysteries to be revealed."
Code Black,63418,18,None,"Inspired by the award-winning documentary, this medical drama is set in the busiest and most notorious ER in the nation where the extraordinary staff confront a challenged system in order to protect their ideals and the patients who need them the most."
Chicago Med,62650,18,None,"An emotional thrill ride through the day-to-day chaos of the city's most explosive hospital and the courageous team of doctors who hold it together. They will tackle unique new cases inspired by topical events, forging fiery relationships in the pulse-pounding pandemonium of the emergency room."
Life in Pieces,63398,35,comedy,"Comedy about one big happy family and their sometimes awkward, often hilarious and ultimately beautiful milestone moments as told by its various members.  Of the three siblings, middle child Matt may have just found his true love, his co-worker, Colleen; his coddled youngest brother, Greg, and his wife, Jen, are overwhelmed by the birth of their first child; and the eldest, Heather, and her husband, Tim, are dreading their impending empty nest so much, they're considering having another baby. Their parents are Joan the family's adoring matriarch who would do anything for her kids - as long as she agrees with it - and John, the gregarious patriarch who's searching for ways to soften the blow of turning 70. As the family's lives unfold in four short stories each week, they try to savor these little pieces of time that flash by but stay with you forever, because these moments add up to what life's all about."
Shades of Blue,64433,"18,80",None,"Sexy New York detective and single mother Harlee Santos fell in with a tight-knit group of dirty cops, taking bribes and protection money that she uses to provide the best life for her honest, talented daughter. But when she's trapped by the FBI and forced to inform on her own ""brothers,"" she'll have to walk the fine line between love, loyalty, honor and betrayal, and try to keep it together for her daughter's future."
Bull,66840,"80,18,35",comedy,"Dr. Jason Bull is the brilliant, brash, and charming founder of a hugely successful trial consulting firm."
This Is Us,67136,18,None,"Follows the lives and families of three adults living and growing up in the United States of America in present and past times. As their paths cross and their life stories intertwine in curious ways, we find that several of them share the same birthday - and so much more than anyone would expect."
Designated Survivor,67026,"18,10768",None,"Tom Kirkman, a low-level cabinet member is suddenly appointed President of the United States after a catastrophic attack during the State of the Union kills everyone above him in the Presidential line of succession."
MacGyver,2875,"18,10759,80",None,"He's everyone's favorite action hero... but he's a hero with a difference. Angus MacGyver is a secret agent whose wits are his deadliest weapon. Armed with only a knapsack filled with everyday items he picks up along the way, he improvises his way out of every peril the bad guys throw at him.

Making a bomb out of chewing gum? Fixing a speeding car's breaks... while he's riding in it? Using soda pop to cook up tear gas? That's all in a day's adventures for MacGyver. He's part Boy Scout, part genius. And all hero."
Young Sheldon,71728,"35,10751,18",comedy,"The early life of child genius Sheldon Cooper, later seen in The Big Bang Theory."
The Good Doctor,71712,18,None,"Shaun Murphy, a young surgeon with autism and savant syndrome, relocates from a quiet country life to join a prestigious hospital's surgical unit. Unable to personally connect with those around him, Shaun uses his extraordinary medical gifts to save lives and challenge the skepticism of his colleagues."
Chicago P.D.,58841,"80,18",None,"A riveting police drama about the men and women of the Chicago Police Department's District 21 who put it all on the line to serve and protect their community. District 21 is made up of two distinctly different groups: the uniformed cops who patrol the beat and go head-to-head with the city's street crimes and the Intelligence Unit that combats the city's major offenses - organized crime, drug trafficking, high profile murders and beyond."
SEAL Team,71789,"10759,18,10768",None,"Military drama following the professional and personal lives of the most elite unit of Navy SEALs as they train, plan and execute the most dangerous, high stakes missions our country can ask of them."
Instinct,72745,"80,18",None,"Dr. Dylan Reinhart, a gifted author, university professor and former CIA operative is lured back to his old life by tenacious top NYPD Detective Lizzie Needham. Though Dylan and Lizzie initially clash, when it comes to catching killers, they make an ideal team."
9-1-1,75219,"18,80,10759",None,"Explore the high-pressure experiences of police officers, paramedics and firefighters who are thrust into the most frightening, shocking and heart-stopping situations. These emergency responders must try to balance saving those who are at their most vulnerable with solving the problems in their own lives."
FBI,80748,"80,10759,18",None,"The New York office of the FBI brings to bear all their talents, intellect and technical expertise on major cases in order to keep their city and the country safe."
Manifest,79696,"10765,9648,18",None,"After landing from a turbulent but routine flight, the crew and passengers of Montego Air Flight 828 discover five years have passed in what seemed like a few hours. As their new realities become clear, a deeper mystery unfolds and some of the returned passengers soon realize they may be meant for something greater than they ever thought possible."
America's Got Talent: The Champions,158354,,None,"50 of the best acts chosen from 194 countries, including past winners, finalists, and fan favorites from each country’s “Got Talent” events, compete for the title of AGT Champion!"
New Amsterdam,80350,18,None,"The new medical director breaks the rules to heal the system at America's oldest public hospital. Max Goodwin sets out to tear up the bureaucracy and provide exceptional care, but the doctors and staff are not so sure he can succeed. They've heard this before. Not taking ""no"" for an answer, Dr. Goodwin's instinctive response to problems large and small is four simple words: ""How can I help?"" He has to disrupt the status quo and prove he'll stop at nothing to breathe new life into this underfunded and underappreciated hospital, returning it to the glory that put it on the map."
The Masked Singer,84910,10764,None,"Celebrities compete in a singing competition with one major twist: each singer is shrouded from head to toe in an elaborate costume, complete with full face mask to conceal his or her identity. One singer will be eliminated each week, ultimately revealing his or her true identity."
The Conners,80550,35,comedy,"This iconic family—Dan, Jackie, Darlene, Becky and D.J.—grapples with parenthood, dating, an unexpected pregnancy, financial pressures, aging and in-laws in working-class America."
God Friended Me,81114,"18,10751,9648,35",comedy,"A self-proclaimed ""pesky atheist"" is encouraged to help strangers by someone claiming to be God who friends him on Facebook."
FBI: Most Wanted,94372,"80,18",None,"The Fugitive Task Force relentlessly tracks and captures the notorious criminals on the Bureau's Most Wanted list. Seasoned agents oversee the highly skilled team that functions as a mobile undercover unit that is always out in the field, pursuing those who are most desperate to elude justice."
9-1-1: Lone Star,89393,"18,10759,80",None,"Nearly 20 years ago, Owen Strand was the lone survivor of his Manhattan firehouse on 9/11. In the wake of the attack, Owen had the unenviable task of rebuilding his station. After a similar tragedy happens to a firehouse in Austin, Owen, along with his troubled firefighter son, T.K., takes his progressive philosophies of life and firefighting down to Texas, where he helps them start anew. On the surface, Owen is all about big-city style and swagger, but underneath he struggles with a secret he hides from the world - one that could very well end his life."
Magnum P.I.,734,"80,18,9648",None,"A private investigator who works when he wants, lives in a beachfront estate in Hawaii, drives a posh Ferrari, runs up an unlimited tab at a swank bar, and charms attractive women in peril - that's the lifestyle of Thomas Magnum, aka Magnum, P.I."
Station 19,76773,"18,10759",None,"A group of heroic firefighters at Seattle Fire Station 19—from captain to newest recruit—risk their lives and hearts both in the line of duty and off the clock. These brave men and women are like family, literally and figuratively, and together they put their own lives in jeopardy as first responders to save the lives of others."
The Equalizer,4297,"10759,80,18",None,"Robert McCall is a former agent of a secret government agency who is now running his own private crime fighting operation where he fashions himself as ""The Equalizer."" It is a service for victims of the system who have exhausted all possible means of seeking justice and have nowhere to go. McCall promises to even out the odds for them."
Law & Order: Organized Crime,106158,"80,18",None,The detectives of the Organized Crime Control Bureau work to dismantle New York City's most vicious and violent illegal enterprises.
American Idol,3626,10764,None,"Each year, hopeful singers from all over the country audition to be part of one of the biggest shows in American television history. Who will become the new American Idol?"
Big Sky,100010,"80,18,9648",None,"Private detective Cassie Dewell partners with ex-cop Jenny Hoyt on a search for two sisters who have been kidnapped by a truck driver on a remote highway in Montana. When they discover that these are not the only girls who have disappeared in the area, they must race against the clock to stop the perpetrator before another woman is taken."
Celebrity Wheel of Fortune,114656,,None,"Hosted by Pat Sajak and Vanna White, celebrity contestants spin the wheel and solve word puzzles for a chance to win up to one million dollars for charity."
The Rookie,79744,"80,18,35",comedy,"Starting over isn't easy, especially for small-town guy John Nolan who, after a life-altering incident, is pursuing his dream of being an LAPD officer. As the force's oldest rookie, he's met with skepticism from some higher-ups who see him as just a walking midlife crisis."
Ghosts,126027,"35,10765",comedy,"Samantha and Jay throw caution to the wind when they convert their recently inherited country estate into a bed-and-breakfast. Call it mislaid plans. Not only is the place falling apart, but it’s also inhabited by spirits of previous residents -- whom only Samantha can see and hear."
NCIS: Hawaiʻi,124271,"80,18",None,"Jane Tennant, the first female Special Agent in Charge of NCIS Pearl Harbor, and her unwavering team of specialists balance duty to family and country while investigating high-stakes crimes involving military personnel, national security and the mysteries of the sun-drenched island paradise itself."
FBI: International,121658,"80,18",None,Follows the elite agents of the FBI's International Fly Team headquartered in Budapest as they travel the world with the mission of protecting Americans wherever they may be.
La Brea,128839,"10765,18,10759",None,"An epic adventure begins when a massive sinkhole opens in the middle of Los Angeles, pulling hundreds of people and buildings into its depths. Those who fell in find themselves in a mysterious and dangerous primeval land, where they have no choice but to band together to survive. Meanwhile, the rest of the world desperately seeks to understand what happened. In the search for answers, one family torn apart by this disaster will have to unlock the secrets of this inexplicable event to find a way back to each other."
CSI: Vegas,122194,"80,18,9648",None,"Facing an existential threat that could bring down the Crime Lab, a brilliant team of forensic investigators must welcome back old friends and deploy new techniques to preserve and serve justice in Sin City."
Fire Country,202297,"18,80",None,"Seeking redemption and a shortened prison sentence, young convict Bode Donovan joins a firefighting program that returns him to his small Northern California hometown, where he and other inmates work alongside elite firefighters to extinguish massive blazes across the region."
East New York,202296,"80,18",None,"Regina Haywood is the newly promoted deputy inspector of East New York, a working-class neighborhood at the edge of Brooklyn. She leads a diverse group of officers and detectives, some of whom are reluctant to deploy her creative methods of serving and protecting in the midst of social upheaval and the early seeds of gentrification."
The Neighborhood,81144,35,comedy,The nicest guy in the Midwest moves his family into a tough neighborhood in Los Angeles where not everyone appreciates his extreme neighborliness. That includes their new next-door neighbor Calvin.
So Help Me Todd,202307,"18,9648,35",comedy,"Despite their opposing personalities, a talented but directionless P.I. who is the black sheep of his family begrudgingly agrees to work as the in-house investigator for his overbearing mother, a successful attorney reeling from the recent dissolution of her marriage."
Jeopardy! Masters,219241,10764,None,"The tournament features six former Jeopardy! champions competing round-robin style, with 10 hour-long episodes featuring 2 games each. Each of the 20 possible combinations of 6 players will be played, with all 6 players appearing in 1 game each episode."
Bob Hearts Abishola,92461,35,comedy,"A love story about a middle-aged compression sock businessman from Detroit who unexpectedly falls for his cardiac nurse, a Nigerian immigrant, while recovering from a heart attack and sets his sights on winning her over."
Tracker,211288,"18,80",None,"Lone-wolf survivalist Colter Shaw roams the country as a “reward seeker,” using his expert tracking skills to help private citizens and law enforcement solve all manner of mysteries while contending with his own fractured family."
Elsbeth,226285,"80,18,35,9648",comedy,"After her successful career in Chicago, Elsbeth Tascioni, an astute but unconventional attorney, utilizes her singular point of view to make unique observations and corner brilliant criminals alongside the NYPD."
Will Trent,208569,"80,18,35",comedy,"Special Agent Will Trent was abandoned at birth and endured a harsh coming-of-age in Atlanta's overwhelmed foster care system. Determined to make sure no one feels as he did, he now has the highest clearance rate."
NCIS: Sydney,157950,"80,18,10759",None,The brilliant and eclectic team of U.S. NCIS Agents and the Australian Federal Police (AFP) are grafted into a multi-national taskforce to keep naval crimes in check in the most contested patch of ocean on the planet.
The Golden Bachelor,226624,10764,None,"One hopeless romantic is given a second chance at love in the search for a partner with whom to share the sunset years of life. The women arriving at the mansion have a lifetime of experience, living through love, loss and laughter, hoping for a spark that ignites a future full of endless possibilities. In the end, will our Golden man turn the page to start a new chapter with the woman of his dreams?"
The Irrational,217211,"80,18",None,"Alec Mercer is a world-renowned professor of behavioral psychology with a unique insight into human nature who lends his expertise to an array of high-stakes cases involving governments, corporations and law enforcement. However, he meets his match in a female domestic terror suspect who turns his world upside down."
High Potential,226637,"18,80,9648",None,"Morgan is a single mom with an exceptional mind, whose unconventional knack for solving crimes leads to an unusual and unstoppable partnership with a by-the-book seasoned detective."
Georgie & Mandy's First Marriage,243875,35,comedy,"Georgie and Mandy raise their young family in Texas while navigating the challenges of adulthood, parenting, and marriage."
Watson,242867,"18,9648",None,"A year after the death of his friend and partner Sherlock Holmes at the hands of Moriarty, Dr. John Watson resumes his medical career as the head of a clinic dedicated to treating rare disorders. However, he soon finds that his old life is not done with him yet."
Shifting Gears,260471,35,comedy,"Matt is a stubborn, widowed owner of a classic car restoration shop. When Matt's estranged daughter Riley and her teenage kids move into his house, the real restoration begins."
NCIS: Origins,243006,"80,18",None,"In 1991, years prior to the events of NCIS, Leroy Jethro Gibbs starts his career as a newly minted special agent at the fledgling NCIS Camp Pendleton office, where he forges his place on a gritty, ragtag team led by NCIS legend Mike Franks."
Abbott Elementary,125935,35,comedy,"In this workplace comedy, a group of dedicated, passionate teachers — and a slightly tone-deaf principal — are brought together in a Philadelphia public school where, despite the odds stacked against them, they are determined to help their students succeed in life. Though these incredible public servants may be outnumbered and underfunded, they love what they do — even if they don’t love the school district’s less-than-stellar attitude toward educating children."
