year,rank,title,wikilink,network,rating,show_id,genre_id,genre,overview
1950,1,Texaco Star Theater,//en.wikipedia.org/wiki/Texaco_Star_Theatre#Television,NBC,61.6,469.0,35,comedy,"Texaco Star Theater is an American comedy-variety show, broadcast on radio from 1938 to 1949 and telecast from 1948 to 1956. It was one of the first successful examples of American television broadcasting, remembered as the show that gave Milton Berle the nickname ""Mr. Television"".

The classic 1940–44 version of the program, hosted by radio's Fred Allen, was followed by a radio series on ABC in the spring of 1948. When Texaco first took it to television on NBC on June 8, 1948, the show had a huge cultural impact."
1950,4,Your Show of Shows,//en.wikipedia.org/wiki/Your_Show_of_Shows,NBC,42.6,12331.0,35,comedy,"Your Show of Shows was a live 90-minute variety show that was broadcast weekly in the United States on NBC, from February 25, 1950, until June 5, 1954, featuring Sid Caesar and Imogene Coca.

Other featured performers were Carl Reiner, Howard Morris, Bill Hayes, Judy Johnson, The Hamilton Trio and the soprano Marguerite Piazza. José Ferrer made several guest appearances on the series. The series was telecast from the now-demolished International Theatre at 5 Columbus Circle and the Century Theater, now demolished, in New York.

During 2002, Your Show of Shows was ranked #30 on TV Guide's 50 Greatest TV Shows of All Time."
1950,5,The Colgate Comedy Hour,//en.wikipedia.org/wiki/The_Colgate_Comedy_Hour,NBC,42.0,1048.0,35,comedy,"The Colgate Comedy Hour is an American comedy-musical variety series that aired live on the NBC network from 1950 to 1955. The show starred many notable comedians and entertainers of the era, including Eddie Cantor, Dean Martin and Jerry Lewis, Fred Allen, Donald O'Connor, Bud Abbott and Lou Costello, Bob Hope, Jimmy Durante, Ray Bolger, Gordon MacRae, Ben Blue, Robert Paige, Tony Curtis, Burt Lancaster, Broadway dancer Wayne Lamb and Spike Jones and His City Slickers."
1950,8,Arthur Godfrey's Talent Scouts,//en.wikipedia.org/wiki/Arthur_Godfrey's_Talent_Scouts#Television,CBS,40.6,9977.0,35,comedy,"Arthur Godfrey's Talent Scouts is an American radio and television variety show which ran on CBS from 1946 until 1958. Sponsored by Lipton Tea, it stars Arthur Godfrey, who was also hosting Arthur Godfrey and His Friends at the same time."
1950,10,Mama,//en.wikipedia.org/wiki/Mama_(American_TV_series),CBS,39.7,2016.0,35,comedy,"Thelma Harper and her spinster sister Fran open their home to Thelma's recently divorced son Vinton and his teenage son and daughter. It's quite an adjustment for everyone, especially the cranky, argumentative Thelma."
1950,15,The Toast of the Town,//en.wikipedia.org/wiki/The_Ed_Sullivan_Show,CBS,36.5,5307.0,"35,10767",comedy,"The Ed Sullivan Show is an American TV variety show that originally ran on CBS from Sunday June 20, 1948 to Sunday June 6, 1971, and was hosted by New York entertainment columnist Ed Sullivan. It was replaced in September 1971 by the CBS Sunday Night Movie, which ran only one season and was eventually replaced by other shows.

In 2002, The Ed Sullivan Show was ranked #15 on TV Guide's 50 Greatest TV Shows of All Time."
1950,16,The Aldrich Family,//en.wikipedia.org/wiki/The_Aldrich_Family,NBC,36.1,14335.0,35,comedy,
1950,17,You Bet Your Life,//en.wikipedia.org/wiki/You_Bet_Your_Life,NBC,36.0,4473.0,35,comedy,"You Bet Your Life is an American quiz show that aired on both radio and television. The original and best-known version was hosted by Groucho Marx of the Marx Brothers, with announcer and assistant George Fenneman. The show debuted on ABC Radio in October 1947, then moved to CBS Radio in September 1949 before making the transition to NBC-TV in October 1950. Because of its simple format, it was possible to broadcast the show simultaneously on the radio and on television. In 1960, the show was renamed The Groucho Show and ran a further year. Most episodes are in the public domain.

The play of the game, however, was secondary to the interplay between Groucho, the contestants, and occasionally Fenneman. The program was rerun into the 1970s, and later in syndication as The Best of Groucho. As such, it was the first game show to have its reruns syndicated."
1950,19,Big Town,//en.wikipedia.org/wiki/Big_Town#Television,CBS,35.6,241274.0,"35,18",comedy,A Hollywood production rolls into a small Irish town and throws the spotlight on a secret that's been kept hidden since the eve of the Millennium.
1950,28,The Ken Murray Show,//en.wikipedia.org/wiki/The_Ken_Murray_Show,CBS,32.1,30232.0,35,comedy,
1950,30,Lux Video Theatre,//en.wikipedia.org/wiki/Lux_Video_Theatre,CBS,31.5,12277.0,"18,35",comedy,"Lux Video Theatre is an American anthology series that was produced from 1950 until 1959. The series presented both comedy and drama in original teleplays, as well as abridged adaptations of films and plays."
1951,1,Arthur Godfrey's Talent Scouts,//en.wikipedia.org/wiki/Arthur_Godfrey's_Talent_Scouts#Television,CBS,53.8,9977.0,35,comedy,"Arthur Godfrey's Talent Scouts is an American radio and television variety show which ran on CBS from 1946 until 1958. Sponsored by Lipton Tea, it stars Arthur Godfrey, who was also hosting Arthur Godfrey and His Friends at the same time."
1951,2,Texaco Star Theater,//en.wikipedia.org/wiki/Texaco_Star_Theatre#Television,NBC,52.0,469.0,35,comedy,"Texaco Star Theater is an American comedy-variety show, broadcast on radio from 1938 to 1949 and telecast from 1948 to 1956. It was one of the first successful examples of American television broadcasting, remembered as the show that gave Milton Berle the nickname ""Mr. Television"".

The classic 1940–44 version of the program, hosted by radio's Fred Allen, was followed by a radio series on ABC in the spring of 1948. When Texaco first took it to television on NBC on June 8, 1948, the show had a huge cultural impact."
1951,3,I Love Lucy,//en.wikipedia.org/wiki/I_Love_Lucy,CBS,50.9,2730.0,"35,10751",comedy,"Cuban Bandleader Ricky Ricardo would be happy if his wife Lucy would just be a housewife. Instead she tries constantly to perform at the Tropicana where he works, and make life comically frantic in the apartment building they share with landlords Fred and Ethel Mertz, who also happen to be their best friends."
1951,4,The Red Skelton Show,//en.wikipedia.org/wiki/The_Red_Skelton_Show,NBC,50.2,10534.0,"35,10767,10751",comedy,"The Red Skelton Show is an American variety show that was a television staple for two decades, from 1951 to 1971. It was second to Gunsmoke and third to The Ed Sullivan Show in the ratings during that time. Skelton, who had previously been a radio star, had appeared in several motion pictures as well. Although his television series is largely associated with CBS, where it appeared for more than fifteen years, it actually began and ended on NBC. During its run, the program received three Emmy Awards, for Skelton as best comedian and the program as best comedy show during its initial season, and an award for comedy writing in 1961."
1951,5,The Colgate Comedy Hour,//en.wikipedia.org/wiki/The_Colgate_Comedy_Hour,NBC,45.3,1048.0,35,comedy,"The Colgate Comedy Hour is an American comedy-musical variety series that aired live on the NBC network from 1950 to 1955. The show starred many notable comedians and entertainers of the era, including Eddie Cantor, Dean Martin and Jerry Lewis, Fred Allen, Donald O'Connor, Bud Abbott and Lou Costello, Bob Hope, Jimmy Durante, Ray Bolger, Gordon MacRae, Ben Blue, Robert Paige, Tony Curtis, Burt Lancaster, Broadway dancer Wayne Lamb and Spike Jones and His City Slickers."
1951,8,Your Show of Shows,//en.wikipedia.org/wiki/Your_Show_of_Shows,NBC,43.0,12331.0,35,comedy,"Your Show of Shows was a live 90-minute variety show that was broadcast weekly in the United States on NBC, from February 25, 1950, until June 5, 1954, featuring Sid Caesar and Imogene Coca.

Other featured performers were Carl Reiner, Howard Morris, Bill Hayes, Judy Johnson, The Hamilton Trio and the soprano Marguerite Piazza. José Ferrer made several guest appearances on the series. The series was telecast from the now-demolished International Theatre at 5 Columbus Circle and the Century Theater, now demolished, in New York.

During 2002, Your Show of Shows was ranked #30 on TV Guide's 50 Greatest TV Shows of All Time."
1951,9,The Jack Benny Show,//en.wikipedia.org/wiki/The_Jack_Benny_Program#Television,CBS,42.8,10151.0,35,comedy,Laugh along with funnyman Jack Benny as he brings his underplayed humor to TV along with regular performers from his radio show days.
1951,10,You Bet Your Life,//en.wikipedia.org/wiki/You_Bet_Your_Life,NBC,42.1,4473.0,35,comedy,"You Bet Your Life is an American quiz show that aired on both radio and television. The original and best-known version was hosted by Groucho Marx of the Marx Brothers, with announcer and assistant George Fenneman. The show debuted on ABC Radio in October 1947, then moved to CBS Radio in September 1949 before making the transition to NBC-TV in October 1950. Because of its simple format, it was possible to broadcast the show simultaneously on the radio and on television. In 1960, the show was renamed The Groucho Show and ran a further year. Most episodes are in the public domain.

The play of the game, however, was secondary to the interplay between Groucho, the contestants, and occasionally Fenneman. The program was rerun into the 1970s, and later in syndication as The Best of Groucho. As such, it was the first game show to have its reruns syndicated."
1951,11,Mama,//en.wikipedia.org/wiki/Mama_(American_TV_series),CBS,41.3,2016.0,35,comedy,"Thelma Harper and her spinster sister Fran open their home to Thelma's recently divorced son Vinton and his teenage son and daughter. It's quite an adjustment for everyone, especially the cranky, argumentative Thelma."
1951,13,Amos 'n' Andy,//en.wikipedia.org/wiki/Amos_'n'_Andy,CBS,38.9,11111.0,35,comedy,"A pair of friends in Harlem find themselves caught up in a series of misadventures, business schemes, and everyday problems, often relying on their neighbors and community to help them out of trouble."
1951,15,Big Town,//en.wikipedia.org/wiki/Big_Town_(American_TV_series),CBS,38.5,241274.0,"35,18",comedy,A Hollywood production rolls into a small Irish town and throws the spotlight on a secret that's been kept hidden since the eve of the Millennium.
1951,20,All Star Revue,//en.wikipedia.org/wiki/Four_Star_Revue,NBC,36.3,52732.0,35,comedy,"All Star Summer Revue aired on NBC from June 28 to August 30, 1952. The summer series had no regular hosts and very little relationship to the regular season show All Star Revue."
1952,1,I Love Lucy,//en.wikipedia.org/wiki/I_Love_Lucy,CBS,67.3,2730.0,"35,10751",comedy,"Cuban Bandleader Ricky Ricardo would be happy if his wife Lucy would just be a housewife. Instead she tries constantly to perform at the Tropicana where he works, and make life comically frantic in the apartment building they share with landlords Fred and Ethel Mertz, who also happen to be their best friends."
1952,2,Arthur Godfrey's Talent Scouts,//en.wikipedia.org/wiki/Arthur_Godfrey's_Talent_Scouts#Television,CBS,54.7,9977.0,35,comedy,"Arthur Godfrey's Talent Scouts is an American radio and television variety show which ran on CBS from 1946 until 1958. Sponsored by Lipton Tea, it stars Arthur Godfrey, who was also hosting Arthur Godfrey and His Friends at the same time."
1952,5,Texaco Star Theater,//en.wikipedia.org/wiki/Texaco_Star_Theatre#Television,NBC,46.7,469.0,35,comedy,"Texaco Star Theater is an American comedy-variety show, broadcast on radio from 1938 to 1949 and telecast from 1948 to 1956. It was one of the first successful examples of American television broadcasting, remembered as the show that gave Milton Berle the nickname ""Mr. Television"".

The classic 1940–44 version of the program, hosted by radio's Fred Allen, was followed by a radio series on ABC in the spring of 1948. When Texaco first took it to television on NBC on June 8, 1948, the show had a huge cultural impact."
1952,7,The Colgate Comedy Hour,//en.wikipedia.org/wiki/The_Colgate_Comedy_Hour,NBC,44.3,1048.0,35,comedy,"The Colgate Comedy Hour is an American comedy-musical variety series that aired live on the NBC network from 1950 to 1955. The show starred many notable comedians and entertainers of the era, including Eddie Cantor, Dean Martin and Jerry Lewis, Fred Allen, Donald O'Connor, Bud Abbott and Lou Costello, Bob Hope, Jimmy Durante, Ray Bolger, Gordon MacRae, Ben Blue, Robert Paige, Tony Curtis, Burt Lancaster, Broadway dancer Wayne Lamb and Spike Jones and His City Slickers."
1952,9,You Bet Your Life,//en.wikipedia.org/wiki/You_Bet_Your_Life,NBC,41.6,4473.0,35,comedy,"You Bet Your Life is an American quiz show that aired on both radio and television. The original and best-known version was hosted by Groucho Marx of the Marx Brothers, with announcer and assistant George Fenneman. The show debuted on ABC Radio in October 1947, then moved to CBS Radio in September 1949 before making the transition to NBC-TV in October 1950. Because of its simple format, it was possible to broadcast the show simultaneously on the radio and on television. In 1960, the show was renamed The Groucho Show and ran a further year. Most episodes are in the public domain.

The play of the game, however, was secondary to the interplay between Groucho, the contestants, and occasionally Fenneman. The program was rerun into the 1970s, and later in syndication as The Best of Groucho. As such, it was the first game show to have its reruns syndicated."
1952,11,The Red Buttons Show,//en.wikipedia.org/wiki/The_Red_Buttons_Show,CBS,40.2,18589.0,35,comedy,"The Red Buttons Show premiered on the CBS television network in 1952, and ran for two years on that network, then moved to NBC for the final 1954-55 season.

Red's catch phrase from the show, ""Strange things are happening!"" entered the national vocabulary briefly in the mid-1950s."
1952,12,The Jack Benny Show,//en.wikipedia.org/wiki/The_Jack_Benny_Program#Television,CBS,39.0,10151.0,35,comedy,Laugh along with funnyman Jack Benny as he brings his underplayed humor to TV along with regular performers from his radio show days.
1952,16,The Life of Riley,//en.wikipedia.org/wiki/The_Life_of_Riley,NBC,37.4,22902.0,35,comedy,"Riley worked in an aircraft plant in California, but viewers usually saw him at home, cheerfully disrupting life with his malapropisms and ill timed intervention into minor problems."
1952,18,Mama,//en.wikipedia.org/wiki/Mama_(American_TV_series),CBS,37.0,2016.0,35,comedy,"Thelma Harper and her spinster sister Fran open their home to Thelma's recently divorced son Vinton and his teenage son and daughter. It's quite an adjustment for everyone, especially the cranky, argumentative Thelma."
1952,19,Your Show of Shows,//en.wikipedia.org/wiki/Your_Show_of_Shows,NBC,36.0,12331.0,35,comedy,"Your Show of Shows was a live 90-minute variety show that was broadcast weekly in the United States on NBC, from February 25, 1950, until June 5, 1954, featuring Sid Caesar and Imogene Coca.

Other featured performers were Carl Reiner, Howard Morris, Bill Hayes, Judy Johnson, The Hamilton Trio and the soprano Marguerite Piazza. José Ferrer made several guest appearances on the series. The series was telecast from the now-demolished International Theatre at 5 Columbus Circle and the Century Theater, now demolished, in New York.

During 2002, Your Show of Shows was ranked #30 on TV Guide's 50 Greatest TV Shows of All Time."
1952,20,What's My Line?,//en.wikipedia.org/wiki/What's_My_Line%3F,CBS,35.3,26663.0,"10751,35",comedy,"Four panelists must determine guests' occupations - and, in the case of famous guests, while blindfolded, their identity - by asking only ""yes"" or ""no"" questions."
1952,22,Our Miss Brooks,//en.wikipedia.org/wiki/Our_Miss_Brooks,CBS,35.0,15144.0,35,comedy,"Our Miss Brooks is an American situation comedy starring Eve Arden as a sardonic high school English teacher. It began as a radio show broadcast on CBS from 1948 to 1957. When the show was adapted to television, it became one of the medium's earliest hits. In 1956, the sitcom was adapted for big screen in the film of the same name."
1952,25,Amos 'n' Andy,//en.wikipedia.org/wiki/Amos_'n'_Andy,CBS,34.4,11111.0,35,comedy,"A pair of friends in Harlem find themselves caught up in a series of misadventures, business schemes, and everyday problems, often relying on their neighbors and community to help them out of trouble."
1952,26,All Star Revue,//en.wikipedia.org/wiki/Four_Star_Revue,NBC,34.3,52732.0,35,comedy,"All Star Summer Revue aired on NBC from June 28 to August 30, 1952. The summer series had no regular hosts and very little relationship to the regular season show All Star Revue."
1952,28,The Red Skelton Show,//en.wikipedia.org/wiki/The_Red_Skelton_Show,NBC,33.7,10534.0,"35,10767,10751",comedy,"The Red Skelton Show is an American variety show that was a television staple for two decades, from 1951 to 1971. It was second to Gunsmoke and third to The Ed Sullivan Show in the ratings during that time. Skelton, who had previously been a radio star, had appeared in several motion pictures as well. Although his television series is largely associated with CBS, where it appeared for more than fifteen years, it actually began and ended on NBC. During its run, the program received three Emmy Awards, for Skelton as best comedian and the program as best comedy show during its initial season, and an award for comedy writing in 1961."
1953,1,I Love Lucy,//en.wikipedia.org/wiki/I_Love_Lucy,CBS,58.8,2730.0,"35,10751",comedy,"Cuban Bandleader Ricky Ricardo would be happy if his wife Lucy would just be a housewife. Instead she tries constantly to perform at the Tropicana where he works, and make life comically frantic in the apartment building they share with landlords Fred and Ethel Mertz, who also happen to be their best friends."
1953,3,Arthur Godfrey's Talent Scouts,//en.wikipedia.org/wiki/Arthur_Godfrey's_Talent_Scouts#Television,CBS,43.6,9977.0,35,comedy,"Arthur Godfrey's Talent Scouts is an American radio and television variety show which ran on CBS from 1946 until 1958. Sponsored by Lipton Tea, it stars Arthur Godfrey, who was also hosting Arthur Godfrey and His Friends at the same time."
1953,3,You Bet Your Life,//en.wikipedia.org/wiki/You_Bet_Your_Life,NBC,43.6,4473.0,35,comedy,"You Bet Your Life is an American quiz show that aired on both radio and television. The original and best-known version was hosted by Groucho Marx of the Marx Brothers, with announcer and assistant George Fenneman. The show debuted on ABC Radio in October 1947, then moved to CBS Radio in September 1949 before making the transition to NBC-TV in October 1950. Because of its simple format, it was possible to broadcast the show simultaneously on the radio and on television. In 1960, the show was renamed The Groucho Show and ran a further year. Most episodes are in the public domain.

The play of the game, however, was secondary to the interplay between Groucho, the contestants, and occasionally Fenneman. The program was rerun into the 1970s, and later in syndication as The Best of Groucho. As such, it was the first game show to have its reruns syndicated."
1953,5,The Milton Berle Show,//en.wikipedia.org/wiki/Texaco_Star_Theatre#Television,NBC,40.2,469.0,35,comedy,"Texaco Star Theater is an American comedy-variety show, broadcast on radio from 1938 to 1949 and telecast from 1948 to 1956. It was one of the first successful examples of American television broadcasting, remembered as the show that gave Milton Berle the nickname ""Mr. Television"".

The classic 1940–44 version of the program, hosted by radio's Fred Allen, was followed by a radio series on ABC in the spring of 1948. When Texaco first took it to television on NBC on June 8, 1948, the show had a huge cultural impact."
1953,8,The Jackie Gleason Show,//en.wikipedia.org/wiki/The_Jackie_Gleason_Show,CBS,38.1,950.0,35,comedy,"The prodigiously talented Gleason became a TV icon after he joined CBS from DuMont, where his work on `Calvalcade of Stars' had established many of his trademark characters, including Reginald Van Gleason III, the Poor Soul and Ralph Kramden, featured here, along with Art Carney, in `Honeymooners' sketches. The Emmy-winning mix also featured guest stars, musical comedy, the glitzy June Taylor Dancers and Frank Fontaine's Crazy Guggenheim character."
1953,10,The Colgate Comedy Hour,//en.wikipedia.org/wiki/The_Colgate_Comedy_Hour,NBC,36.2,1048.0,35,comedy,"The Colgate Comedy Hour is an American comedy-musical variety series that aired live on the NBC network from 1950 to 1955. The show starred many notable comedians and entertainers of the era, including Eddie Cantor, Dean Martin and Jerry Lewis, Fred Allen, Donald O'Connor, Bud Abbott and Lou Costello, Bob Hope, Jimmy Durante, Ray Bolger, Gordon MacRae, Ben Blue, Robert Paige, Tony Curtis, Burt Lancaster, Broadway dancer Wayne Lamb and Spike Jones and His City Slickers."
1953,12,The Red Buttons Show,//en.wikipedia.org/wiki/The_Red_Buttons_Show,CBS,35.3,18589.0,35,comedy,"The Red Buttons Show premiered on the CBS television network in 1952, and ran for two years on that network, then moved to NBC for the final 1954-55 season.

Red's catch phrase from the show, ""Strange things are happening!"" entered the national vocabulary briefly in the mid-1950s."
1953,13,The Life of Riley,//en.wikipedia.org/wiki/The_Life_of_Riley,NBC,35.0,22902.0,35,comedy,"Riley worked in an aircraft plant in California, but viewers usually saw him at home, cheerfully disrupting life with his malapropisms and ill timed intervention into minor problems."
1953,14,Our Miss Brooks,//en.wikipedia.org/wiki/Our_Miss_Brooks,CBS,34.2,15144.0,35,comedy,"Our Miss Brooks is an American situation comedy starring Eve Arden as a sardonic high school English teacher. It began as a radio show broadcast on CBS from 1948 to 1957. When the show was adapted to television, it became one of the medium's earliest hits. In 1956, the sitcom was adapted for big screen in the film of the same name."
1953,16,The Jack Benny Show,//en.wikipedia.org/wiki/The_Jack_Benny_Program#Television,CBS,33.3,10151.0,35,comedy,Laugh along with funnyman Jack Benny as he brings his underplayed humor to TV along with regular performers from his radio show days.
1953,17,The Toast of the Town,//en.wikipedia.org/wiki/The_Ed_Sullivan_Show,CBS,33.0,5307.0,"35,10767",comedy,"The Ed Sullivan Show is an American TV variety show that originally ran on CBS from Sunday June 20, 1948 to Sunday June 6, 1971, and was hosted by New York entertainment columnist Ed Sullivan. It was replaced in September 1971 by the CBS Sunday Night Movie, which ran only one season and was eventually replaced by other shows.

In 2002, The Ed Sullivan Show was ranked #15 on TV Guide's 50 Greatest TV Shows of All Time."
1953,20,The George Burns and Gracie Allen Show,//en.wikipedia.org/wiki/The_George_Burns_and_Gracie_Allen_Show,CBS,32.4,30667.0,35,comedy,"Burns and Allen, an American comedy duo consisting of George Burns and his wife, Gracie Allen, worked together as a comedy team in vaudeville, films, radio and television and achieved great success over four decades."
1953,24,Private Secretary,//en.wikipedia.org/wiki/Private_Secretary_(TV_series),CBS,30.3,10666.0,35,comedy,"Private Secretary is an American sitcom that aired from February 1, 1953 to September 10, 1957 on CBS, alternating with The Jack Benny Program on Sundays at 7:30pm EST. The series stars Ann Sothern as Susan Camille ""Susie"" MacNamara, devoted secretary to handsome talent agent Peter Sands, played by Don Porter."
1953,25,I Married Joan,//en.wikipedia.org/wiki/I_Married_Joan,NBC,30.2,14454.0,35,comedy,"I Married Joan is an American sitcom that aired on NBC from 1952 to 1955. It starred veteran vaudeville, film, and radio comedienne-comedy actress Joan Davis as the manic, scatterbrained wife of a mild-mannered community judge, the Honorable Bradley Stevens."
1953,25,Mama,//en.wikipedia.org/wiki/Mama_(American_TV_series),CBS,30.2,2016.0,35,comedy,"Thelma Harper and her spinster sister Fran open their home to Thelma's recently divorced son Vinton and his teenage son and daughter. It's quite an adjustment for everyone, especially the cranky, argumentative Thelma."
1953,27,General Electric Theater,//en.wikipedia.org/wiki/General_Electric_Theater,CBS,29.9,4520.0,"35,18",comedy,General Electric Theater is an American anthology series hosted by Ronald Reagan that was broadcast on CBS radio and television. The series was sponsored by General Electric's Department of Public Relations.
1953,28,What's My Line?,//en.wikipedia.org/wiki/What's_My_Line%3F,CBS,29.6,26663.0,"10751,35",comedy,"Four panelists must determine guests' occupations - and, in the case of famous guests, while blindfolded, their identity - by asking only ""yes"" or ""no"" questions."
1954,1,I Love Lucy,//en.wikipedia.org/wiki/I_Love_Lucy,CBS,49.3,2730.0,"35,10751",comedy,"Cuban Bandleader Ricky Ricardo would be happy if his wife Lucy would just be a housewife. Instead she tries constantly to perform at the Tropicana where he works, and make life comically frantic in the apartment building they share with landlords Fred and Ethel Mertz, who also happen to be their best friends."
1954,2,The Jackie Gleason Show,//en.wikipedia.org/wiki/The_Jackie_Gleason_Show,CBS,42.4,950.0,35,comedy,"The prodigiously talented Gleason became a TV icon after he joined CBS from DuMont, where his work on `Calvalcade of Stars' had established many of his trademark characters, including Reginald Van Gleason III, the Poor Soul and Ralph Kramden, featured here, along with Art Carney, in `Honeymooners' sketches. The Emmy-winning mix also featured guest stars, musical comedy, the glitzy June Taylor Dancers and Frank Fontaine's Crazy Guggenheim character."
1954,4,You Bet Your Life,//en.wikipedia.org/wiki/You_Bet_Your_Life,NBC,41.0,4473.0,35,comedy,"You Bet Your Life is an American quiz show that aired on both radio and television. The original and best-known version was hosted by Groucho Marx of the Marx Brothers, with announcer and assistant George Fenneman. The show debuted on ABC Radio in October 1947, then moved to CBS Radio in September 1949 before making the transition to NBC-TV in October 1950. Because of its simple format, it was possible to broadcast the show simultaneously on the radio and on television. In 1960, the show was renamed The Groucho Show and ran a further year. Most episodes are in the public domain.

The play of the game, however, was secondary to the interplay between Groucho, the contestants, and occasionally Fenneman. The program was rerun into the 1970s, and later in syndication as The Best of Groucho. As such, it was the first game show to have its reruns syndicated."
1954,5,The Toast of the Town,//en.wikipedia.org/wiki/The_Ed_Sullivan_Show,CBS,39.6,5307.0,"35,10767",comedy,"The Ed Sullivan Show is an American TV variety show that originally ran on CBS from Sunday June 20, 1948 to Sunday June 6, 1971, and was hosted by New York entertainment columnist Ed Sullivan. It was replaced in September 1971 by the CBS Sunday Night Movie, which ran only one season and was eventually replaced by other shows.

In 2002, The Ed Sullivan Show was ranked #15 on TV Guide's 50 Greatest TV Shows of All Time."
1954,7,The Jack Benny Show,//en.wikipedia.org/wiki/The_Jack_Benny_Program#Television,CBS,38.3,10151.0,35,comedy,Laugh along with funnyman Jack Benny as he brings his underplayed humor to TV along with regular performers from his radio show days.
1954,8,The George Gobel Show,//en.wikipedia.org/wiki/The_George_Gobel_Show,NBC,35.2,26027.0,35,comedy,The George Gobel Show is an American television series hosted George Gobel that aired on NBC from 1954 to 1960.
1954,10,December Bride,//en.wikipedia.org/wiki/December_Bride,CBS,34.7,1020.0,35,comedy,"December Bride is an American sitcom that aired on the CBS television network from 1954 to 1959, adapted from the original CBS radio network series that aired from June 1952 through September 1953."
1954,11,The Buick-Berle Show,//en.wikipedia.org/wiki/Texaco_Star_Theatre#Television,NBC,34.6,469.0,35,comedy,"Texaco Star Theater is an American comedy-variety show, broadcast on radio from 1938 to 1949 and telecast from 1948 to 1956. It was one of the first successful examples of American television broadcasting, remembered as the show that gave Milton Berle the nickname ""Mr. Television"".

The classic 1940–44 version of the program, hosted by radio's Fred Allen, was followed by a radio series on ABC in the spring of 1948. When Texaco first took it to television on NBC on June 8, 1948, the show had a huge cultural impact."
1954,17,General Electric Theater,//en.wikipedia.org/wiki/General_Electric_Theater,CBS,32.6,4520.0,"35,18",comedy,General Electric Theater is an American anthology series hosted by Ronald Reagan that was broadcast on CBS radio and television. The series was sponsored by General Electric's Department of Public Relations.
1954,18,Arthur Godfrey's Talent Scouts,//en.wikipedia.org/wiki/Arthur_Godfrey's_Talent_Scouts#Television,CBS,32.5,9977.0,35,comedy,"Arthur Godfrey's Talent Scouts is an American radio and television variety show which ran on CBS from 1946 until 1958. Sponsored by Lipton Tea, it stars Arthur Godfrey, who was also hosting Arthur Godfrey and His Friends at the same time."
1954,19,Private Secretary,//en.wikipedia.org/wiki/Private_Secretary_(TV_series),CBS,32.2,10666.0,35,comedy,"Private Secretary is an American sitcom that aired from February 1, 1953 to September 10, 1957 on CBS, alternating with The Jack Benny Program on Sundays at 7:30pm EST. The series stars Ann Sothern as Susan Camille ""Susie"" MacNamara, devoted secretary to handsome talent agent Peter Sands, played by Don Porter."
1954,21,The Life of Riley,//en.wikipedia.org/wiki/The_Life_of_Riley,NBC,30.9,22902.0,35,comedy,"Riley worked in an aircraft plant in California, but viewers usually saw him at home, cheerfully disrupting life with his malapropisms and ill timed intervention into minor problems."
1954,24,Topper,//en.wikipedia.org/wiki/Topper_(TV_series),CBS,29.4,12145.0,"10765,35",comedy,"Topper is an American fantasy sitcom based on the 1937 film of the same name. The series was broadcast on CBS from October 9, 1953 to July 15, 1955, and stars Leo G. Carroll in the title role."
1954,26,The George Burns and Gracie Allen Show,//en.wikipedia.org/wiki/The_George_Burns_and_Gracie_Allen_Show,CBS,29.0,30667.0,35,comedy,"Burns and Allen, an American comedy duo consisting of George Burns and his wife, Gracie Allen, worked together as a comedy team in vaudeville, films, radio and television and achieved great success over four decades."
1954,27,The Colgate Comedy Hour,//en.wikipedia.org/wiki/The_Colgate_Comedy_Hour,NBC,28.0,1048.0,35,comedy,"The Colgate Comedy Hour is an American comedy-musical variety series that aired live on the NBC network from 1950 to 1955. The show starred many notable comedians and entertainers of the era, including Eddie Cantor, Dean Martin and Jerry Lewis, Fred Allen, Donald O'Connor, Bud Abbott and Lou Costello, Bob Hope, Jimmy Durante, Ray Bolger, Gordon MacRae, Ben Blue, Robert Paige, Tony Curtis, Burt Lancaster, Broadway dancer Wayne Lamb and Spike Jones and His City Slickers."
1954,28,The Loretta Young Show,//en.wikipedia.org/wiki/Letter_to_Loretta,NBC,27.7,7900.0,"35,18",comedy,"The New Loretta Young Show, is an American television series, which aired for twenty-six weekly episodes on CBS television from September 24, 1962 to March 18, 1963, features Loretta Young in a combination drama and situation comedy about a free-lance writer in suburban Connecticut named Christine Massey, the widowed mother of seven children. The program is the only one in which Young starred as a recurring character. Her previous anthology series on NBC placed her in the role of hostess and occasional star. Young is the first star to garner both Academy and Emmy awards, one of a relatively few to make the transition from motion picture to television.

Though it followed the popular The Andy Griffith Show on CBS, The New Loretta Young Show, sponsored by Lever Brothers, proved unable to sustain the needed audience in competition at 10 p.m. Eastern time on Mondays with the ABC medical drama Ben Casey starring Vince Edwards and Sam Jaffe, which entered its second season. NBC fielded David Brinkley's Journal at the same time, reflections of the news correspondent David Brinkley. The New Loretta Young Show was hence quietly dropped at the end of winter in 1963. Young had formed LYL Production Company for the series, an indication that she did not expect a premature end to the program. Norman Foster directed most of the episodes; John London and Ruth Roberts were the producers."
1954,29,My Little Margie,//en.wikipedia.org/wiki/My_Little_Margie,NBC,27.1,11766.0,35,comedy,My Little Margie is an American situation comedy starring Gale Storm and Charles Farrell that alternated between CBS and NBC from 1952 to 1955.
1955,2,I Love Lucy,//en.wikipedia.org/wiki/I_Love_Lucy,CBS,46.1,2730.0,"35,10751",comedy,"Cuban Bandleader Ricky Ricardo would be happy if his wife Lucy would just be a housewife. Instead she tries constantly to perform at the Tropicana where he works, and make life comically frantic in the apartment building they share with landlords Fred and Ethel Mertz, who also happen to be their best friends."
1955,3,The Ed Sullivan Show,//en.wikipedia.org/wiki/The_Ed_Sullivan_Show,CBS,39.5,5307.0,"35,10767",comedy,"The Ed Sullivan Show is an American TV variety show that originally ran on CBS from Sunday June 20, 1948 to Sunday June 6, 1971, and was hosted by New York entertainment columnist Ed Sullivan. It was replaced in September 1971 by the CBS Sunday Night Movie, which ran only one season and was eventually replaced by other shows.

In 2002, The Ed Sullivan Show was ranked #15 on TV Guide's 50 Greatest TV Shows of All Time."
1955,5,The Jack Benny Show,//en.wikipedia.org/wiki/The_Jack_Benny_Program#Television,CBS,37.2,10151.0,35,comedy,Laugh along with funnyman Jack Benny as he brings his underplayed humor to TV along with regular performers from his radio show days.
1955,6,December Bride,//en.wikipedia.org/wiki/December_Bride,CBS,37.0,1020.0,35,comedy,"December Bride is an American sitcom that aired on the CBS television network from 1954 to 1959, adapted from the original CBS radio network series that aired from June 1952 through September 1953."
1955,7,You Bet Your Life,//en.wikipedia.org/wiki/You_Bet_Your_Life,NBC,35.4,4473.0,35,comedy,"You Bet Your Life is an American quiz show that aired on both radio and television. The original and best-known version was hosted by Groucho Marx of the Marx Brothers, with announcer and assistant George Fenneman. The show debuted on ABC Radio in October 1947, then moved to CBS Radio in September 1949 before making the transition to NBC-TV in October 1950. Because of its simple format, it was possible to broadcast the show simultaneously on the radio and on television. In 1960, the show was renamed The Groucho Show and ran a further year. Most episodes are in the public domain.

The play of the game, however, was secondary to the interplay between Groucho, the contestants, and occasionally Fenneman. The program was rerun into the 1970s, and later in syndication as The Best of Groucho. As such, it was the first game show to have its reruns syndicated."
1955,11,General Electric Theater,//en.wikipedia.org/wiki/General_Electric_Theater,CBS,32.9,4520.0,"35,18",comedy,General Electric Theater is an American anthology series hosted by Ronald Reagan that was broadcast on CBS radio and television. The series was sponsored by General Electric's Department of Public Relations.
1955,12,Private Secretary,//en.wikipedia.org/wiki/Private_Secretary_(TV_series),CBS,32.4,10666.0,35,comedy,"Private Secretary is an American sitcom that aired from February 1, 1953 to September 10, 1957 on CBS, alternating with The Jack Benny Program on Sundays at 7:30pm EST. The series stars Ann Sothern as Susan Camille ""Susie"" MacNamara, devoted secretary to handsome talent agent Peter Sands, played by Don Porter."
1955,14,The Red Skelton Show,//en.wikipedia.org/wiki/The_Red_Skelton_Show,CBS,32.3,10534.0,"35,10767,10751",comedy,"The Red Skelton Show is an American variety show that was a television staple for two decades, from 1951 to 1971. It was second to Gunsmoke and third to The Ed Sullivan Show in the ratings during that time. Skelton, who had previously been a radio star, had appeared in several motion pictures as well. Although his television series is largely associated with CBS, where it appeared for more than fifteen years, it actually began and ended on NBC. During its run, the program received three Emmy Awards, for Skelton as best comedian and the program as best comedy show during its initial season, and an award for comedy writing in 1961."
1955,15,The George Gobel Show,//en.wikipedia.org/wiki/The_George_Gobel_Show,NBC,31.9,26027.0,35,comedy,The George Gobel Show is an American television series hosted George Gobel that aired on NBC from 1954 to 1960.
1955,16,Arthur Godfrey's Talent Scouts,//en.wikipedia.org/wiki/Arthur_Godfrey's_Talent_Scouts#Television,CBS,31.1,9977.0,35,comedy,"Arthur Godfrey's Talent Scouts is an American radio and television variety show which ran on CBS from 1946 until 1958. Sponsored by Lipton Tea, it stars Arthur Godfrey, who was also hosting Arthur Godfrey and His Friends at the same time."
1955,17,The Lineup,//en.wikipedia.org/wiki/The_Lineup_(TV_series),CBS,30.8,80366.0,35,comedy,A diverse group of up-and-coming comedians perform 15-minute sets in this stand-up comedy showcase series.
1955,19,The Honeymooners,//en.wikipedia.org/wiki/The_Honeymooners,CBS,30.2,4439.0,"35,10751",comedy,A bus driver and his sewer worker friend struggle to strike it rich while their wives look on with weary patience. One of the most influential situation comedy television series in American history.
1955,21,The Life of Riley,//en.wikipedia.org/wiki/The_Life_of_Riley,NBC,29.9,22902.0,35,comedy,"Riley worked in an aircraft plant in California, but viewers usually saw him at home, cheerfully disrupting life with his malapropisms and ill timed intervention into minor problems."
1955,25,Lux Video Theatre,//en.wikipedia.org/wiki/Lux_Video_Theatre,NBC,28.9,12277.0,"18,35",comedy,"Lux Video Theatre is an American anthology series that was produced from 1950 until 1959. The series presented both comedy and drama in original teleplays, as well as abridged adaptations of films and plays."
1955,27,The George Burns and Gracie Allen Show,//en.wikipedia.org/wiki/The_George_Burns_and_Gracie_Allen_Show,CBS,28.4,30667.0,35,comedy,"Burns and Allen, an American comedy duo consisting of George Burns and his wife, Gracie Allen, worked together as a comedy team in vaudeville, films, radio and television and achieved great success over four decades."
1955,30,The Phil Silvers Show,//en.wikipedia.org/wiki/The_Phil_Silvers_Show,CBS,28.1,11747.0,35,comedy,"The Phil Silvers Show, originally titled You'll Never Get Rich, was a sitcom which ran on CBS from 1955 to 1959 for 142 episodes, plus a 1959 special. The series starred Phil Silvers as Master Sergeant Ernest G. Bilko of the United States Army.

The series was created and largely written by Nat Hiken, and won three consecutive Emmy Awards for Best Comedy Series. The show is sometimes titled Sergeant Bilko or simply Bilko in reruns, and is very often referred to by these names, both on-screen and by viewers. The show's success transformed Silvers from a journeyman comedian into a star, and writer-producer Hiken from a highly-regarded behind-the-scenes comedy writer into a publicly recognized creator."
1956,1,I Love Lucy,//en.wikipedia.org/wiki/I_Love_Lucy,CBS,43.7,2730.0,"35,10751",comedy,"Cuban Bandleader Ricky Ricardo would be happy if his wife Lucy would just be a housewife. Instead she tries constantly to perform at the Tropicana where he works, and make life comically frantic in the apartment building they share with landlords Fred and Ethel Mertz, who also happen to be their best friends."
1956,2,The Ed Sullivan Show,//en.wikipedia.org/wiki/The_Ed_Sullivan_Show,CBS,38.4,5307.0,"35,10767",comedy,"The Ed Sullivan Show is an American TV variety show that originally ran on CBS from Sunday June 20, 1948 to Sunday June 6, 1971, and was hosted by New York entertainment columnist Ed Sullivan. It was replaced in September 1971 by the CBS Sunday Night Movie, which ran only one season and was eventually replaced by other shows.

In 2002, The Ed Sullivan Show was ranked #15 on TV Guide's 50 Greatest TV Shows of All Time."
1956,3,General Electric Theater,//en.wikipedia.org/wiki/General_Electric_Theater,CBS,36.9,4520.0,"35,18",comedy,General Electric Theater is an American anthology series hosted by Ronald Reagan that was broadcast on CBS radio and television. The series was sponsored by General Electric's Department of Public Relations.
1956,5,December Bride,//en.wikipedia.org/wiki/December_Bride,CBS,35.2,1020.0,35,comedy,"December Bride is an American sitcom that aired on the CBS television network from 1954 to 1959, adapted from the original CBS radio network series that aired from June 1952 through September 1953."
1956,10,The Jack Benny Show,//en.wikipedia.org/wiki/The_Jack_Benny_Program#Television,CBS,32.3,10151.0,35,comedy,Laugh along with funnyman Jack Benny as he brings his underplayed humor to TV along with regular performers from his radio show days.
1956,12,Arthur Godfrey's Talent Scouts,//en.wikipedia.org/wiki/Arthur_Godfrey's_Talent_Scouts#Television,CBS,31.9,9977.0,35,comedy,"Arthur Godfrey's Talent Scouts is an American radio and television variety show which ran on CBS from 1946 until 1958. Sponsored by Lipton Tea, it stars Arthur Godfrey, who was also hosting Arthur Godfrey and His Friends at the same time."
1956,15,The Red Skelton Show,//en.wikipedia.org/wiki/The_Red_Skelton_Show,CBS,31.4,10534.0,"35,10767,10751",comedy,"The Red Skelton Show is an American variety show that was a television staple for two decades, from 1951 to 1971. It was second to Gunsmoke and third to The Ed Sullivan Show in the ratings during that time. Skelton, who had previously been a radio star, had appeared in several motion pictures as well. Although his television series is largely associated with CBS, where it appeared for more than fifteen years, it actually began and ended on NBC. During its run, the program received three Emmy Awards, for Skelton as best comedian and the program as best comedy show during its initial season, and an award for comedy writing in 1961."
1956,15,The Lineup,//en.wikipedia.org/wiki/The_Lineup_(TV_series),CBS,31.4,80366.0,35,comedy,A diverse group of up-and-coming comedians perform 15-minute sets in this stand-up comedy showcase series.
1956,17,You Bet Your Life,//en.wikipedia.org/wiki/You_Bet_Your_Life,NBC,31.1,4473.0,35,comedy,"You Bet Your Life is an American quiz show that aired on both radio and television. The original and best-known version was hosted by Groucho Marx of the Marx Brothers, with announcer and assistant George Fenneman. The show debuted on ABC Radio in October 1947, then moved to CBS Radio in September 1949 before making the transition to NBC-TV in October 1950. Because of its simple format, it was possible to broadcast the show simultaneously on the radio and on television. In 1960, the show was renamed The Groucho Show and ran a further year. Most episodes are in the public domain.

The play of the game, however, was secondary to the interplay between Groucho, the contestants, and occasionally Fenneman. The program was rerun into the 1970s, and later in syndication as The Best of Groucho. As such, it was the first game show to have its reruns syndicated."
1956,22,The Phil Silvers Show,//en.wikipedia.org/wiki/The_Phil_Silvers_Show,CBS,29.7,11747.0,35,comedy,"The Phil Silvers Show, originally titled You'll Never Get Rich, was a sitcom which ran on CBS from 1955 to 1959 for 142 episodes, plus a 1959 special. The series starred Phil Silvers as Master Sergeant Ernest G. Bilko of the United States Army.

The series was created and largely written by Nat Hiken, and won three consecutive Emmy Awards for Best Comedy Series. The show is sometimes titled Sergeant Bilko or simply Bilko in reruns, and is very often referred to by these names, both on-screen and by viewers. The show's success transformed Silvers from a journeyman comedian into a star, and writer-producer Hiken from a highly-regarded behind-the-scenes comedy writer into a publicly recognized creator."
1956,24,Lassie,//en.wikipedia.org/wiki/Lassie_(1954_TV_series),CBS,29.5,5368.0,"10759,18,10751,35",comedy,"Lassie is the pet of Jeff Miller, an 11-year-old farm boy. The two become best friends and enjoy family adventures in the American countryside, teaching each other about love, nature and commitment."
1956,25,Private Secretary,//en.wikipedia.org/wiki/Private_Secretary_(TV_series),CBS,29.0,10666.0,35,comedy,"Private Secretary is an American sitcom that aired from February 1, 1953 to September 10, 1957 on CBS, alternating with The Jack Benny Program on Sundays at 7:30pm EST. The series stars Ann Sothern as Susan Camille ""Susie"" MacNamara, devoted secretary to handsome talent agent Peter Sands, played by Don Porter."
1956,26,What's My Line?,//en.wikipedia.org/wiki/What's_My_Line%3F,CBS,28.9,26663.0,"10751,35",comedy,"Four panelists must determine guests' occupations - and, in the case of famous guests, while blindfolded, their identity - by asking only ""yes"" or ""no"" questions."
1956,28,The George Burns and Gracie Allen Show,//en.wikipedia.org/wiki/The_George_Burns_and_Gracie_Allen_Show,CBS,27.8,30667.0,35,comedy,"Burns and Allen, an American comedy duo consisting of George Burns and his wife, Gracie Allen, worked together as a comedy team in vaudeville, films, radio and television and achieved great success over four decades."
1956,29,The Jackie Gleason Show,//en.wikipedia.org/wiki/The_Jackie_Gleason_Show,CBS,27.6,950.0,35,comedy,"The prodigiously talented Gleason became a TV icon after he joined CBS from DuMont, where his work on `Calvalcade of Stars' had established many of his trademark characters, including Reginald Van Gleason III, the Poor Soul and Ralph Kramden, featured here, along with Art Carney, in `Honeymooners' sketches. The Emmy-winning mix also featured guest stars, musical comedy, the glitzy June Taylor Dancers and Frank Fontaine's Crazy Guggenheim character."
1957,2,The Danny Thomas Show,//en.wikipedia.org/wiki/The_Danny_Thomas_Show,CBS,35.3,981.0,35,comedy,"Danny Thomas, an entertainer, tries to balance his home life with the needs of his career, with hilarious results."
1957,7,General Electric Theater,//en.wikipedia.org/wiki/General_Electric_Theater,CBS,31.5,4520.0,"35,18",comedy,General Electric Theater is an American anthology series hosted by Ronald Reagan that was broadcast on CBS radio and television. The series was sponsored by General Electric's Department of Public Relations.
1957,9,December Bride,//en.wikipedia.org/wiki/December_Bride,CBS,30.7,1020.0,35,comedy,"December Bride is an American sitcom that aired on the CBS television network from 1954 to 1959, adapted from the original CBS radio network series that aired from June 1952 through September 1953."
1957,10,You Bet Your Life,//en.wikipedia.org/wiki/You_Bet_Your_Life,NBC,30.6,4473.0,35,comedy,"You Bet Your Life is an American quiz show that aired on both radio and television. The original and best-known version was hosted by Groucho Marx of the Marx Brothers, with announcer and assistant George Fenneman. The show debuted on ABC Radio in October 1947, then moved to CBS Radio in September 1949 before making the transition to NBC-TV in October 1950. Because of its simple format, it was possible to broadcast the show simultaneously on the radio and on television. In 1960, the show was renamed The Groucho Show and ran a further year. Most episodes are in the public domain.

The play of the game, however, was secondary to the interplay between Groucho, the contestants, and occasionally Fenneman. The program was rerun into the 1970s, and later in syndication as The Best of Groucho. As such, it was the first game show to have its reruns syndicated."
1957,15,The Red Skelton Show,//en.wikipedia.org/wiki/The_Red_Skelton_Show,CBS,28.9,10534.0,"35,10767,10751",comedy,"The Red Skelton Show is an American variety show that was a television staple for two decades, from 1951 to 1971. It was second to Gunsmoke and third to The Ed Sullivan Show in the ratings during that time. Skelton, who had previously been a radio star, had appeared in several motion pictures as well. Although his television series is largely associated with CBS, where it appeared for more than fifteen years, it actually began and ended on NBC. During its run, the program received three Emmy Awards, for Skelton as best comedian and the program as best comedy show during its initial season, and an award for comedy writing in 1961."
1957,16,The Gale Storm Show,//en.wikipedia.org/wiki/The_Gale_Storm_Show,CBS,28.8,13166.0,35,comedy,"The Gale Storm Show is an American sitcom starring Gale Storm. The series premiered on September 29, 1956, and ran until 1960 for 143 half-hour black-and-white episodes, initially on CBS and in its last year on ABC. The Gale Storm Show was co-produced by Independent Television Corporation and Hal Roach Studios.

The series was aired under the title Oh, Susanna in syndication."
1957,18,The Lineup,//en.wikipedia.org/wiki/The_Lineup_(TV_series),CBS,28.4,80366.0,35,comedy,A diverse group of up-and-coming comedians perform 15-minute sets in this stand-up comedy showcase series.
1957,22,Lassie,//en.wikipedia.org/wiki/Lassie_(1954_TV_series),CBS,27.8,5368.0,"10759,18,10751,35",comedy,"Lassie is the pet of Jeff Miller, an 11-year-old farm boy. The two become best friends and enjoy family adventures in the American countryside, teaching each other about love, nature and commitment."
1957,23,Father Knows Best,//en.wikipedia.org/wiki/Father_Knows_Best,NBC,27.7,10118.0,"35,10751",comedy,Family man Jim Anderson copes with the everyday problems among his wife Margaret and their three children as they experience day-to-day changes.
1957,27,The Ed Sullivan Show,//en.wikipedia.org/wiki/The_Ed_Sullivan_Show,CBS,27.3,5307.0,"35,10767",comedy,"The Ed Sullivan Show is an American TV variety show that originally ran on CBS from Sunday June 20, 1948 to Sunday June 6, 1971, and was hosted by New York entertainment columnist Ed Sullivan. It was replaced in September 1971 by the CBS Sunday Night Movie, which ran only one season and was eventually replaced by other shows.

In 2002, The Ed Sullivan Show was ranked #15 on TV Guide's 50 Greatest TV Shows of All Time."
1957,28,The Jack Benny Show,//en.wikipedia.org/wiki/The_Jack_Benny_Program#Television,CBS,27.1,10151.0,35,comedy,Laugh along with funnyman Jack Benny as he brings his underplayed humor to TV along with regular performers from his radio show days.
1957,30,The Loretta Young Show,//en.wikipedia.org/wiki/Letter_to_Loretta,NBC,26.6,7900.0,"35,18",comedy,"The New Loretta Young Show, is an American television series, which aired for twenty-six weekly episodes on CBS television from September 24, 1962 to March 18, 1963, features Loretta Young in a combination drama and situation comedy about a free-lance writer in suburban Connecticut named Christine Massey, the widowed mother of seven children. The program is the only one in which Young starred as a recurring character. Her previous anthology series on NBC placed her in the role of hostess and occasional star. Young is the first star to garner both Academy and Emmy awards, one of a relatively few to make the transition from motion picture to television.

Though it followed the popular The Andy Griffith Show on CBS, The New Loretta Young Show, sponsored by Lever Brothers, proved unable to sustain the needed audience in competition at 10 p.m. Eastern time on Mondays with the ABC medical drama Ben Casey starring Vince Edwards and Sam Jaffe, which entered its second season. NBC fielded David Brinkley's Journal at the same time, reflections of the news correspondent David Brinkley. The New Loretta Young Show was hence quietly dropped at the end of winter in 1963. Young had formed LYL Production Company for the series, an indication that she did not expect a premature end to the program. Norman Foster directed most of the episodes; John London and Ruth Roberts were the producers."
1957,30,The Real McCoys,//en.wikipedia.org/wiki/The_Real_McCoys,ABC,26.6,10458.0,35,comedy,"The Real McCoys is an American situation comedy co-produced by Danny Thomas' ""Marterto Productions"", in association with Walter Brennan and Irving Pincus' ""Westgate"" company. The series aired for five seasons on the ABC-TV network from 1957 through 1962 and then for its final year on CBS from 1962 to 1963.

The series, set in the San Fernando Valley of California, was filmed in Hollywood at Desilu studios."
1958,5,The Danny Thomas Show,//en.wikipedia.org/wiki/The_Danny_Thomas_Show,CBS,32.8,981.0,35,comedy,"Danny Thomas, an entertainer, tries to balance his home life with the needs of his career, with hilarious results."
1958,6,Maverick,//en.wikipedia.org/wiki/Maverick_(TV_series),ABC,30.4,953.0,"35,37",comedy,"The Maverick boys - Bret, Bart, Beau and Brent - are a clan of well-dressed dandies, gamblers who'd much rather make their money playing cards than messing up their fine clothing with actual work. Sly and clever, none of the Mavericks are much for acts of derring do, but they can be courageous when the situation calls for it. Most often, however, they live by their wits and considerable charm."
1958,8,The Real McCoys,//en.wikipedia.org/wiki/The_Real_McCoys,ABC,30.1,10458.0,35,comedy,"The Real McCoys is an American situation comedy co-produced by Danny Thomas' ""Marterto Productions"", in association with Walter Brennan and Irving Pincus' ""Westgate"" company. The series aired for five seasons on the ABC-TV network from 1957 through 1962 and then for its final year on CBS from 1962 to 1963.

The series, set in the San Fernando Valley of California, was filmed in Hollywood at Desilu studios."
1958,12,The Red Skelton Show,//en.wikipedia.org/wiki/The_Red_Skelton_Show,CBS,28.5,10534.0,"35,10767,10751",comedy,"The Red Skelton Show is an American variety show that was a television staple for two decades, from 1951 to 1971. It was second to Gunsmoke and third to The Ed Sullivan Show in the ratings during that time. Skelton, who had previously been a radio star, had appeared in several motion pictures as well. Although his television series is largely associated with CBS, where it appeared for more than fifteen years, it actually began and ended on NBC. During its run, the program received three Emmy Awards, for Skelton as best comedian and the program as best comedy show during its initial season, and an award for comedy writing in 1961."
1958,13,Father Knows Best,//en.wikipedia.org/wiki/Father_Knows_Best,CBS,28.3,10118.0,"35,10751",comedy,Family man Jim Anderson copes with the everyday problems among his wife Margaret and their three children as they experience day-to-day changes.
1958,21,The Ann Sothern Show,//en.wikipedia.org/wiki/The_Ann_Sothern_Show,CBS,27.0,14696.0,35,comedy,"The Ann Sothern Show is an American sitcom starring Ann Sothern that aired on CBS for 93 episodes. The series began on October 6, 1958, and ended on September 25, 1961.

The Ann Sothern Show was Sothern's second sitcom for CBS. Her first series, Private Secretary, ended in 1957 after a contract dispute occurred between Sothern and Secretary's producer Jack Chertok. Several of Private Secretary's cast members appeared in the show."
1958,25,General Electric Theater,//en.wikipedia.org/wiki/General_Electric_Theater,CBS,26.7,4520.0,"35,18",comedy,General Electric Theater is an American anthology series hosted by Ronald Reagan that was broadcast on CBS radio and television. The series was sponsored by General Electric's Department of Public Relations.
1959,4,The Danny Thomas Show,//en.wikipedia.org/wiki/The_Danny_Thomas_Show,CBS,31.1,981.0,35,comedy,"Danny Thomas, an entertainer, tries to balance his home life with the needs of his career, with hilarious results."
1959,5,The Red Skelton Show,//en.wikipedia.org/wiki/The_Red_Skelton_Show,CBS,30.8,10534.0,"35,10767,10751",comedy,"The Red Skelton Show is an American variety show that was a television staple for two decades, from 1951 to 1971. It was second to Gunsmoke and third to The Ed Sullivan Show in the ratings during that time. Skelton, who had previously been a radio star, had appeared in several motion pictures as well. Although his television series is largely associated with CBS, where it appeared for more than fifteen years, it actually began and ended on NBC. During its run, the program received three Emmy Awards, for Skelton as best comedian and the program as best comedy show during its initial season, and an award for comedy writing in 1961."
1959,6,Father Knows Best,//en.wikipedia.org/wiki/Father_Knows_Best,CBS,29.7,10118.0,"35,10751",comedy,Family man Jim Anderson copes with the everyday problems among his wife Margaret and their three children as they experience day-to-day changes.
1959,11,The Real McCoys,//en.wikipedia.org/wiki/The_Real_McCoys,ABC,28.2,10458.0,35,comedy,"The Real McCoys is an American situation comedy co-produced by Danny Thomas' ""Marterto Productions"", in association with Walter Brennan and Irving Pincus' ""Westgate"" company. The series aired for five seasons on the ABC-TV network from 1957 through 1962 and then for its final year on CBS from 1962 to 1963.

The series, set in the San Fernando Valley of California, was filmed in Hollywood at Desilu studios."
1959,12,The Ed Sullivan Show,//en.wikipedia.org/wiki/The_Ed_Sullivan_Show,CBS,28.0,5307.0,"35,10767",comedy,"The Ed Sullivan Show is an American TV variety show that originally ran on CBS from Sunday June 20, 1948 to Sunday June 6, 1971, and was hosted by New York entertainment columnist Ed Sullivan. It was replaced in September 1971 by the CBS Sunday Night Movie, which ran only one season and was eventually replaced by other shows.

In 2002, The Ed Sullivan Show was ranked #15 on TV Guide's 50 Greatest TV Shows of All Time."
1959,16,Dennis the Menace,//en.wikipedia.org/wiki/Dennis_the_Menace_(1959_TV_series),CBS,26.0,9985.0,"35,10751",comedy,"This 1959-1963 television situation comedy series follows the lives of the Mitchell family, Henry, Alice, and their only child Dennis, an energetic, trouble-prone, mischievous, but well-meaning boy, who often tangles with his peace-and-quiet-loving neighbor George Wilson, a retired salesman, or, later, with George's brother John, a writer. Dennis is basically a good, well-intentioned boy who always tries to help people, but who winds up making situations worse – often at Mr. Wilson's expense."
1959,19,Maverick,//en.wikipedia.org/wiki/Maverick_(TV_series),ABC,25.2,953.0,"35,37",comedy,"The Maverick boys - Bret, Bart, Beau and Brent - are a clan of well-dressed dandies, gamblers who'd much rather make their money playing cards than messing up their fine clothing with actual work. Sly and clever, none of the Mavericks are much for acts of derring do, but they can be courageous when the situation calls for it. Most often, however, they live by their wits and considerable charm."
1959,21,General Electric Theater,//en.wikipedia.org/wiki/General_Electric_Theater,CBS,24.4,4520.0,"35,18",comedy,General Electric Theater is an American anthology series hosted by Ronald Reagan that was broadcast on CBS radio and television. The series was sponsored by General Electric's Department of Public Relations.
1959,24,The Ann Sothern Show,//en.wikipedia.org/wiki/The_Ann_Sothern_Show,CBS,24.2,14696.0,35,comedy,"The Ann Sothern Show is an American sitcom starring Ann Sothern that aired on CBS for 93 episodes. The series began on October 6, 1958, and ended on September 25, 1961.

The Ann Sothern Show was Sothern's second sitcom for CBS. Her first series, Private Secretary, ended in 1957 after a contract dispute occurred between Sothern and Secretary's producer Jack Chertok. Several of Private Secretary's cast members appeared in the show."
1959,26,You Bet Your Life,//en.wikipedia.org/wiki/You_Bet_Your_Life,NBC,24.0,4473.0,35,comedy,"You Bet Your Life is an American quiz show that aired on both radio and television. The original and best-known version was hosted by Groucho Marx of the Marx Brothers, with announcer and assistant George Fenneman. The show debuted on ABC Radio in October 1947, then moved to CBS Radio in September 1949 before making the transition to NBC-TV in October 1950. Because of its simple format, it was possible to broadcast the show simultaneously on the radio and on television. In 1960, the show was renamed The Groucho Show and ran a further year. Most episodes are in the public domain.

The play of the game, however, was secondary to the interplay between Groucho, the contestants, and occasionally Fenneman. The program was rerun into the 1970s, and later in syndication as The Best of Groucho. As such, it was the first game show to have its reruns syndicated."
1959,27,What's My Line?,//en.wikipedia.org/wiki/What's_My_Line%3F,CBS,23.9,26663.0,"10751,35",comedy,"Four panelists must determine guests' occupations - and, in the case of famous guests, while blindfolded, their identity - by asking only ""yes"" or ""no"" questions."
1959,29,Lassie,//en.wikipedia.org/wiki/Lassie_(1954_TV_series),CBS,23.1,5368.0,"10759,18,10751,35",comedy,"Lassie is the pet of Jeff Miller, an 11-year-old farm boy. The two become best friends and enjoy family adventures in the American countryside, teaching each other about love, nature and commitment."
1960,4,The Andy Griffith Show,//en.wikipedia.org/wiki/The_Andy_Griffith_Show,CBS,27.8,106.0,"35,10751",comedy,"The Andy Griffith Show is an American sitcom first televised on CBS between October 3, 1960 and April 1, 1968. Andy Griffith portrays the widowed sheriff of the fictional small community of Mayberry, North Carolina. His life is complicated by an inept, but well-meaning deputy, Barney Fife, a spinster aunt and housekeeper, Aunt Bee, and a precocious young son, Opie. Local ne'er-do-wells, bumbling pals, and temperamental girlfriends further complicate his life. Andy Griffith stated in a Today Show interview, with respect to the time period of the show: ""Well, though we never said it, and though it was shot in the '60s, it had a feeling of the '30s. It was when we were doing it, of a time gone by.""

The series never placed lower than seventh in the Nielsen ratings and ended its final season at number one. It has been ranked by TV Guide as the 9th-best show in American television history. Though neither Griffith nor the show won awards during its eight-season run, series co-stars Knotts and Bavier accumulated a combined total of six Emmy Awards. The show, a semi-spin-off from an episode of The Danny Thomas Show titled ""Danny Meets Andy Griffith"", spawned its own spin-off series, Gomer Pyle, U.S.M.C., a sequel series, Mayberry R.F.D., and a reunion telemovie, Return to Mayberry. The show's enduring popularity has generated a good deal of show-related merchandise. Reruns currently air on TV Land, and the complete series is available on DVD. All eight seasons are also now available by streaming video services such as Netflix."
1960,5,The Real McCoys,//en.wikipedia.org/wiki/The_Real_McCoys,ABC,27.7,10458.0,35,comedy,"The Real McCoys is an American situation comedy co-produced by Danny Thomas' ""Marterto Productions"", in association with Walter Brennan and Irving Pincus' ""Westgate"" company. The series aired for five seasons on the ABC-TV network from 1957 through 1962 and then for its final year on CBS from 1962 to 1963.

The series, set in the San Fernando Valley of California, was filmed in Hollywood at Desilu studios."
1960,10,The Jack Benny Show,//en.wikipedia.org/wiki/The_Jack_Benny_Program#Television,CBS,26.2,10151.0,35,comedy,Laugh along with funnyman Jack Benny as he brings his underplayed humor to TV along with regular performers from his radio show days.
1960,11,Dennis the Menace,//en.wikipedia.org/wiki/Dennis_the_Menace_(1959_TV_series),CBS,26.1,9985.0,"35,10751",comedy,"This 1959-1963 television situation comedy series follows the lives of the Mitchell family, Henry, Alice, and their only child Dennis, an energetic, trouble-prone, mischievous, but well-meaning boy, who often tangles with his peace-and-quiet-loving neighbor George Wilson, a retired salesman, or, later, with George's brother John, a writer. Dennis is basically a good, well-intentioned boy who always tries to help people, but who winds up making situations worse – often at Mr. Wilson's expense."
1960,12,The Danny Thomas Show,//en.wikipedia.org/wiki/The_Danny_Thomas_Show,CBS,25.9,981.0,35,comedy,"Danny Thomas, an entertainer, tries to balance his home life with the needs of his career, with hilarious results."
1960,13,My Three Sons,//en.wikipedia.org/wiki/My_Three_Sons,ABC,25.8,1530.0,"35,10751",comedy,"A widower and aeronautical engineer named Steven Douglas raises three sons with the help of his father-in-law, and later the boys' great-uncle. An adopted son, a stepdaughter, wives, and another generation of sons join the loving family in later seasons."
1960,15,The Ed Sullivan Show,//en.wikipedia.org/wiki/The_Ed_Sullivan_Show,CBS,25.0,5307.0,"35,10767",comedy,"The Ed Sullivan Show is an American TV variety show that originally ran on CBS from Sunday June 20, 1948 to Sunday June 6, 1971, and was hosted by New York entertainment columnist Ed Sullivan. It was replaced in September 1971 by the CBS Sunday Night Movie, which ran only one season and was eventually replaced by other shows.

In 2002, The Ed Sullivan Show was ranked #15 on TV Guide's 50 Greatest TV Shows of All Time."
1960,18,The Flintstones,//en.wikipedia.org/wiki/The_Flintstones,ABC,24.3,1996.0,"10751,16,35",comedy,"The misadventures of two modern-day Stone Age families, the Flintstones and the Rubbles."
1960,19,The Red Skelton Show,//en.wikipedia.org/wiki/The_Red_Skelton_Show,CBS,24.0,10534.0,"35,10767,10751",comedy,"The Red Skelton Show is an American variety show that was a television staple for two decades, from 1951 to 1971. It was second to Gunsmoke and third to The Ed Sullivan Show in the ratings during that time. Skelton, who had previously been a radio star, had appeared in several motion pictures as well. Although his television series is largely associated with CBS, where it appeared for more than fifteen years, it actually began and ended on NBC. During its run, the program received three Emmy Awards, for Skelton as best comedian and the program as best comedy show during its initial season, and an award for comedy writing in 1961."
1960,20,General Electric Theater,//en.wikipedia.org/wiki/General_Electric_Theater,CBS,23.4,4520.0,"35,18",comedy,General Electric Theater is an American anthology series hosted by Ronald Reagan that was broadcast on CBS radio and television. The series was sponsored by General Electric's Department of Public Relations.
1960,22,What's My Line?,//en.wikipedia.org/wiki/What's_My_Line%3F,CBS,23.1,26663.0,"10751,35",comedy,"Four panelists must determine guests' occupations - and, in the case of famous guests, while blindfolded, their identity - by asking only ""yes"" or ""no"" questions."
1960,23,The Many Loves of Dobie Gillis,//en.wikipedia.org/wiki/The_Many_Loves_of_Dobie_Gillis,CBS,23.0,221.0,35,comedy,"The Many Loves of Dobie Gillis is an American sitcom that aired on CBS from 1959 to 1963. The series and several episode scripts were adapted from a 1951 collection of short stories of the same name, written by Max Shulman, who had also written a feature film adaptation of his short stories for MGM in 1953, The Affairs of Dobie Gillis.

The series revolved around the life of teenager/young adult Dobie Gillis, who, along with his best friend, beatnik Maynard G. Krebs, struggles against the forces of his life - high school, the military, college, and his parents - as he aspires to attain both wealth and dates with girls. The Many Loves of Dobie Gillis was produced by Martin Manulis Productions in association with 20th Century Fox Television. Creator Shulman also wrote the theme song in collaboration with Lionel Newman."
1961,4,Hazel,//en.wikipedia.org/wiki/Hazel_(TV_series),NBC,27.7,10492.0,35,comedy,"Hazel is an American sitcom about a fictional live-in maid named Hazel Burke and her employers, the Baxters. The five-season, 154-episode series aired in primetime from September 28, 1961 until April 11, 1966 and was produced by Screen Gems. The show aired on NBC for its first four seasons, and then on CBS for its final season. The first season, except for one color episode was in black and white, the remainder in color.

The show was based on the popular single-panel comic strip by cartoonist Ted Key, which appeared in the Saturday Evening Post."
1961,6,The Red Skelton Show,//en.wikipedia.org/wiki/The_Red_Skelton_Show,CBS,27.1,10534.0,"35,10767,10751",comedy,"The Red Skelton Show is an American variety show that was a television staple for two decades, from 1951 to 1971. It was second to Gunsmoke and third to The Ed Sullivan Show in the ratings during that time. Skelton, who had previously been a radio star, had appeared in several motion pictures as well. Although his television series is largely associated with CBS, where it appeared for more than fifteen years, it actually began and ended on NBC. During its run, the program received three Emmy Awards, for Skelton as best comedian and the program as best comedy show during its initial season, and an award for comedy writing in 1961."
1961,7,The Andy Griffith Show,//en.wikipedia.org/wiki/The_Andy_Griffith_Show,CBS,27.0,106.0,"35,10751",comedy,"The Andy Griffith Show is an American sitcom first televised on CBS between October 3, 1960 and April 1, 1968. Andy Griffith portrays the widowed sheriff of the fictional small community of Mayberry, North Carolina. His life is complicated by an inept, but well-meaning deputy, Barney Fife, a spinster aunt and housekeeper, Aunt Bee, and a precocious young son, Opie. Local ne'er-do-wells, bumbling pals, and temperamental girlfriends further complicate his life. Andy Griffith stated in a Today Show interview, with respect to the time period of the show: ""Well, though we never said it, and though it was shot in the '60s, it had a feeling of the '30s. It was when we were doing it, of a time gone by.""

The series never placed lower than seventh in the Nielsen ratings and ended its final season at number one. It has been ranked by TV Guide as the 9th-best show in American television history. Though neither Griffith nor the show won awards during its eight-season run, series co-stars Knotts and Bavier accumulated a combined total of six Emmy Awards. The show, a semi-spin-off from an episode of The Danny Thomas Show titled ""Danny Meets Andy Griffith"", spawned its own spin-off series, Gomer Pyle, U.S.M.C., a sequel series, Mayberry R.F.D., and a reunion telemovie, Return to Mayberry. The show's enduring popularity has generated a good deal of show-related merchandise. Reruns currently air on TV Land, and the complete series is available on DVD. All eight seasons are also now available by streaming video services such as Netflix."
1961,8,The Danny Thomas Show,//en.wikipedia.org/wiki/The_Danny_Thomas_Show,CBS,26.1,981.0,35,comedy,"Danny Thomas, an entertainer, tries to balance his home life with the needs of his career, with hilarious results."
1961,11,My Three Sons,//en.wikipedia.org/wiki/My_Three_Sons,ABC,24.7,1530.0,"35,10751",comedy,"A widower and aeronautical engineer named Steven Douglas raises three sons with the help of his father-in-law, and later the boys' great-uncle. An adopted son, a stepdaughter, wives, and another generation of sons join the loving family in later seasons."
1961,14,The Real McCoys,//en.wikipedia.org/wiki/The_Real_McCoys,ABC,24.2,10458.0,35,comedy,"The Real McCoys is an American situation comedy co-produced by Danny Thomas' ""Marterto Productions"", in association with Walter Brennan and Irving Pincus' ""Westgate"" company. The series aired for five seasons on the ABC-TV network from 1957 through 1962 and then for its final year on CBS from 1962 to 1963.

The series, set in the San Fernando Valley of California, was filmed in Hollywood at Desilu studios."
1961,15,Lassie,//en.wikipedia.org/wiki/Lassie_(1954_TV_series),CBS,24.0,5368.0,"10759,18,10751,35",comedy,"Lassie is the pet of Jeff Miller, an 11-year-old farm boy. The two become best friends and enjoy family adventures in the American countryside, teaching each other about love, nature and commitment."
1961,17,Dennis the Menace,//en.wikipedia.org/wiki/Dennis_the_Menace_(1959_TV_series),CBS,23.8,9985.0,"35,10751",comedy,"This 1959-1963 television situation comedy series follows the lives of the Mitchell family, Henry, Alice, and their only child Dennis, an energetic, trouble-prone, mischievous, but well-meaning boy, who often tangles with his peace-and-quiet-loving neighbor George Wilson, a retired salesman, or, later, with George's brother John, a writer. Dennis is basically a good, well-intentioned boy who always tries to help people, but who winds up making situations worse – often at Mr. Wilson's expense."
1961,19,The Ed Sullivan Show,//en.wikipedia.org/wiki/The_Ed_Sullivan_Show,CBS,23.5,5307.0,"35,10767",comedy,"The Ed Sullivan Show is an American TV variety show that originally ran on CBS from Sunday June 20, 1948 to Sunday June 6, 1971, and was hosted by New York entertainment columnist Ed Sullivan. It was replaced in September 1971 by the CBS Sunday Night Movie, which ran only one season and was eventually replaced by other shows.

In 2002, The Ed Sullivan Show was ranked #15 on TV Guide's 50 Greatest TV Shows of All Time."
1961,20,"Car 54, Where Are You?","//en.wikipedia.org/wiki/Car_54,_Where_Are_You%3F",NBC,23.2,3727.0,35,comedy,"The misadventures of two of New York's finest in the 53rd precinct in the Bronx. Toody, the short, stocky and dim-witted one, either saves the day or messes things up, much to the chagrin of Muldoon, the tall, lanky and smart one."
1961,21,The Flintstones,//en.wikipedia.org/wiki/The_Flintstones,ABC,22.9,1996.0,"10751,16,35",comedy,"The misadventures of two modern-day Stone Age families, the Flintstones and the Rubbles."
1961,21,The Many Loves of Dobie Gillis,//en.wikipedia.org/wiki/The_Many_Loves_of_Dobie_Gillis,CBS,22.9,221.0,35,comedy,"The Many Loves of Dobie Gillis is an American sitcom that aired on CBS from 1959 to 1963. The series and several episode scripts were adapted from a 1951 collection of short stories of the same name, written by Max Shulman, who had also written a feature film adaptation of his short stories for MGM in 1953, The Affairs of Dobie Gillis.

The series revolved around the life of teenager/young adult Dobie Gillis, who, along with his best friend, beatnik Maynard G. Krebs, struggles against the forces of his life - high school, the military, college, and his parents - as he aspires to attain both wealth and dates with girls. The Many Loves of Dobie Gillis was produced by Martin Manulis Productions in association with 20th Century Fox Television. Creator Shulman also wrote the theme song in collaboration with Lionel Newman."
1961,24,The Joey Bishop Show,//en.wikipedia.org/wiki/The_Joey_Bishop_Show_(sitcom),NBC,22.6,7238.0,"35,10767",comedy,"The Joey Bishop Show is an American sitcom starring entertainer Joey Bishop. The series premiered in September 1961 on NBC where it aired for three seasons. The series then moved to CBS for its final season.

Executive produced by Danny Thomas, The Joey Bishop Show is a spin-off of Thomas' series The Danny Thomas Show."
1961,30,The Donna Reed Show,//en.wikipedia.org/wiki/The_Donna_Reed_Show,ABC,21.9,10649.0,"35,10751",comedy,"Revolves around typical family problems, such as firing a clumsy housekeeper, throwing a retirement bash for a colleague, and finding quality time away from the children."
1962,1,The Beverly Hillbillies,//en.wikipedia.org/wiki/The_Beverly_Hillbillies,CBS,36.0,1930.0,"35,10751",comedy,"Jed Clampett's swamp is loaded with oil. When a wildcatter discovers the huge pool, Jed sells his land to the O.K. Oil Company and at the urging of cousin Pearl, moves his family to a 35-room mansion in Beverly Hills, California."
1962,2,The Red Skelton Show,//en.wikipedia.org/wiki/The_Red_Skelton_Show,CBS,31.1,10534.0,"35,10767,10751",comedy,"The Red Skelton Show is an American variety show that was a television staple for two decades, from 1951 to 1971. It was second to Gunsmoke and third to The Ed Sullivan Show in the ratings during that time. Skelton, who had previously been a radio star, had appeared in several motion pictures as well. Although his television series is largely associated with CBS, where it appeared for more than fifteen years, it actually began and ended on NBC. During its run, the program received three Emmy Awards, for Skelton as best comedian and the program as best comedy show during its initial season, and an award for comedy writing in 1961."
1962,4,The Lucy Show,//en.wikipedia.org/wiki/The_Lucy_Show,CBS,29.8,2144.0,35,comedy,"The Lucy Show is an American sitcom that aired on CBS from 1962–68. It was Lucille Ball's follow-up to I Love Lucy. A significant change in cast and premise for the 1965–66 season divides the program into two distinct eras; aside from Ball, only Gale Gordon, who joined the program for its second season, remained. For the first three seasons, Vivian Vance was the co-star.

The earliest scripts were entitled The Lucille Ball Show, but when this title was declined, producers thought of calling the show This Is Lucy or The New Adventures of Lucy, before deciding on the title The Lucy Show. Ball won consecutive Emmy Awards as Outstanding Lead Actress in a Comedy Series for the series' final two seasons, 1966–67 and 1967–68."
1962,6,The Andy Griffith Show,//en.wikipedia.org/wiki/The_Andy_Griffith_Show,CBS,29.7,106.0,"35,10751",comedy,"The Andy Griffith Show is an American sitcom first televised on CBS between October 3, 1960 and April 1, 1968. Andy Griffith portrays the widowed sheriff of the fictional small community of Mayberry, North Carolina. His life is complicated by an inept, but well-meaning deputy, Barney Fife, a spinster aunt and housekeeper, Aunt Bee, and a precocious young son, Opie. Local ne'er-do-wells, bumbling pals, and temperamental girlfriends further complicate his life. Andy Griffith stated in a Today Show interview, with respect to the time period of the show: ""Well, though we never said it, and though it was shot in the '60s, it had a feeling of the '30s. It was when we were doing it, of a time gone by.""

The series never placed lower than seventh in the Nielsen ratings and ended its final season at number one. It has been ranked by TV Guide as the 9th-best show in American television history. Though neither Griffith nor the show won awards during its eight-season run, series co-stars Knotts and Bavier accumulated a combined total of six Emmy Awards. The show, a semi-spin-off from an episode of The Danny Thomas Show titled ""Danny Meets Andy Griffith"", spawned its own spin-off series, Gomer Pyle, U.S.M.C., a sequel series, Mayberry R.F.D., and a reunion telemovie, Return to Mayberry. The show's enduring popularity has generated a good deal of show-related merchandise. Reruns currently air on TV Land, and the complete series is available on DVD. All eight seasons are also now available by streaming video services such as Netflix."
1962,7,The Danny Thomas Show,//en.wikipedia.org/wiki/The_Danny_Thomas_Show,CBS,28.7,981.0,35,comedy,"Danny Thomas, an entertainer, tries to balance his home life with the needs of his career, with hilarious results."
1962,9,The Dick Van Dyke Show,//en.wikipedia.org/wiki/The_Dick_Van_Dyke_Show,CBS,27.1,2132.0,35,comedy,"The Dick Van Dyke Show centers around the work and home life of television comedy writer Rob Petrie. The plots generally revolve around problems at work, where Rob got into various comedic jams with fellow writers Buddy Sorrell, Sally Rogers and producer Mel Cooley."
1962,11,The Jack Benny Show,//en.wikipedia.org/wiki/The_Jack_Benny_Program#Television,CBS,26.2,10151.0,35,comedy,Laugh along with funnyman Jack Benny as he brings his underplayed humor to TV along with regular performers from his radio show days.
1962,13,What's My Line?,//en.wikipedia.org/wiki/What's_My_Line%3F,CBS,25.5,26663.0,"10751,35",comedy,"Four panelists must determine guests' occupations - and, in the case of famous guests, while blindfolded, their identity - by asking only ""yes"" or ""no"" questions."
1962,14,The Ed Sullivan Show,//en.wikipedia.org/wiki/The_Ed_Sullivan_Show,CBS,25.3,5307.0,"35,10767",comedy,"The Ed Sullivan Show is an American TV variety show that originally ran on CBS from Sunday June 20, 1948 to Sunday June 6, 1971, and was hosted by New York entertainment columnist Ed Sullivan. It was replaced in September 1971 by the CBS Sunday Night Movie, which ran only one season and was eventually replaced by other shows.

In 2002, The Ed Sullivan Show was ranked #15 on TV Guide's 50 Greatest TV Shows of All Time."
1962,15,Hazel,//en.wikipedia.org/wiki/Hazel_(TV_series),NBC,25.1,10492.0,35,comedy,"Hazel is an American sitcom about a fictional live-in maid named Hazel Burke and her employers, the Baxters. The five-season, 154-episode series aired in primetime from September 28, 1961 until April 11, 1966 and was produced by Screen Gems. The show aired on NBC for its first four seasons, and then on CBS for its final season. The first season, except for one color episode was in black and white, the remainder in color.

The show was based on the popular single-panel comic strip by cartoonist Ted Key, which appeared in the Saturday Evening Post."
1962,17,The Jackie Gleason Show,//en.wikipedia.org/wiki/The_Jackie_Gleason_Show#American_Scene_Magazine,CBS,24.1,950.0,35,comedy,"The prodigiously talented Gleason became a TV icon after he joined CBS from DuMont, where his work on `Calvalcade of Stars' had established many of his trademark characters, including Reginald Van Gleason III, the Poor Soul and Ralph Kramden, featured here, along with Art Carney, in `Honeymooners' sketches. The Emmy-winning mix also featured guest stars, musical comedy, the glitzy June Taylor Dancers and Frank Fontaine's Crazy Guggenheim character."
1962,19,To Tell the Truth,//en.wikipedia.org/wiki/To_Tell_the_Truth,CBS,23.3,66784.0,35,comedy,"A modern reimagination of the classic game show. In each round, a celebrity panel will be presented with three people who all claim to be the same person with the same incredible talent, job or achievement. One is sworn to tell the truth while the others are not."
1962,19,Lassie,//en.wikipedia.org/wiki/Lassie_(1954_TV_series),CBS,23.3,5368.0,"10759,18,10751,35",comedy,"Lassie is the pet of Jeff Miller, an 11-year-old farm boy. The two become best friends and enjoy family adventures in the American countryside, teaching each other about love, nature and commitment."
1962,28,My Three Sons,//en.wikipedia.org/wiki/My_Three_Sons,ABC,21.0,1530.0,"35,10751",comedy,"A widower and aeronautical engineer named Steven Douglas raises three sons with the help of his father-in-law, and later the boys' great-uncle. An adopted son, a stepdaughter, wives, and another generation of sons join the loving family in later seasons."
1962,30,The Flintstones,//en.wikipedia.org/wiki/The_Flintstones,ABC,20.5,1996.0,"10751,16,35",comedy,"The misadventures of two modern-day Stone Age families, the Flintstones and the Rubbles."
1963,1,The Beverly Hillbillies,//en.wikipedia.org/wiki/The_Beverly_Hillbillies,CBS,39.1,1930.0,"35,10751",comedy,"Jed Clampett's swamp is loaded with oil. When a wildcatter discovers the huge pool, Jed sells his land to the O.K. Oil Company and at the urging of cousin Pearl, moves his family to a 35-room mansion in Beverly Hills, California."
1963,3,The Dick Van Dyke Show,//en.wikipedia.org/wiki/The_Dick_Van_Dyke_Show,CBS,33.3,2132.0,35,comedy,"The Dick Van Dyke Show centers around the work and home life of television comedy writer Rob Petrie. The plots generally revolve around problems at work, where Rob got into various comedic jams with fellow writers Buddy Sorrell, Sally Rogers and producer Mel Cooley."
1963,4,Petticoat Junction,//en.wikipedia.org/wiki/Petticoat_Junction,CBS,30.3,3346.0,"35,10751",comedy,The Bradley family are proud owners of the Shady Rest Hotel. Kate and her three young daughters do the job of running the hotel.
1963,5,The Andy Griffith Show,//en.wikipedia.org/wiki/The_Andy_Griffith_Show,CBS,29.4,106.0,"35,10751",comedy,"The Andy Griffith Show is an American sitcom first televised on CBS between October 3, 1960 and April 1, 1968. Andy Griffith portrays the widowed sheriff of the fictional small community of Mayberry, North Carolina. His life is complicated by an inept, but well-meaning deputy, Barney Fife, a spinster aunt and housekeeper, Aunt Bee, and a precocious young son, Opie. Local ne'er-do-wells, bumbling pals, and temperamental girlfriends further complicate his life. Andy Griffith stated in a Today Show interview, with respect to the time period of the show: ""Well, though we never said it, and though it was shot in the '60s, it had a feeling of the '30s. It was when we were doing it, of a time gone by.""

The series never placed lower than seventh in the Nielsen ratings and ended its final season at number one. It has been ranked by TV Guide as the 9th-best show in American television history. Though neither Griffith nor the show won awards during its eight-season run, series co-stars Knotts and Bavier accumulated a combined total of six Emmy Awards. The show, a semi-spin-off from an episode of The Danny Thomas Show titled ""Danny Meets Andy Griffith"", spawned its own spin-off series, Gomer Pyle, U.S.M.C., a sequel series, Mayberry R.F.D., and a reunion telemovie, Return to Mayberry. The show's enduring popularity has generated a good deal of show-related merchandise. Reruns currently air on TV Land, and the complete series is available on DVD. All eight seasons are also now available by streaming video services such as Netflix."
1963,6,The Lucy Show,//en.wikipedia.org/wiki/The_Lucy_Show,CBS,28.1,2144.0,35,comedy,"The Lucy Show is an American sitcom that aired on CBS from 1962–68. It was Lucille Ball's follow-up to I Love Lucy. A significant change in cast and premise for the 1965–66 season divides the program into two distinct eras; aside from Ball, only Gale Gordon, who joined the program for its second season, remained. For the first three seasons, Vivian Vance was the co-star.

The earliest scripts were entitled The Lucille Ball Show, but when this title was declined, producers thought of calling the show This Is Lucy or The New Adventures of Lucy, before deciding on the title The Lucy Show. Ball won consecutive Emmy Awards as Outstanding Lead Actress in a Comedy Series for the series' final two seasons, 1966–67 and 1967–68."
1963,8,The Ed Sullivan Show,//en.wikipedia.org/wiki/The_Ed_Sullivan_Show,CBS,27.5,5307.0,"35,10767",comedy,"The Ed Sullivan Show is an American TV variety show that originally ran on CBS from Sunday June 20, 1948 to Sunday June 6, 1971, and was hosted by New York entertainment columnist Ed Sullivan. It was replaced in September 1971 by the CBS Sunday Night Movie, which ran only one season and was eventually replaced by other shows.

In 2002, The Ed Sullivan Show was ranked #15 on TV Guide's 50 Greatest TV Shows of All Time."
1963,9,The Danny Thomas Show,//en.wikipedia.org/wiki/The_Danny_Thomas_Show,CBS,26.7,981.0,35,comedy,"Danny Thomas, an entertainer, tries to balance his home life with the needs of his career, with hilarious results."
1963,10,My Favorite Martian,//en.wikipedia.org/wiki/My_Favorite_Martian,CBS,26.3,3882.0,"10765,35,10751",comedy,"Newspaper reporter Tim O'Hara finds a crashed alien spaceship that contains one live alien. Not wanting to be discovered by the authorities, the Martian assumes the identity of Tim's Uncle Martin and begins to repair his spaceship so that he can return to Mars."
1963,11,The Red Skelton Show,//en.wikipedia.org/wiki/The_Red_Skelton_Show,CBS,25.7,10534.0,"35,10767,10751",comedy,"The Red Skelton Show is an American variety show that was a television staple for two decades, from 1951 to 1971. It was second to Gunsmoke and third to The Ed Sullivan Show in the ratings during that time. Skelton, who had previously been a radio star, had appeared in several motion pictures as well. Although his television series is largely associated with CBS, where it appeared for more than fifteen years, it actually began and ended on NBC. During its run, the program received three Emmy Awards, for Skelton as best comedian and the program as best comedy show during its initial season, and an award for comedy writing in 1961."
1963,12,Lassie,//en.wikipedia.org/wiki/Lassie_(1954_TV_series),CBS,25.0,5368.0,"10759,18,10751,35",comedy,"Lassie is the pet of Jeff Miller, an 11-year-old farm boy. The two become best friends and enjoy family adventures in the American countryside, teaching each other about love, nature and commitment."
1963,12,The Jack Benny Show,//en.wikipedia.org/wiki/The_Jack_Benny_Program#Television,CBS,25.0,10151.0,35,comedy,Laugh along with funnyman Jack Benny as he brings his underplayed humor to TV along with regular performers from his radio show days.
1963,15,The Jackie Gleason Show,//en.wikipedia.org/wiki/The_Jackie_Gleason_Show#American_Scene_Magazine,CBS,24.6,950.0,35,comedy,"The prodigiously talented Gleason became a TV icon after he joined CBS from DuMont, where his work on `Calvalcade of Stars' had established many of his trademark characters, including Reginald Van Gleason III, the Poor Soul and Ralph Kramden, featured here, along with Art Carney, in `Honeymooners' sketches. The Emmy-winning mix also featured guest stars, musical comedy, the glitzy June Taylor Dancers and Frank Fontaine's Crazy Guggenheim character."
1963,16,The Donna Reed Show,//en.wikipedia.org/wiki/The_Donna_Reed_Show,ABC,24.5,10649.0,"35,10751",comedy,"Revolves around typical family problems, such as firing a clumsy housekeeper, throwing a retirement bash for a colleague, and finding quality time away from the children."
1963,18,The Patty Duke Show,//en.wikipedia.org/wiki/The_Patty_Duke_Show,ABC,23.9,12444.0,35,comedy,"The Patty Duke Show is an American sitcom which ran on ABC from September 18, 1963 to April 27, 1966, with reruns airing through August 31, 1966. The show was created as a vehicle for rising star Patty Duke. A total of 104 episodes were produced, most written by Sidney Sheldon."
1963,22,Hazel,//en.wikipedia.org/wiki/Hazel_(TV_series),NBC,22.8,10492.0,35,comedy,"Hazel is an American sitcom about a fictional live-in maid named Hazel Burke and her employers, the Baxters. The five-season, 154-episode series aired in primetime from September 28, 1961 until April 11, 1966 and was produced by Screen Gems. The show aired on NBC for its first four seasons, and then on CBS for its final season. The first season, except for one color episode was in black and white, the remainder in color.

The show was based on the popular single-panel comic strip by cartoonist Ted Key, which appeared in the Saturday Evening Post."
1963,22,McHale's Navy,//en.wikipedia.org/wiki/McHale's_Navy,ABC,22.8,11258.0,"35,10768",comedy,"An experienced South Pacific Sea Dog by the name of Quinton McHale, was commissioned as a Lieutenant Commander into the U.S. Navy Reserve at the start of World War II.

McHale was made the Skipper of the Torpedo Patrol (PT) Boat #73 stationed at the U.S. Naval Installation on the island of Taratupa in the Southwest Pacific.

The 73 'Family' included, among others, a con man and amateur Magician, a womanizing hunk, a dedicated Family man, a guitar-playing, moonshine-making Tennessee good ol' boy, and even a deserter from the Japanese Navy, who was an excellent cook."
1963,24,To Tell the Truth,//en.wikipedia.org/wiki/To_Tell_the_Truth,CBS,22.6,66784.0,35,comedy,"A modern reimagination of the classic game show. In each round, a celebrity panel will be presented with three people who all claim to be the same person with the same incredible talent, job or achievement. One is sworn to tell the truth while the others are not."
1963,24,What's My Line?,//en.wikipedia.org/wiki/What's_My_Line%3F,CBS,22.6,26663.0,"10751,35",comedy,"Four panelists must determine guests' occupations - and, in the case of famous guests, while blindfolded, their identity - by asking only ""yes"" or ""no"" questions."
1963,27,My Three Sons,//en.wikipedia.org/wiki/My_Three_Sons,ABC,21.9,1530.0,"35,10751",comedy,"A widower and aeronautical engineer named Steven Douglas raises three sons with the help of his father-in-law, and later the boys' great-uncle. An adopted son, a stepdaughter, wives, and another generation of sons join the loving family in later seasons."
1963,29,The Adventures of Ozzie and Harriet,//en.wikipedia.org/wiki/The_Adventures_of_Ozzie_and_Harriet,ABC,21.6,952.0,"35,10751",comedy,"The Adventures of Ozzie and Harriet is an American sitcom, airing on ABC from October 3, 1952 through March 26, 1966, starring the real life Nelson family. After a long run on radio, the show was brought to television where it continued its success, running on both radio and television for a few years. The series stars Ozzie Nelson and his wife, singer Harriet Nelson, and their young sons, David and Eric ""Ricky"" Nelson. Don DeFore had a recurring role as the Nelsons' friendly neighbor ""Thorny""."
1963,30,The Danny Kaye Show,//en.wikipedia.org/wiki/The_Danny_Kaye_Show,CBS,21.5,12928.0,35,comedy,"The Danny Kaye Show is an American variety show hosted by Danny Kaye that aired on CBS from 1963 to 1967 on Wednesday nights. Directed by Robert Scheerer, the show premiered in black-and-white, but later switched to color broadcasts. At the time, Kaye was at the height of his popularity, having starred in a string of successful films in the 1940s and '50's, made successful personal appearances at such venues as the London Palladium, and appeared many times on television. His most recent films had been considered disappointing, but the television specials he starred in were triumphant, leading to this series. Prior to his television and film career, Kaye had made a name for himself with his own radio show, and numerous other guest appearances on other shows."
1963,30,Bob Hope Presents the Chrysler Theatre,//en.wikipedia.org/wiki/Bob_Hope_Presents_the_Chrysler_Theatre,NBC,21.5,11576.0,"18,35,10767",comedy,
1964,2,Bewitched,//en.wikipedia.org/wiki/Bewitched,ABC,31.0,4482.0,"10765,35,10751,18",comedy,"Samantha Stephens is a seemingly normal suburban housewife who also happens to be a genuine witch, with all the requisite magical powers. Her husband Darrin insists that Samantha keep her witchcraft under wraps, but situations invariably require her to indulge her powers while keeping her bothersome mother Endora at bay."
1964,3,"Gomer Pyle, U.S.M.C.","//en.wikipedia.org/wiki/Gomer_Pyle,_U.S.M.C.",CBS,30.7,2413.0,"35,10751",comedy,"Gomer Pyle, U.S.M.C. is an American situation comedy that originally aired on CBS from September 25, 1964, to May 2, 1969. The series was a spinoff of The Andy Griffith Show, and the pilot was aired as the finale of the fourth season of The Andy Griffith Show on May 18, 1964. The show ran for five seasons and a total of 150 episodes. In 2006, CBS Home Entertainment began releasing the series on DVD. The final season was released in November 2008.

The series was created by Aaron Ruben, who also produced the show with Sheldon Leonard and Ronald Jacobs. Filmed and set in California, it stars Jim Nabors as Gomer Pyle, a naive but good-natured gas-station attendant from the town of Mayberry, North Carolina, who enlists in the United States Marine Corps. Frank Sutton plays Gomer's high-octane, short-fused Gunnery Sergeant Vince Carter, and Ronnie Schell plays Gomer's friend Gilbert ""Duke"" Slater. Allan Melvin played in the recurring role of Gunnery Sergeant Carter's rival, Sergeant Charley Hacker. The series never discussed nor addressed the then-current Vietnam War, instead focusing on the relationship between Gomer and Sergeant Carter. The show retained high ratings throughout its run."
1964,4,The Andy Griffith Show,//en.wikipedia.org/wiki/The_Andy_Griffith_Show,CBS,28.3,106.0,"35,10751",comedy,"The Andy Griffith Show is an American sitcom first televised on CBS between October 3, 1960 and April 1, 1968. Andy Griffith portrays the widowed sheriff of the fictional small community of Mayberry, North Carolina. His life is complicated by an inept, but well-meaning deputy, Barney Fife, a spinster aunt and housekeeper, Aunt Bee, and a precocious young son, Opie. Local ne'er-do-wells, bumbling pals, and temperamental girlfriends further complicate his life. Andy Griffith stated in a Today Show interview, with respect to the time period of the show: ""Well, though we never said it, and though it was shot in the '60s, it had a feeling of the '30s. It was when we were doing it, of a time gone by.""

The series never placed lower than seventh in the Nielsen ratings and ended its final season at number one. It has been ranked by TV Guide as the 9th-best show in American television history. Though neither Griffith nor the show won awards during its eight-season run, series co-stars Knotts and Bavier accumulated a combined total of six Emmy Awards. The show, a semi-spin-off from an episode of The Danny Thomas Show titled ""Danny Meets Andy Griffith"", spawned its own spin-off series, Gomer Pyle, U.S.M.C., a sequel series, Mayberry R.F.D., and a reunion telemovie, Return to Mayberry. The show's enduring popularity has generated a good deal of show-related merchandise. Reruns currently air on TV Land, and the complete series is available on DVD. All eight seasons are also now available by streaming video services such as Netflix."
1964,6,The Red Skelton Hour,//en.wikipedia.org/wiki/The_Red_Skelton_Show,CBS,27.4,10534.0,"35,10767,10751",comedy,"The Red Skelton Show is an American variety show that was a television staple for two decades, from 1951 to 1971. It was second to Gunsmoke and third to The Ed Sullivan Show in the ratings during that time. Skelton, who had previously been a radio star, had appeared in several motion pictures as well. Although his television series is largely associated with CBS, where it appeared for more than fifteen years, it actually began and ended on NBC. During its run, the program received three Emmy Awards, for Skelton as best comedian and the program as best comedy show during its initial season, and an award for comedy writing in 1961."
1964,7,The Dick Van Dyke Show,//en.wikipedia.org/wiki/The_Dick_Van_Dyke_Show,CBS,27.1,2132.0,35,comedy,"The Dick Van Dyke Show centers around the work and home life of television comedy writer Rob Petrie. The plots generally revolve around problems at work, where Rob got into various comedic jams with fellow writers Buddy Sorrell, Sally Rogers and producer Mel Cooley."
1964,8,The Lucy Show,//en.wikipedia.org/wiki/The_Lucy_Show,CBS,26.6,2144.0,35,comedy,"The Lucy Show is an American sitcom that aired on CBS from 1962–68. It was Lucille Ball's follow-up to I Love Lucy. A significant change in cast and premise for the 1965–66 season divides the program into two distinct eras; aside from Ball, only Gale Gordon, who joined the program for its second season, remained. For the first three seasons, Vivian Vance was the co-star.

The earliest scripts were entitled The Lucille Ball Show, but when this title was declined, producers thought of calling the show This Is Lucy or The New Adventures of Lucy, before deciding on the title The Lucy Show. Ball won consecutive Emmy Awards as Outstanding Lead Actress in a Comedy Series for the series' final two seasons, 1966–67 and 1967–68."
1964,12,The Beverly Hillbillies,//en.wikipedia.org/wiki/The_Beverly_Hillbillies,CBS,25.6,1930.0,"35,10751",comedy,"Jed Clampett's swamp is loaded with oil. When a wildcatter discovers the huge pool, Jed sells his land to the O.K. Oil Company and at the urging of cousin Pearl, moves his family to a 35-room mansion in Beverly Hills, California."
1964,13,My Three Sons,//en.wikipedia.org/wiki/My_Three_Sons,ABC,25.5,1530.0,"35,10751",comedy,"A widower and aeronautical engineer named Steven Douglas raises three sons with the help of his father-in-law, and later the boys' great-uncle. An adopted son, a stepdaughter, wives, and another generation of sons join the loving family in later seasons."
1964,15,Petticoat Junction,//en.wikipedia.org/wiki/Petticoat_Junction,CBS,25.2,3346.0,"35,10751",comedy,The Bradley family are proud owners of the Shady Rest Hotel. Kate and her three young daughters do the job of running the hotel.
1964,15,The Ed Sullivan Show,//en.wikipedia.org/wiki/The_Ed_Sullivan_Show,CBS,25.2,5307.0,"35,10767",comedy,"The Ed Sullivan Show is an American TV variety show that originally ran on CBS from Sunday June 20, 1948 to Sunday June 6, 1971, and was hosted by New York entertainment columnist Ed Sullivan. It was replaced in September 1971 by the CBS Sunday Night Movie, which ran only one season and was eventually replaced by other shows.

In 2002, The Ed Sullivan Show was ranked #15 on TV Guide's 50 Greatest TV Shows of All Time."
1964,17,Lassie,//en.wikipedia.org/wiki/Lassie_(1954_TV_series),CBS,25.1,5368.0,"10759,18,10751,35",comedy,"Lassie is the pet of Jeff Miller, an 11-year-old farm boy. The two become best friends and enjoy family adventures in the American countryside, teaching each other about love, nature and commitment."
1964,18,The Munsters,//en.wikipedia.org/wiki/The_Munsters,CBS,24.7,1712.0,"35,10765,10751",comedy,A family of friendly monsters that have misadventures all while never quite understanding why people react to them so strangely.
1964,18,Gilligan's Island,//en.wikipedia.org/wiki/Gilligan's_Island,CBS,24.7,1921.0,"35,10751",comedy,"The slapstick adventures of hapless Gilligan, long-suffering Skipper and their gang of mismatched castaways, all stranded on an uncharted desert isle after their tiny ship hit stormy weather."
1964,21,The Jackie Gleason Show,//en.wikipedia.org/wiki/The_Jackie_Gleason_Show#American_Scene_Magazine,CBS,24.4,950.0,35,comedy,"The prodigiously talented Gleason became a TV icon after he joined CBS from DuMont, where his work on `Calvalcade of Stars' had established many of his trademark characters, including Reginald Van Gleason III, the Poor Soul and Ralph Kramden, featured here, along with Art Carney, in `Honeymooners' sketches. The Emmy-winning mix also featured guest stars, musical comedy, the glitzy June Taylor Dancers and Frank Fontaine's Crazy Guggenheim character."
1964,23,The Addams Family,//en.wikipedia.org/wiki/The_Addams_Family_(1964_TV_series),ABC,23.9,14009.0,"35,10751",comedy,"A satirical inversion of the ideal of the perfect American nuclear family, they are an eccentric wealthy family who delight in everything grotesque and macabre, and are never really aware that people find them bizarre or frightening. In fact, they themselves are often terrified by ""normal"" people."
1964,24,My Favorite Martian,//en.wikipedia.org/wiki/My_Favorite_Martian,CBS,23.7,3882.0,"10765,35,10751",comedy,"Newspaper reporter Tim O'Hara finds a crashed alien spaceship that contains one live alien. Not wanting to be discovered by the authorities, the Martian assumes the identity of Tim's Uncle Martin and begins to repair his spaceship so that he can return to Mars."
1964,28,The Patty Duke Show,//en.wikipedia.org/wiki/The_Patty_Duke_Show,ABC,22.4,12444.0,35,comedy,"The Patty Duke Show is an American sitcom which ran on ABC from September 18, 1963 to April 27, 1966, with reruns airing through August 31, 1966. The show was created as a vehicle for rising star Patty Duke. A total of 104 episodes were produced, most written by Sidney Sheldon."
1964,29,McHale's Navy,//en.wikipedia.org/wiki/McHale's_Navy,ABC,22.3,11258.0,"35,10768",comedy,"An experienced South Pacific Sea Dog by the name of Quinton McHale, was commissioned as a Lieutenant Commander into the U.S. Navy Reserve at the start of World War II.

McHale was made the Skipper of the Torpedo Patrol (PT) Boat #73 stationed at the U.S. Naval Installation on the island of Taratupa in the Southwest Pacific.

The 73 'Family' included, among others, a con man and amateur Magician, a womanizing hunk, a dedicated Family man, a guitar-playing, moonshine-making Tennessee good ol' boy, and even a deserter from the Japanese Navy, who was an excellent cook."
1965,2,"Gomer Pyle, U.S.M.C.","//en.wikipedia.org/wiki/Gomer_Pyle,_U.S.M.C.",CBS,27.8,2413.0,"35,10751",comedy,"Gomer Pyle, U.S.M.C. is an American situation comedy that originally aired on CBS from September 25, 1964, to May 2, 1969. The series was a spinoff of The Andy Griffith Show, and the pilot was aired as the finale of the fourth season of The Andy Griffith Show on May 18, 1964. The show ran for five seasons and a total of 150 episodes. In 2006, CBS Home Entertainment began releasing the series on DVD. The final season was released in November 2008.

The series was created by Aaron Ruben, who also produced the show with Sheldon Leonard and Ronald Jacobs. Filmed and set in California, it stars Jim Nabors as Gomer Pyle, a naive but good-natured gas-station attendant from the town of Mayberry, North Carolina, who enlists in the United States Marine Corps. Frank Sutton plays Gomer's high-octane, short-fused Gunnery Sergeant Vince Carter, and Ronnie Schell plays Gomer's friend Gilbert ""Duke"" Slater. Allan Melvin played in the recurring role of Gunnery Sergeant Carter's rival, Sergeant Charley Hacker. The series never discussed nor addressed the then-current Vietnam War, instead focusing on the relationship between Gomer and Sergeant Carter. The show retained high ratings throughout its run."
1965,3,The Lucy Show,//en.wikipedia.org/wiki/The_Lucy_Show,CBS,27.7,2144.0,35,comedy,"The Lucy Show is an American sitcom that aired on CBS from 1962–68. It was Lucille Ball's follow-up to I Love Lucy. A significant change in cast and premise for the 1965–66 season divides the program into two distinct eras; aside from Ball, only Gale Gordon, who joined the program for its second season, remained. For the first three seasons, Vivian Vance was the co-star.

The earliest scripts were entitled The Lucille Ball Show, but when this title was declined, producers thought of calling the show This Is Lucy or The New Adventures of Lucy, before deciding on the title The Lucy Show. Ball won consecutive Emmy Awards as Outstanding Lead Actress in a Comedy Series for the series' final two seasons, 1966–67 and 1967–68."
1965,4,The Red Skelton Hour,//en.wikipedia.org/wiki/The_Red_Skelton_Show,CBS,27.6,10534.0,"35,10767,10751",comedy,"The Red Skelton Show is an American variety show that was a television staple for two decades, from 1951 to 1971. It was second to Gunsmoke and third to The Ed Sullivan Show in the ratings during that time. Skelton, who had previously been a radio star, had appeared in several motion pictures as well. Although his television series is largely associated with CBS, where it appeared for more than fifteen years, it actually began and ended on NBC. During its run, the program received three Emmy Awards, for Skelton as best comedian and the program as best comedy show during its initial season, and an award for comedy writing in 1961."
1965,6,The Andy Griffith Show,//en.wikipedia.org/wiki/The_Andy_Griffith_Show,CBS,26.9,106.0,"35,10751",comedy,"The Andy Griffith Show is an American sitcom first televised on CBS between October 3, 1960 and April 1, 1968. Andy Griffith portrays the widowed sheriff of the fictional small community of Mayberry, North Carolina. His life is complicated by an inept, but well-meaning deputy, Barney Fife, a spinster aunt and housekeeper, Aunt Bee, and a precocious young son, Opie. Local ne'er-do-wells, bumbling pals, and temperamental girlfriends further complicate his life. Andy Griffith stated in a Today Show interview, with respect to the time period of the show: ""Well, though we never said it, and though it was shot in the '60s, it had a feeling of the '30s. It was when we were doing it, of a time gone by.""

The series never placed lower than seventh in the Nielsen ratings and ended its final season at number one. It has been ranked by TV Guide as the 9th-best show in American television history. Though neither Griffith nor the show won awards during its eight-season run, series co-stars Knotts and Bavier accumulated a combined total of six Emmy Awards. The show, a semi-spin-off from an episode of The Danny Thomas Show titled ""Danny Meets Andy Griffith"", spawned its own spin-off series, Gomer Pyle, U.S.M.C., a sequel series, Mayberry R.F.D., and a reunion telemovie, Return to Mayberry. The show's enduring popularity has generated a good deal of show-related merchandise. Reruns currently air on TV Land, and the complete series is available on DVD. All eight seasons are also now available by streaming video services such as Netflix."
1965,7,Bewitched,//en.wikipedia.org/wiki/Bewitched,ABC,25.9,4482.0,"10765,35,10751,18",comedy,"Samantha Stephens is a seemingly normal suburban housewife who also happens to be a genuine witch, with all the requisite magical powers. Her husband Darrin insists that Samantha keep her witchcraft under wraps, but situations invariably require her to indulge her powers while keeping her bothersome mother Endora at bay."
1965,7,The Beverly Hillbillies,//en.wikipedia.org/wiki/The_Beverly_Hillbillies,CBS,25.9,1930.0,"35,10751",comedy,"Jed Clampett's swamp is loaded with oil. When a wildcatter discovers the huge pool, Jed sells his land to the O.K. Oil Company and at the urging of cousin Pearl, moves his family to a 35-room mansion in Beverly Hills, California."
1965,9,Hogan's Heroes,//en.wikipedia.org/wiki/Hogan's_Heroes,CBS,24.9,4068.0,"10768,35",comedy,"Hogan's Heroes is an American television sitcom that ran for 168 episodes from September 17, 1965, to July 4, 1971, on the CBS network. The show was set in a German prisoner of war camp during World War II. Bob Crane starred as Colonel Robert E. Hogan, coordinating an international crew of Allied prisoners running a Special Operations group from the camp. Werner Klemperer played Colonel Wilhelm Klink, the commandant of the camp, and John Banner was the inept sergeant-of-the-guard, Hans Schultz.

The series was popular during its six-season run. In 2013, creators Bernard Fein through his estate and Albert S. Ruddy acquired the sequel and other separate rights to Hogan's Heroes from Mark Cuban through arbitration and a movie based on the show has been planned."
1965,11,Green Acres,//en.wikipedia.org/wiki/Green_Acres,CBS,24.6,609.0,35,comedy,"Green Acres is an American sitcom starring Eddie Albert and Eva Gabor as a couple who move from New York City to a rural country farm. Produced by Filmways as a sister show to Petticoat Junction, the series was first broadcast on CBS, from September 15, 1965 to April 27, 1971.

Receiving solid ratings during its six-year run, Green Acres was cancelled in 1971 as part of the ""rural purge"" by CBS. The sitcom has been in syndication and is available in DVD and VHS releases. In 1997, the two-part episode ""A Star Named Arnold is Born"" was ranked #59 on TV Guide's 100 Greatest Episodes of All Time."
1965,12,Get Smart,//en.wikipedia.org/wiki/Get_Smart,NBC,24.5,4455.0,"35,10765",comedy,"Get Smart is an American comedy television series that satirizes the secret agent genre. Created by Mel Brooks with Buck Henry, the show stars Don Adams, Barbara Feldon, and Edward Platt. Henry said they created the show by request of Daniel Melnick, who was a partner, along with Leonard Stern and David Susskind, of the show's production company, Talent Associates, to capitalize on ""the two biggest things in the entertainment world today""—James Bond and Inspector Clouseau. Brooks said: ""It's an insane combination of James Bond and Mel Brooks comedy."" This is the only Mel Brooks production to feature a laugh track.

The success of the show eventually spawned the follow-up films The Nude Bomb and Get Smart, Again!, as well as a 1995 revival series and a 2008 film remake. In 2010, TV Guide ranked Get Smart's opening title sequence at No. 2 on its list of TV's Top 10 Credits Sequences, as selected by readers."
1965,13,The Man from U.N.C.L.E.,//en.wikipedia.org/wiki/The_Man_from_U.N.C.L.E.,NBC,24.0,210.0,"10759,35,10765",comedy,"Agents Napoleon Solo and Illya Kuryakin work for a secret intelligence service working under the auspices of the U.N.

Their immediate superior is Mr. Waverly.

Together  they operate out of a secret base beneath the streets of New York City, and accesses through several cover business such as Del Floria's Tailor Shop and the Masque Club.

This secret intelligence service is called U.N.C.L.E.

United Network Command for Law and Enforcement."
1965,15,My Three Sons,//en.wikipedia.org/wiki/My_Three_Sons,CBS,23.8,1530.0,"35,10751",comedy,"A widower and aeronautical engineer named Steven Douglas raises three sons with the help of his father-in-law, and later the boys' great-uncle. An adopted son, a stepdaughter, wives, and another generation of sons join the loving family in later seasons."
1965,16,The Dick Van Dyke Show,//en.wikipedia.org/wiki/The_Dick_Van_Dyke_Show,CBS,23.6,2132.0,35,comedy,"The Dick Van Dyke Show centers around the work and home life of television comedy writer Rob Petrie. The plots generally revolve around problems at work, where Rob got into various comedic jams with fellow writers Buddy Sorrell, Sally Rogers and producer Mel Cooley."
1965,17,The Ed Sullivan Show,//en.wikipedia.org/wiki/The_Ed_Sullivan_Show,CBS,23.2,5307.0,"35,10767",comedy,"The Ed Sullivan Show is an American TV variety show that originally ran on CBS from Sunday June 20, 1948 to Sunday June 6, 1971, and was hosted by New York entertainment columnist Ed Sullivan. It was replaced in September 1971 by the CBS Sunday Night Movie, which ran only one season and was eventually replaced by other shows.

In 2002, The Ed Sullivan Show was ranked #15 on TV Guide's 50 Greatest TV Shows of All Time."
1965,21,Petticoat Junction,//en.wikipedia.org/wiki/Petticoat_Junction,CBS,22.3,3346.0,"35,10751",comedy,The Bradley family are proud owners of the Shady Rest Hotel. Kate and her three young daughters do the job of running the hotel.
1965,22,Gilligan's Island,//en.wikipedia.org/wiki/Gilligan's_Island,CBS,22.1,1921.0,"35,10751",comedy,"The slapstick adventures of hapless Gilligan, long-suffering Skipper and their gang of mismatched castaways, all stranded on an uncharted desert isle after their tiny ship hit stormy weather."
1965,23,The Wild Wild West,//en.wikipedia.org/wiki/The_Wild_Wild_West,CBS,22.0,10929.0,"10759,35,18,37,10765",comedy,"The Wild Wild West is an American television series. Developed at a time when the television western was losing ground to the spy genre, this show was conceived by its creator, Michael Garrison, as ""James Bond on horseback."" Set during the administration of President Ulysses Grant, the series followed Secret Service agents James West and Artemus Gordon as they solved crimes, protected the President, and foiled the plans of megalomaniacal villains to take over all or part of the United States.

The show also featured a number of fantasy elements, such as the technologically advanced devices used by the agents and their adversaries. The combination of the Victorian era time-frame and the use of Verne-esque style technology have inspired some to give the show credit for the origins of the steam punk subculture."
1965,23,The Jackie Gleason Show,//en.wikipedia.org/wiki/The_Jackie_Gleason_Show#American_Scene_Magazine,CBS,22.0,950.0,35,comedy,"The prodigiously talented Gleason became a TV icon after he joined CBS from DuMont, where his work on `Calvalcade of Stars' had established many of his trademark characters, including Reginald Van Gleason III, the Poor Soul and Ralph Kramden, featured here, along with Art Carney, in `Honeymooners' sketches. The Emmy-winning mix also featured guest stars, musical comedy, the glitzy June Taylor Dancers and Frank Fontaine's Crazy Guggenheim character."
1965,27,Lassie,//en.wikipedia.org/wiki/Lassie_(1954_TV_series),CBS,21.8,5368.0,"10759,18,10751,35",comedy,"Lassie is the pet of Jeff Miller, an 11-year-old farm boy. The two become best friends and enjoy family adventures in the American countryside, teaching each other about love, nature and commitment."
1965,27,I Dream of Jeannie,//en.wikipedia.org/wiki/I_Dream_of_Jeannie,NBC,21.8,1660.0,"10765,35,10751",comedy,"While on a mission, American astronaut Captain Tony Nelson is forced to make an emergency landing that will forever change his life. On a deserted South Pacific island, Captain Nelson happens upon a bottle containing a beautiful two-thousand-year-old female genie named Jeannie. Rescuing her from the bottle nets Tony the requisite three wishes, and then some, when Jeannie pledges total devotion to her new ""master""."
1966,2,The Red Skelton Hour,//en.wikipedia.org/wiki/The_Red_Skelton_Show,CBS,28.2,10534.0,"35,10767,10751",comedy,"The Red Skelton Show is an American variety show that was a television staple for two decades, from 1951 to 1971. It was second to Gunsmoke and third to The Ed Sullivan Show in the ratings during that time. Skelton, who had previously been a radio star, had appeared in several motion pictures as well. Although his television series is largely associated with CBS, where it appeared for more than fifteen years, it actually began and ended on NBC. During its run, the program received three Emmy Awards, for Skelton as best comedian and the program as best comedy show during its initial season, and an award for comedy writing in 1961."
1966,3,The Andy Griffith Show,//en.wikipedia.org/wiki/The_Andy_Griffith_Show,CBS,27.4,106.0,"35,10751",comedy,"The Andy Griffith Show is an American sitcom first televised on CBS between October 3, 1960 and April 1, 1968. Andy Griffith portrays the widowed sheriff of the fictional small community of Mayberry, North Carolina. His life is complicated by an inept, but well-meaning deputy, Barney Fife, a spinster aunt and housekeeper, Aunt Bee, and a precocious young son, Opie. Local ne'er-do-wells, bumbling pals, and temperamental girlfriends further complicate his life. Andy Griffith stated in a Today Show interview, with respect to the time period of the show: ""Well, though we never said it, and though it was shot in the '60s, it had a feeling of the '30s. It was when we were doing it, of a time gone by.""

The series never placed lower than seventh in the Nielsen ratings and ended its final season at number one. It has been ranked by TV Guide as the 9th-best show in American television history. Though neither Griffith nor the show won awards during its eight-season run, series co-stars Knotts and Bavier accumulated a combined total of six Emmy Awards. The show, a semi-spin-off from an episode of The Danny Thomas Show titled ""Danny Meets Andy Griffith"", spawned its own spin-off series, Gomer Pyle, U.S.M.C., a sequel series, Mayberry R.F.D., and a reunion telemovie, Return to Mayberry. The show's enduring popularity has generated a good deal of show-related merchandise. Reruns currently air on TV Land, and the complete series is available on DVD. All eight seasons are also now available by streaming video services such as Netflix."
1966,4,The Lucy Show,//en.wikipedia.org/wiki/The_Lucy_Show,CBS,26.2,2144.0,35,comedy,"The Lucy Show is an American sitcom that aired on CBS from 1962–68. It was Lucille Ball's follow-up to I Love Lucy. A significant change in cast and premise for the 1965–66 season divides the program into two distinct eras; aside from Ball, only Gale Gordon, who joined the program for its second season, remained. For the first three seasons, Vivian Vance was the co-star.

The earliest scripts were entitled The Lucille Ball Show, but when this title was declined, producers thought of calling the show This Is Lucy or The New Adventures of Lucy, before deciding on the title The Lucy Show. Ball won consecutive Emmy Awards as Outstanding Lead Actress in a Comedy Series for the series' final two seasons, 1966–67 and 1967–68."
1966,5,The Jackie Gleason Show,//en.wikipedia.org/wiki/The_Jackie_Gleason_Show#American_Scene_Magazine,CBS,25.3,950.0,35,comedy,"The prodigiously talented Gleason became a TV icon after he joined CBS from DuMont, where his work on `Calvalcade of Stars' had established many of his trademark characters, including Reginald Van Gleason III, the Poor Soul and Ralph Kramden, featured here, along with Art Carney, in `Honeymooners' sketches. The Emmy-winning mix also featured guest stars, musical comedy, the glitzy June Taylor Dancers and Frank Fontaine's Crazy Guggenheim character."
1966,6,Green Acres,//en.wikipedia.org/wiki/Green_Acres,CBS,24.6,609.0,35,comedy,"Green Acres is an American sitcom starring Eddie Albert and Eva Gabor as a couple who move from New York City to a rural country farm. Produced by Filmways as a sister show to Petticoat Junction, the series was first broadcast on CBS, from September 15, 1965 to April 27, 1971.

Receiving solid ratings during its six-year run, Green Acres was cancelled in 1971 as part of the ""rural purge"" by CBS. The sitcom has been in syndication and is available in DVD and VHS releases. In 1997, the two-part episode ""A Star Named Arnold is Born"" was ranked #59 on TV Guide's 100 Greatest Episodes of All Time."
1966,7,Bewitched,//en.wikipedia.org/wiki/Bewitched,ABC,23.4,4482.0,"10765,35,10751,18",comedy,"Samantha Stephens is a seemingly normal suburban housewife who also happens to be a genuine witch, with all the requisite magical powers. Her husband Darrin insists that Samantha keep her witchcraft under wraps, but situations invariably require her to indulge her powers while keeping her bothersome mother Endora at bay."
1966,7,The Beverly Hillbillies,//en.wikipedia.org/wiki/The_Beverly_Hillbillies,CBS,23.4,1930.0,"35,10751",comedy,"Jed Clampett's swamp is loaded with oil. When a wildcatter discovers the huge pool, Jed sells his land to the O.K. Oil Company and at the urging of cousin Pearl, moves his family to a 35-room mansion in Beverly Hills, California."
1966,10,"Gomer Pyle, U.S.M.C.","//en.wikipedia.org/wiki/Gomer_Pyle,_U.S.M.C.",CBS,22.8,2413.0,"35,10751",comedy,"Gomer Pyle, U.S.M.C. is an American situation comedy that originally aired on CBS from September 25, 1964, to May 2, 1969. The series was a spinoff of The Andy Griffith Show, and the pilot was aired as the finale of the fourth season of The Andy Griffith Show on May 18, 1964. The show ran for five seasons and a total of 150 episodes. In 2006, CBS Home Entertainment began releasing the series on DVD. The final season was released in November 2008.

The series was created by Aaron Ruben, who also produced the show with Sheldon Leonard and Ronald Jacobs. Filmed and set in California, it stars Jim Nabors as Gomer Pyle, a naive but good-natured gas-station attendant from the town of Mayberry, North Carolina, who enlists in the United States Marine Corps. Frank Sutton plays Gomer's high-octane, short-fused Gunnery Sergeant Vince Carter, and Ronnie Schell plays Gomer's friend Gilbert ""Duke"" Slater. Allan Melvin played in the recurring role of Gunnery Sergeant Carter's rival, Sergeant Charley Hacker. The series never discussed nor addressed the then-current Vietnam War, instead focusing on the relationship between Gomer and Sergeant Carter. The show retained high ratings throughout its run."
1966,10,The Ed Sullivan Show,//en.wikipedia.org/wiki/The_Ed_Sullivan_Show,CBS,22.8,5307.0,"35,10767",comedy,"The Ed Sullivan Show is an American TV variety show that originally ran on CBS from Sunday June 20, 1948 to Sunday June 6, 1971, and was hosted by New York entertainment columnist Ed Sullivan. It was replaced in September 1971 by the CBS Sunday Night Movie, which ran only one season and was eventually replaced by other shows.

In 2002, The Ed Sullivan Show was ranked #15 on TV Guide's 50 Greatest TV Shows of All Time."
1966,14,The Dean Martin Show,//en.wikipedia.org/wiki/The_Dean_Martin_Show,NBC,22.6,12875.0,35,comedy,"The Dean Martin Show, also known as The Dean Martin Variety Show, is a TV variety-comedy series that ran from 1965 to 1974 for 264 episodes. It was broadcast by NBC and hosted by entertainer Dean Martin. The theme song to the series was his 1964 hit ""Everybody Loves Somebody."""
1966,14,Family Affair,//en.wikipedia.org/wiki/Family_Affair_(1966_TV_series),CBS,22.6,503.0,"35,10751",comedy,"Family Affair is an American sitcom that aired on CBS from September 12, 1966 to September 9, 1971. The series explored the trials of well-to-do civil engineer and bachelor Bill Davis as he attempted to raise his brother's orphaned children in his luxury New York City apartment. Davis' traditional English gentleman's gentleman, Mr. Giles French, also had adjustments to make as he became saddled with the responsibility of caring for 15-year-old Cissy and the 6-year-old twins, Jody and Buffy.

The show ran for 138 episodes. Family Affair was created and produced by Don Fedderson, also known for My Three Sons and The Millionaire."
1966,16,The Smothers Brothers Comedy Hour,//en.wikipedia.org/wiki/The_Smothers_Brothers_Comedy_Hour,CBS,22.2,31490.0,35,comedy,The Smothers Brothers Comedy Hour is an American comedy and variety show hosted by the Smothers Brothers and initially airing on CBS from 1967 to 1969.
1966,17,Hogan's Heroes,//en.wikipedia.org/wiki/Hogan's_Heroes,CBS,21.8,4068.0,"10768,35",comedy,"Hogan's Heroes is an American television sitcom that ran for 168 episodes from September 17, 1965, to July 4, 1971, on the CBS network. The show was set in a German prisoner of war camp during World War II. Bob Crane starred as Colonel Robert E. Hogan, coordinating an international crew of Allied prisoners running a Special Operations group from the camp. Werner Klemperer played Colonel Wilhelm Klink, the commandant of the camp, and John Banner was the inept sergeant-of-the-guard, Hans Schultz.

The series was popular during its six-season run. In 2013, creators Bernard Fein through his estate and Albert S. Ruddy acquired the sequel and other separate rights to Hogan's Heroes from Mark Cuban through arbitration and a movie based on the show has been planned."
1966,22,Get Smart,//en.wikipedia.org/wiki/Get_Smart,NBC,21.0,4455.0,"35,10765",comedy,"Get Smart is an American comedy television series that satirizes the secret agent genre. Created by Mel Brooks with Buck Henry, the show stars Don Adams, Barbara Feldon, and Edward Platt. Henry said they created the show by request of Daniel Melnick, who was a partner, along with Leonard Stern and David Susskind, of the show's production company, Talent Associates, to capitalize on ""the two biggest things in the entertainment world today""—James Bond and Inspector Clouseau. Brooks said: ""It's an insane combination of James Bond and Mel Brooks comedy."" This is the only Mel Brooks production to feature a laugh track.

The success of the show eventually spawned the follow-up films The Nude Bomb and Get Smart, Again!, as well as a 1995 revival series and a 2008 film remake. In 2010, TV Guide ranked Get Smart's opening title sequence at No. 2 on its list of TV's Top 10 Credits Sequences, as selected by readers."
1966,23,Petticoat Junction,//en.wikipedia.org/wiki/Petticoat_Junction,CBS,20.9,3346.0,"35,10751",comedy,The Bradley family are proud owners of the Shady Rest Hotel. Kate and her three young daughters do the job of running the hotel.
1966,26,Bob Hope Presents the Chrysler Theatre,//en.wikipedia.org/wiki/Bob_Hope_Presents_the_Chrysler_Theatre,NBC,20.7,11576.0,"18,35,10767",comedy,
1966,29,My Three Sons,//en.wikipedia.org/wiki/My_Three_Sons,CBS,20.2,1530.0,"35,10751",comedy,"A widower and aeronautical engineer named Steven Douglas raises three sons with the help of his father-in-law, and later the boys' great-uncle. An adopted son, a stepdaughter, wives, and another generation of sons join the loving family in later seasons."
1967,1,The Andy Griffith Show,//en.wikipedia.org/wiki/The_Andy_Griffith_Show,CBS,27.6,106.0,"35,10751",comedy,"The Andy Griffith Show is an American sitcom first televised on CBS between October 3, 1960 and April 1, 1968. Andy Griffith portrays the widowed sheriff of the fictional small community of Mayberry, North Carolina. His life is complicated by an inept, but well-meaning deputy, Barney Fife, a spinster aunt and housekeeper, Aunt Bee, and a precocious young son, Opie. Local ne'er-do-wells, bumbling pals, and temperamental girlfriends further complicate his life. Andy Griffith stated in a Today Show interview, with respect to the time period of the show: ""Well, though we never said it, and though it was shot in the '60s, it had a feeling of the '30s. It was when we were doing it, of a time gone by.""

The series never placed lower than seventh in the Nielsen ratings and ended its final season at number one. It has been ranked by TV Guide as the 9th-best show in American television history. Though neither Griffith nor the show won awards during its eight-season run, series co-stars Knotts and Bavier accumulated a combined total of six Emmy Awards. The show, a semi-spin-off from an episode of The Danny Thomas Show titled ""Danny Meets Andy Griffith"", spawned its own spin-off series, Gomer Pyle, U.S.M.C., a sequel series, Mayberry R.F.D., and a reunion telemovie, Return to Mayberry. The show's enduring popularity has generated a good deal of show-related merchandise. Reruns currently air on TV Land, and the complete series is available on DVD. All eight seasons are also now available by streaming video services such as Netflix."
1967,2,The Lucy Show,//en.wikipedia.org/wiki/The_Lucy_Show,CBS,27.0,2144.0,35,comedy,"The Lucy Show is an American sitcom that aired on CBS from 1962–68. It was Lucille Ball's follow-up to I Love Lucy. A significant change in cast and premise for the 1965–66 season divides the program into two distinct eras; aside from Ball, only Gale Gordon, who joined the program for its second season, remained. For the first three seasons, Vivian Vance was the co-star.

The earliest scripts were entitled The Lucille Ball Show, but when this title was declined, producers thought of calling the show This Is Lucy or The New Adventures of Lucy, before deciding on the title The Lucy Show. Ball won consecutive Emmy Awards as Outstanding Lead Actress in a Comedy Series for the series' final two seasons, 1966–67 and 1967–68."
1967,3,"Gomer Pyle, U.S.M.C.","//en.wikipedia.org/wiki/Gomer_Pyle,_U.S.M.C.",CBS,25.6,2413.0,"35,10751",comedy,"Gomer Pyle, U.S.M.C. is an American situation comedy that originally aired on CBS from September 25, 1964, to May 2, 1969. The series was a spinoff of The Andy Griffith Show, and the pilot was aired as the finale of the fourth season of The Andy Griffith Show on May 18, 1964. The show ran for five seasons and a total of 150 episodes. In 2006, CBS Home Entertainment began releasing the series on DVD. The final season was released in November 2008.

The series was created by Aaron Ruben, who also produced the show with Sheldon Leonard and Ronald Jacobs. Filmed and set in California, it stars Jim Nabors as Gomer Pyle, a naive but good-natured gas-station attendant from the town of Mayberry, North Carolina, who enlists in the United States Marine Corps. Frank Sutton plays Gomer's high-octane, short-fused Gunnery Sergeant Vince Carter, and Ronnie Schell plays Gomer's friend Gilbert ""Duke"" Slater. Allan Melvin played in the recurring role of Gunnery Sergeant Carter's rival, Sergeant Charley Hacker. The series never discussed nor addressed the then-current Vietnam War, instead focusing on the relationship between Gomer and Sergeant Carter. The show retained high ratings throughout its run."
1967,4,Family Affair,//en.wikipedia.org/wiki/Family_Affair_(1966_TV_series),CBS,25.5,503.0,"35,10751",comedy,"Family Affair is an American sitcom that aired on CBS from September 12, 1966 to September 9, 1971. The series explored the trials of well-to-do civil engineer and bachelor Bill Davis as he attempted to raise his brother's orphaned children in his luxury New York City apartment. Davis' traditional English gentleman's gentleman, Mr. Giles French, also had adjustments to make as he became saddled with the responsibility of caring for 15-year-old Cissy and the 6-year-old twins, Jody and Buffy.

The show ran for 138 episodes. Family Affair was created and produced by Don Fedderson, also known for My Three Sons and The Millionaire."
1967,7,The Red Skelton Show,//en.wikipedia.org/wiki/The_Red_Skelton_Show,CBS,25.3,10534.0,"35,10767,10751",comedy,"The Red Skelton Show is an American variety show that was a television staple for two decades, from 1951 to 1971. It was second to Gunsmoke and third to The Ed Sullivan Show in the ratings during that time. Skelton, who had previously been a radio star, had appeared in several motion pictures as well. Although his television series is largely associated with CBS, where it appeared for more than fifteen years, it actually began and ended on NBC. During its run, the program received three Emmy Awards, for Skelton as best comedian and the program as best comedy show during its initial season, and an award for comedy writing in 1961."
1967,8,The Dean Martin Show,//en.wikipedia.org/wiki/The_Dean_Martin_Show,NBC,24.8,12875.0,35,comedy,"The Dean Martin Show, also known as The Dean Martin Variety Show, is a TV variety-comedy series that ran from 1965 to 1974 for 264 episodes. It was broadcast by NBC and hosted by entertainer Dean Martin. The theme song to the series was his 1964 hit ""Everybody Loves Somebody."""
1967,9,The Jackie Gleason Show,//en.wikipedia.org/wiki/The_Jackie_Gleason_Show#American_Scene_Magazine,CBS,23.9,950.0,35,comedy,"The prodigiously talented Gleason became a TV icon after he joined CBS from DuMont, where his work on `Calvalcade of Stars' had established many of his trademark characters, including Reginald Van Gleason III, the Poor Soul and Ralph Kramden, featured here, along with Art Carney, in `Honeymooners' sketches. The Emmy-winning mix also featured guest stars, musical comedy, the glitzy June Taylor Dancers and Frank Fontaine's Crazy Guggenheim character."
1967,11,Bewitched,//en.wikipedia.org/wiki/Bewitched,ABC,23.5,4482.0,"10765,35,10751,18",comedy,"Samantha Stephens is a seemingly normal suburban housewife who also happens to be a genuine witch, with all the requisite magical powers. Her husband Darrin insists that Samantha keep her witchcraft under wraps, but situations invariably require her to indulge her powers while keeping her bothersome mother Endora at bay."
1967,12,The Beverly Hillbillies,//en.wikipedia.org/wiki/The_Beverly_Hillbillies,CBS,23.3,1930.0,"35,10751",comedy,"Jed Clampett's swamp is loaded with oil. When a wildcatter discovers the huge pool, Jed sells his land to the O.K. Oil Company and at the urging of cousin Pearl, moves his family to a 35-room mansion in Beverly Hills, California."
1967,13,The Ed Sullivan Show,//en.wikipedia.org/wiki/The_Ed_Sullivan_Show,CBS,23.2,5307.0,"35,10767",comedy,"The Ed Sullivan Show is an American TV variety show that originally ran on CBS from Sunday June 20, 1948 to Sunday June 6, 1971, and was hosted by New York entertainment columnist Ed Sullivan. It was replaced in September 1971 by the CBS Sunday Night Movie, which ran only one season and was eventually replaced by other shows.

In 2002, The Ed Sullivan Show was ranked #15 on TV Guide's 50 Greatest TV Shows of All Time."
1967,15,Green Acres,//en.wikipedia.org/wiki/Green_Acres,CBS,22.8,609.0,35,comedy,"Green Acres is an American sitcom starring Eddie Albert and Eva Gabor as a couple who move from New York City to a rural country farm. Produced by Filmways as a sister show to Petticoat Junction, the series was first broadcast on CBS, from September 15, 1965 to April 27, 1971.

Receiving solid ratings during its six-year run, Green Acres was cancelled in 1971 as part of the ""rural purge"" by CBS. The sitcom has been in syndication and is available in DVD and VHS releases. In 1997, the two-part episode ""A Star Named Arnold is Born"" was ranked #59 on TV Guide's 100 Greatest Episodes of All Time."
1967,18,The Smothers Brothers Comedy Hour,//en.wikipedia.org/wiki/The_Smothers_Brothers_Comedy_Hour,CBS,21.7,31490.0,35,comedy,The Smothers Brothers Comedy Hour is an American comedy and variety show hosted by the Smothers Brothers and initially airing on CBS from 1967 to 1969.
1967,21,Rowan & Martin's Laugh-In,//en.wikipedia.org/wiki/Rowan_&_Martin's_Laugh-In,NBC,21.3,9895.0,35,comedy,An American sketch comedy television program hosted by comedians Dan Rowan and Dick Martin.
1967,24,My Three Sons,//en.wikipedia.org/wiki/My_Three_Sons,CBS,20.8,1530.0,"35,10751",comedy,"A widower and aeronautical engineer named Steven Douglas raises three sons with the help of his father-in-law, and later the boys' great-uncle. An adopted son, a stepdaughter, wives, and another generation of sons join the loving family in later seasons."
1967,27,The Carol Burnett Show,//en.wikipedia.org/wiki/The_Carol_Burnett_Show,CBS,20.1,1027.0,"35,10751",comedy,"The Carol Burnett Show is an American variety/sketch comedy television show starring Carol Burnett, Harvey Korman, Vicki Lawrence, Lyle Waggoner, and Tim Conway. It originally ran on CBS from September 11, 1967, to March 29, 1978, for 278 episodes and originated from CBS Television City's Studio 33. The series won 25 prime time Emmy Awards, was ranked No. 16 on TV Guide's 50 Greatest TV Shows of All Time in 2002 and in 2007 was listed as one of Time magazine's ""100 Best TV Shows of All Time."""
1967,30,Lassie,//en.wikipedia.org/wiki/Lassie_(1954_TV_series),CBS,19.9,5368.0,"10759,18,10751,35",comedy,"Lassie is the pet of Jeff Miller, an 11-year-old farm boy. The two become best friends and enjoy family adventures in the American countryside, teaching each other about love, nature and commitment."
1968,1,Rowan & Martin's Laugh-In,//en.wikipedia.org/wiki/Rowan_&_Martin's_Laugh-In,NBC,31.8,9895.0,35,comedy,An American sketch comedy television program hosted by comedians Dan Rowan and Dick Martin.
1968,2,"Gomer Pyle, U.S.M.C.","//en.wikipedia.org/wiki/Gomer_Pyle,_U.S.M.C.",CBS,27.2,2413.0,"35,10751",comedy,"Gomer Pyle, U.S.M.C. is an American situation comedy that originally aired on CBS from September 25, 1964, to May 2, 1969. The series was a spinoff of The Andy Griffith Show, and the pilot was aired as the finale of the fourth season of The Andy Griffith Show on May 18, 1964. The show ran for five seasons and a total of 150 episodes. In 2006, CBS Home Entertainment began releasing the series on DVD. The final season was released in November 2008.

The series was created by Aaron Ruben, who also produced the show with Sheldon Leonard and Ronald Jacobs. Filmed and set in California, it stars Jim Nabors as Gomer Pyle, a naive but good-natured gas-station attendant from the town of Mayberry, North Carolina, who enlists in the United States Marine Corps. Frank Sutton plays Gomer's high-octane, short-fused Gunnery Sergeant Vince Carter, and Ronnie Schell plays Gomer's friend Gilbert ""Duke"" Slater. Allan Melvin played in the recurring role of Gunnery Sergeant Carter's rival, Sergeant Charley Hacker. The series never discussed nor addressed the then-current Vietnam War, instead focusing on the relationship between Gomer and Sergeant Carter. The show retained high ratings throughout its run."
1968,4,Mayberry R.F.D.,//en.wikipedia.org/wiki/Mayberry_R.F.D.,CBS,25.4,6756.0,"35,10751",comedy,"Mayberry R.F.D. is an American television series produced as a spin-off and direct continuation of The Andy Griffith Show. When star Andy Griffith decided to leave his series, most of the supporting characters returned for the new program, which ran for three seasons on the CBS Television Network from 1968–1971. During the final season of The Andy Griffith Show, widower farmer Sam Jones and his young son Mike are introduced and gradually become the show's focus. Sheriff Andy Taylor takes a backseat in the storylines, establishing the sequel series. The show's first episode, ""Andy and Helen's Wedding"", had the highest ratings in recorded television history. Sheriff Taylor and newlywed wife Helen make guest appearances on RFD until late 1969, and then relocate with Opie. Mayberry R.F.D. was popular throughout its entire run, but was canceled after its third season in CBS's infamous ""rural purge"" of 1971. R.F.D. stands for ""Rural Free Delivery"", a quaint postal depiction of the rural Mayberry community."
1968,5,Family Affair,//en.wikipedia.org/wiki/Family_Affair_(1966_TV_series),CBS,25.2,503.0,"35,10751",comedy,"Family Affair is an American sitcom that aired on CBS from September 12, 1966 to September 9, 1971. The series explored the trials of well-to-do civil engineer and bachelor Bill Davis as he attempted to raise his brother's orphaned children in his luxury New York City apartment. Davis' traditional English gentleman's gentleman, Mr. Giles French, also had adjustments to make as he became saddled with the responsibility of caring for 15-year-old Cissy and the 6-year-old twins, Jody and Buffy.

The show ran for 138 episodes. Family Affair was created and produced by Don Fedderson, also known for My Three Sons and The Millionaire."
1968,8,The Dean Martin Show,//en.wikipedia.org/wiki/The_Dean_Martin_Show,NBC,24.1,12875.0,35,comedy,"The Dean Martin Show, also known as The Dean Martin Variety Show, is a TV variety-comedy series that ran from 1965 to 1974 for 264 episodes. It was broadcast by NBC and hosted by entertainer Dean Martin. The theme song to the series was his 1964 hit ""Everybody Loves Somebody."""
1968,9,Here's Lucy,//en.wikipedia.org/wiki/Here's_Lucy,CBS,23.8,1439.0,35,comedy,"Lucille Ball's third network sitcom, following I Love Lucy (1951–57) and The Lucy Show (1962–68)."
1968,10,The Beverly Hillbillies,//en.wikipedia.org/wiki/The_Beverly_Hillbillies,CBS,23.5,1930.0,"35,10751",comedy,"Jed Clampett's swamp is loaded with oil. When a wildcatter discovers the huge pool, Jed sells his land to the O.K. Oil Company and at the urging of cousin Pearl, moves his family to a 35-room mansion in Beverly Hills, California."
1968,11,Bewitched,//en.wikipedia.org/wiki/Bewitched,ABC,23.3,4482.0,"10765,35,10751,18",comedy,"Samantha Stephens is a seemingly normal suburban housewife who also happens to be a genuine witch, with all the requisite magical powers. Her husband Darrin insists that Samantha keep her witchcraft under wraps, but situations invariably require her to indulge her powers while keeping her bothersome mother Endora at bay."
1968,11,The Red Skelton Hour,//en.wikipedia.org/wiki/The_Red_Skelton_Show,CBS,23.3,10534.0,"35,10767,10751",comedy,"The Red Skelton Show is an American variety show that was a television staple for two decades, from 1951 to 1971. It was second to Gunsmoke and third to The Ed Sullivan Show in the ratings during that time. Skelton, who had previously been a radio star, had appeared in several motion pictures as well. Although his television series is largely associated with CBS, where it appeared for more than fifteen years, it actually began and ended on NBC. During its run, the program received three Emmy Awards, for Skelton as best comedian and the program as best comedy show during its initial season, and an award for comedy writing in 1961."
1968,14,My Three Sons,//en.wikipedia.org/wiki/My_Three_Sons,CBS,22.8,1530.0,"35,10751",comedy,"A widower and aeronautical engineer named Steven Douglas raises three sons with the help of his father-in-law, and later the boys' great-uncle. An adopted son, a stepdaughter, wives, and another generation of sons join the loving family in later seasons."
1968,15,The Glen Campbell Goodtime Hour,//en.wikipedia.org/wiki/The_Glen_Campbell_Goodtime_Hour,CBS,22.5,11275.0,35,comedy,"The Glen Campbell Goodtime Hour is an American network television music and comedy variety show hosted by singer Glen Campbell from January 1969 through June 1972 on CBS. He was offered the show after he hosted a 1968 summer replacement for The Smothers Brothers Comedy Hour. Campbell used ""Gentle on My Mind"" as the theme song of the show. The show was one of the few rural-oriented shows to survive CBS's rural purge of 1971."
1968,19,Green Acres,//en.wikipedia.org/wiki/Green_Acres,CBS,21.6,609.0,35,comedy,"Green Acres is an American sitcom starring Eddie Albert and Eva Gabor as a couple who move from New York City to a rural country farm. Produced by Filmways as a sister show to Petticoat Junction, the series was first broadcast on CBS, from September 15, 1965 to April 27, 1971.

Receiving solid ratings during its six-year run, Green Acres was cancelled in 1971 as part of the ""rural purge"" by CBS. The sitcom has been in syndication and is available in DVD and VHS releases. In 1997, the two-part episode ""A Star Named Arnold is Born"" was ranked #59 on TV Guide's 100 Greatest Episodes of All Time."
1968,23,The Ed Sullivan Show,//en.wikipedia.org/wiki/The_Ed_Sullivan_Show,CBS,21.2,5307.0,"35,10767",comedy,"The Ed Sullivan Show is an American TV variety show that originally ran on CBS from Sunday June 20, 1948 to Sunday June 6, 1971, and was hosted by New York entertainment columnist Ed Sullivan. It was replaced in September 1971 by the CBS Sunday Night Movie, which ran only one season and was eventually replaced by other shows.

In 2002, The Ed Sullivan Show was ranked #15 on TV Guide's 50 Greatest TV Shows of All Time."
1968,24,The Carol Burnett Show,//en.wikipedia.org/wiki/The_Carol_Burnett_Show,CBS,20.8,1027.0,"35,10751",comedy,"The Carol Burnett Show is an American variety/sketch comedy television show starring Carol Burnett, Harvey Korman, Vicki Lawrence, Lyle Waggoner, and Tim Conway. It originally ran on CBS from September 11, 1967, to March 29, 1978, for 278 episodes and originated from CBS Television City's Studio 33. The series won 25 prime time Emmy Awards, was ranked No. 16 on TV Guide's 50 Greatest TV Shows of All Time in 2002 and in 2007 was listed as one of Time magazine's ""100 Best TV Shows of All Time."""
1968,24,The Jackie Gleason Show,//en.wikipedia.org/wiki/The_Jackie_Gleason_Show#American_Scene_Magazine,CBS,20.8,950.0,35,comedy,"The prodigiously talented Gleason became a TV icon after he joined CBS from DuMont, where his work on `Calvalcade of Stars' had established many of his trademark characters, including Reginald Van Gleason III, the Poor Soul and Ralph Kramden, featured here, along with Art Carney, in `Honeymooners' sketches. The Emmy-winning mix also featured guest stars, musical comedy, the glitzy June Taylor Dancers and Frank Fontaine's Crazy Guggenheim character."
1968,26,I Dream of Jeannie,//en.wikipedia.org/wiki/I_Dream_of_Jeannie,NBC,20.7,1660.0,"10765,35,10751",comedy,"While on a mission, American astronaut Captain Tony Nelson is forced to make an emergency landing that will forever change his life. On a deserted South Pacific island, Captain Nelson happens upon a bottle containing a beautiful two-thousand-year-old female genie named Jeannie. Rescuing her from the bottle nets Tony the requisite three wishes, and then some, when Jeannie pledges total devotion to her new ""master""."
1968,27,The Smothers Brothers Comedy Hour,//en.wikipedia.org/wiki/The_Smothers_Brothers_Comedy_Hour,CBS,20.6,31490.0,35,comedy,The Smothers Brothers Comedy Hour is an American comedy and variety show hosted by the Smothers Brothers and initially airing on CBS from 1967 to 1969.
1968,30,The Doris Day Show,//en.wikipedia.org/wiki/The_Doris_Day_Show,CBS,20.4,10099.0,"35,37",comedy,"The Doris Day Show is an American sitcom that was originally broadcast on the CBS network from September 1968 until March 1973, remaining on the air for five seasons and 128 episodes. In addition to showcasing Doris Day, the show is remembered for its many abrupt format changes over the course of its five-year run. It is also remembered for Day's statement, in her autobiography Doris Day: Her Own Story, that her husband Martin Melcher had signed her to do the TV series without her knowledge, a fact she only discovered when Melcher died of heart disease on April 20, 1968. The TV show premiered on Tuesday, September 24, 1968."
1969,1,Rowan & Martin's Laugh-In,//en.wikipedia.org/wiki/Rowan_&_Martin's_Laugh-In,NBC,26.3,9895.0,35,comedy,An American sketch comedy television program hosted by comedians Dan Rowan and Dick Martin.
1969,4,Mayberry R.F.D.,//en.wikipedia.org/wiki/Mayberry_R.F.D.,CBS,24.4,6756.0,"35,10751",comedy,"Mayberry R.F.D. is an American television series produced as a spin-off and direct continuation of The Andy Griffith Show. When star Andy Griffith decided to leave his series, most of the supporting characters returned for the new program, which ran for three seasons on the CBS Television Network from 1968–1971. During the final season of The Andy Griffith Show, widower farmer Sam Jones and his young son Mike are introduced and gradually become the show's focus. Sheriff Andy Taylor takes a backseat in the storylines, establishing the sequel series. The show's first episode, ""Andy and Helen's Wedding"", had the highest ratings in recorded television history. Sheriff Taylor and newlywed wife Helen make guest appearances on RFD until late 1969, and then relocate with Opie. Mayberry R.F.D. was popular throughout its entire run, but was canceled after its third season in CBS's infamous ""rural purge"" of 1971. R.F.D. stands for ""Rural Free Delivery"", a quaint postal depiction of the rural Mayberry community."
1969,5,Family Affair,//en.wikipedia.org/wiki/Family_Affair_(1966_TV_series),CBS,24.2,503.0,"35,10751",comedy,"Family Affair is an American sitcom that aired on CBS from September 12, 1966 to September 9, 1971. The series explored the trials of well-to-do civil engineer and bachelor Bill Davis as he attempted to raise his brother's orphaned children in his luxury New York City apartment. Davis' traditional English gentleman's gentleman, Mr. Giles French, also had adjustments to make as he became saddled with the responsibility of caring for 15-year-old Cissy and the 6-year-old twins, Jody and Buffy.

The show ran for 138 episodes. Family Affair was created and produced by Don Fedderson, also known for My Three Sons and The Millionaire."
1969,6,Here's Lucy,//en.wikipedia.org/wiki/Here's_Lucy,CBS,23.9,1439.0,35,comedy,"Lucille Ball's third network sitcom, following I Love Lucy (1951–57) and The Lucy Show (1962–68)."
1969,7,The Red Skelton Hour,//en.wikipedia.org/wiki/The_Red_Skelton_Show,CBS,23.8,10534.0,"35,10767,10751",comedy,"The Red Skelton Show is an American variety show that was a television staple for two decades, from 1951 to 1971. It was second to Gunsmoke and third to The Ed Sullivan Show in the ratings during that time. Skelton, who had previously been a radio star, had appeared in several motion pictures as well. Although his television series is largely associated with CBS, where it appeared for more than fifteen years, it actually began and ended on NBC. During its run, the program received three Emmy Awards, for Skelton as best comedian and the program as best comedy show during its initial season, and an award for comedy writing in 1961."
1969,10,The Doris Day Show,//en.wikipedia.org/wiki/The_Doris_Day_Show,CBS,22.8,10099.0,"35,37",comedy,"The Doris Day Show is an American sitcom that was originally broadcast on the CBS network from September 1968 until March 1973, remaining on the air for five seasons and 128 episodes. In addition to showcasing Doris Day, the show is remembered for its many abrupt format changes over the course of its five-year run. It is also remembered for Day's statement, in her autobiography Doris Day: Her Own Story, that her husband Martin Melcher had signed her to do the TV series without her knowledge, a fact she only discovered when Melcher died of heart disease on April 20, 1968. The TV show premiered on Tuesday, September 24, 1968."
1969,11,The Bill Cosby Show,//en.wikipedia.org/wiki/The_Bill_Cosby_Show,NBC,22.7,3523.0,35,comedy,"The Bill Cosby Show is an American situation comedy that aired for two seasons on NBC's Sunday night schedule from 1969 until 1971, under the sponsorship of Procter & Gamble. There were 52 episodes made in the series. It marked Bill Cosby's first solo foray in television, after his co-starring role with Robert Culp in I Spy. The series also marked the first time an African American starred in his or her own eponymous comedy series."
1969,13,The Carol Burnett Show,//en.wikipedia.org/wiki/The_Carol_Burnett_Show,CBS,22.1,1027.0,"35,10751",comedy,"The Carol Burnett Show is an American variety/sketch comedy television show starring Carol Burnett, Harvey Korman, Vicki Lawrence, Lyle Waggoner, and Tim Conway. It originally ran on CBS from September 11, 1967, to March 29, 1978, for 278 episodes and originated from CBS Television City's Studio 33. The series won 25 prime time Emmy Awards, was ranked No. 16 on TV Guide's 50 Greatest TV Shows of All Time in 2002 and in 2007 was listed as one of Time magazine's ""100 Best TV Shows of All Time."""
1969,14,The Dean Martin Show,//en.wikipedia.org/wiki/The_Dean_Martin_Show,NBC,21.9,12875.0,35,comedy,"The Dean Martin Show, also known as The Dean Martin Variety Show, is a TV variety-comedy series that ran from 1965 to 1974 for 264 episodes. It was broadcast by NBC and hosted by entertainer Dean Martin. The theme song to the series was his 1964 hit ""Everybody Loves Somebody."""
1969,15,My Three Sons,//en.wikipedia.org/wiki/My_Three_Sons,CBS,21.8,1530.0,"35,10751",comedy,"A widower and aeronautical engineer named Steven Douglas raises three sons with the help of his father-in-law, and later the boys' great-uncle. An adopted son, a stepdaughter, wives, and another generation of sons join the loving family in later seasons."
1969,18,The Beverly Hillbillies,//en.wikipedia.org/wiki/The_Beverly_Hillbillies,CBS,21.7,1930.0,"35,10751",comedy,"Jed Clampett's swamp is loaded with oil. When a wildcatter discovers the huge pool, Jed sells his land to the O.K. Oil Company and at the urging of cousin Pearl, moves his family to a 35-room mansion in Beverly Hills, California."
1969,20,The Glen Campbell Goodtime Hour,//en.wikipedia.org/wiki/The_Glen_Campbell_Goodtime_Hour,CBS,21.0,11275.0,35,comedy,"The Glen Campbell Goodtime Hour is an American network television music and comedy variety show hosted by singer Glen Campbell from January 1969 through June 1972 on CBS. He was offered the show after he hosted a 1968 summer replacement for The Smothers Brothers Comedy Hour. Campbell used ""Gentle on My Mind"" as the theme song of the show. The show was one of the few rural-oriented shows to survive CBS's rural purge of 1971."
1969,20,Hee Haw,//en.wikipedia.org/wiki/Hee_Haw,CBS,21.0,3922.0,35,comedy,"Hee Haw was an American variety show featuring a mixture of country music and comedy skits. Co-hosted by Buck Owens and Roy Clark for most of the series, the show also guested well-established country music stars including Johnny Cash and Dolly Parton. Originally airing on CBS from 1969 to 1971, the show ran for over 20 years in syndication until 1993."
1969,24,Bewitched,//en.wikipedia.org/wiki/Bewitched,ABC,20.6,4482.0,"10765,35,10751,18",comedy,"Samantha Stephens is a seemingly normal suburban housewife who also happens to be a genuine witch, with all the requisite magical powers. Her husband Darrin insists that Samantha keep her witchcraft under wraps, but situations invariably require her to indulge her powers while keeping her bothersome mother Endora at bay."
1969,27,The Ed Sullivan Show,//en.wikipedia.org/wiki/The_Ed_Sullivan_Show,CBS,20.3,5307.0,"35,10767",comedy,"The Ed Sullivan Show is an American TV variety show that originally ran on CBS from Sunday June 20, 1948 to Sunday June 6, 1971, and was hosted by New York entertainment columnist Ed Sullivan. It was replaced in September 1971 by the CBS Sunday Night Movie, which ran only one season and was eventually replaced by other shows.

In 2002, The Ed Sullivan Show was ranked #15 on TV Guide's 50 Greatest TV Shows of All Time."
1970,2,The Flip Wilson Show,//en.wikipedia.org/wiki/The_Flip_Wilson_Show,NBC,27.9,10663.0,35,comedy,"The Flip Wilson Show is an hour long variety show that aired in the U.S. on NBC from September 17, 1970 to June 27, 1974. The show starred American comedian Flip Wilson; the program was one of the first American television programs starring a black person in the title role to become highly successful with a white audience. Specifically, it was the first successful network variety series starring an African American. During its first two seasons, its Nielsen ratings made it the nation's second most watched show.

The show consisted of many skits over an hour. It also broke new ground in American television by using a 'Theatre-in-the-Round' stage format, with the audience seated on all sides of a circular performance area.

Wilson was most famous for creating the role of Geraldine Jones, a sassy, modern woman who had a boyfriend named Killer. Flip also created the role of Reverend Leroy, who was the minister of the Church of What's Happening Now!. New parishioners were wary of coming to the church as it was hinted that Reverend Leroy was a con artist. Wilson popularized such catchphrases as ""What you see is what you get"", and ""The devil made me do it!""."
1970,3,Here's Lucy,//en.wikipedia.org/wiki/Here's_Lucy,CBS,26.1,1439.0,35,comedy,"Lucille Ball's third network sitcom, following I Love Lucy (1951–57) and The Lucy Show (1962–68)."
1970,13,Rowan & Martin's Laugh-In,//en.wikipedia.org/wiki/Rowan_&_Martin's_Laugh-In,NBC,22.4,9895.0,35,comedy,An American sketch comedy television program hosted by comedians Dan Rowan and Dick Martin.
1970,15,Mayberry R.F.D.,//en.wikipedia.org/wiki/Mayberry_R.F.D.,CBS,22.3,6756.0,"35,10751",comedy,"Mayberry R.F.D. is an American television series produced as a spin-off and direct continuation of The Andy Griffith Show. When star Andy Griffith decided to leave his series, most of the supporting characters returned for the new program, which ran for three seasons on the CBS Television Network from 1968–1971. During the final season of The Andy Griffith Show, widower farmer Sam Jones and his young son Mike are introduced and gradually become the show's focus. Sheriff Andy Taylor takes a backseat in the storylines, establishing the sequel series. The show's first episode, ""Andy and Helen's Wedding"", had the highest ratings in recorded television history. Sheriff Taylor and newlywed wife Helen make guest appearances on RFD until late 1969, and then relocate with Opie. Mayberry R.F.D. was popular throughout its entire run, but was canceled after its third season in CBS's infamous ""rural purge"" of 1971. R.F.D. stands for ""Rural Free Delivery"", a quaint postal depiction of the rural Mayberry community."
1970,16,Hee Haw,//en.wikipedia.org/wiki/Hee_Haw,CBS,21.4,3922.0,35,comedy,"Hee Haw was an American variety show featuring a mixture of country music and comedy skits. Co-hosted by Buck Owens and Roy Clark for most of the series, the show also guested well-established country music stars including Johnny Cash and Dolly Parton. Originally airing on CBS from 1969 to 1971, the show ran for over 20 years in syndication until 1993."
1970,19,My Three Sons,//en.wikipedia.org/wiki/My_Three_Sons,CBS,20.8,1530.0,"35,10751",comedy,"A widower and aeronautical engineer named Steven Douglas raises three sons with the help of his father-in-law, and later the boys' great-uncle. An adopted son, a stepdaughter, wives, and another generation of sons join the loving family in later seasons."
1970,20,The Doris Day Show,//en.wikipedia.org/wiki/The_Doris_Day_Show,CBS,20.7,10099.0,"35,37",comedy,"The Doris Day Show is an American sitcom that was originally broadcast on the CBS network from September 1968 until March 1973, remaining on the air for five seasons and 128 episodes. In addition to showcasing Doris Day, the show is remembered for its many abrupt format changes over the course of its five-year run. It is also remembered for Day's statement, in her autobiography Doris Day: Her Own Story, that her husband Martin Melcher had signed her to do the TV series without her knowledge, a fact she only discovered when Melcher died of heart disease on April 20, 1968. The TV show premiered on Tuesday, September 24, 1968."
1970,21,The Smith Family,//en.wikipedia.org/wiki/The_Smith_Family_(TV_series),ABC,20.6,22327.0,"35,18",comedy,"The Smith Family is an American comedy-drama television series produced by Don Fedderson Productions. The series aired on ABC from January 20, 1971 to June 7, 1972, for 39 episodes."
1970,22,The Mary Tyler Moore Show,//en.wikipedia.org/wiki/The_Mary_Tyler_Moore_Show,CBS,20.3,2962.0,35,comedy,"30-year-old single Mary Richards moves to Minneapolis to start a new life after a romantic break-up. There she reacquaints with Phyllis who rents her a room, and meets her upstairs neighbor and new best friend Rhoda. Mary unexpectedly lands a job as associate producer at the TV station WJM, where she works alongside her bristly boss, Lou; the comical newswriter, Murray; and the newscast's often-incompetent anchor, Ted."
1970,24,The Dean Martin Show,//en.wikipedia.org/wiki/The_Dean_Martin_Show,NBC,20.0,12875.0,35,comedy,"The Dean Martin Show, also known as The Dean Martin Variety Show, is a TV variety-comedy series that ran from 1965 to 1974 for 264 episodes. It was broadcast by NBC and hosted by entertainer Dean Martin. The theme song to the series was his 1964 hit ""Everybody Loves Somebody."""
1970,25,The Carol Burnett Show,//en.wikipedia.org/wiki/The_Carol_Burnett_Show,CBS,19.8,1027.0,"35,10751",comedy,"The Carol Burnett Show is an American variety/sketch comedy television show starring Carol Burnett, Harvey Korman, Vicki Lawrence, Lyle Waggoner, and Tim Conway. It originally ran on CBS from September 11, 1967, to March 29, 1978, for 278 episodes and originated from CBS Television City's Studio 33. The series won 25 prime time Emmy Awards, was ranked No. 16 on TV Guide's 50 Greatest TV Shows of All Time in 2002 and in 2007 was listed as one of Time magazine's ""100 Best TV Shows of All Time."""
1970,25,The Partridge Family,//en.wikipedia.org/wiki/The_Partridge_Family,ABC,19.8,13941.0,"35,10751",comedy,The Partridge Family is an American television sitcom series about a widowed mother and her five children who embark on a music career.
1971,1,All in the Family,//en.wikipedia.org/wiki/All_in_the_Family,CBS,34.0,1922.0,35,comedy,"Archie Bunker, a working class bigot, constantly squabbles with his family over the important issues of the day."
1971,2,The Flip Wilson Show,//en.wikipedia.org/wiki/The_Flip_Wilson_Show,NBC,28.2,10663.0,35,comedy,"The Flip Wilson Show is an hour long variety show that aired in the U.S. on NBC from September 17, 1970 to June 27, 1974. The show starred American comedian Flip Wilson; the program was one of the first American television programs starring a black person in the title role to become highly successful with a white audience. Specifically, it was the first successful network variety series starring an African American. During its first two seasons, its Nielsen ratings made it the nation's second most watched show.

The show consisted of many skits over an hour. It also broke new ground in American television by using a 'Theatre-in-the-Round' stage format, with the audience seated on all sides of a circular performance area.

Wilson was most famous for creating the role of Geraldine Jones, a sassy, modern woman who had a boyfriend named Killer. Flip also created the role of Reverend Leroy, who was the minister of the Church of What's Happening Now!. New parishioners were wary of coming to the church as it was hinted that Reverend Leroy was a con artist. Wilson popularized such catchphrases as ""What you see is what you get"", and ""The devil made me do it!""."
1971,6,Sanford and Son,//en.wikipedia.org/wiki/Sanford_and_Son,NBC,25.2,2586.0,35,comedy,The misadventures of a cantankerous junk dealer and his frustrated son.
1971,10,The Mary Tyler Moore Show,//en.wikipedia.org/wiki/The_Mary_Tyler_Moore_Show,CBS,23.7,2962.0,35,comedy,"30-year-old single Mary Richards moves to Minneapolis to start a new life after a romantic break-up. There she reacquaints with Phyllis who rents her a room, and meets her upstairs neighbor and new best friend Rhoda. Mary unexpectedly lands a job as associate producer at the TV station WJM, where she works alongside her bristly boss, Lou; the comical newswriter, Murray; and the newscast's often-incompetent anchor, Ted."
1971,10,Here's Lucy,//en.wikipedia.org/wiki/Here's_Lucy,CBS,23.7,1439.0,35,comedy,"Lucille Ball's third network sitcom, following I Love Lucy (1951–57) and The Lucy Show (1962–68)."
1971,16,The Partridge Family,//en.wikipedia.org/wiki/The_Partridge_Family,ABC,22.6,13941.0,"35,10751",comedy,The Partridge Family is an American television sitcom series about a widowed mother and her five children who embark on a music career.
1971,18,The New Dick Van Dyke Show,//en.wikipedia.org/wiki/The_New_Dick_Van_Dyke_Show,CBS,22.2,4263.0,35,comedy,The New Dick Van Dyke Show is an American sitcom starring Dick Van Dyke that aired on CBS from 1971 to 1974. It was Van Dyke's first return to series television since The Dick Van Dyke Show.
1971,22,Rowan & Martin's Laugh-In,//en.wikipedia.org/wiki/Rowan_&_Martin's_Laugh-In,NBC,21.4,9895.0,35,comedy,An American sketch comedy television program hosted by comedians Dan Rowan and Dick Martin.
1971,23,The Carol Burnett Show,//en.wikipedia.org/wiki/The_Carol_Burnett_Show,CBS,21.2,1027.0,"35,10751",comedy,"The Carol Burnett Show is an American variety/sketch comedy television show starring Carol Burnett, Harvey Korman, Vicki Lawrence, Lyle Waggoner, and Tim Conway. It originally ran on CBS from September 11, 1967, to March 29, 1978, for 278 episodes and originated from CBS Television City's Studio 33. The series won 25 prime time Emmy Awards, was ranked No. 16 on TV Guide's 50 Greatest TV Shows of All Time in 2002 and in 2007 was listed as one of Time magazine's ""100 Best TV Shows of All Time."""
1971,23,The Doris Day Show,//en.wikipedia.org/wiki/The_Doris_Day_Show,CBS,21.2,10099.0,"35,37",comedy,"The Doris Day Show is an American sitcom that was originally broadcast on the CBS network from September 1968 until March 1973, remaining on the air for five seasons and 128 episodes. In addition to showcasing Doris Day, the show is remembered for its many abrupt format changes over the course of its five-year run. It is also remembered for Day's statement, in her autobiography Doris Day: Her Own Story, that her husband Martin Melcher had signed her to do the TV series without her knowledge, a fact she only discovered when Melcher died of heart disease on April 20, 1968. The TV show premiered on Tuesday, September 24, 1968."
1971,27,The Sonny & Cher Comedy Hour,//en.wikipedia.org/wiki/The_Sonny_&_Cher_Comedy_Hour,CBS,20.2,1090.0,35,comedy,"The Sonny & Cher Comedy Hour is an American variety show starring American pop-singer Cher and her husband, Sonny Bono. The show ran on CBS in the United States, when it premiered in August 1971. The show was canceled May 1974, due to the couple's divorce, though the duo would reunite in 1976 for the identically-formatted The Sonny & Cher Show, which ran until 1977."
1971,28,Room 222,//en.wikipedia.org/wiki/Room_222,ABC,19.8,3783.0,"35,18",comedy,
1972,1,All in the Family,//en.wikipedia.org/wiki/All_in_the_Family,CBS,33.3,1922.0,35,comedy,"Archie Bunker, a working class bigot, constantly squabbles with his family over the important issues of the day."
1972,2,Sanford and Son,//en.wikipedia.org/wiki/Sanford_and_Son,NBC,27.6,2586.0,35,comedy,The misadventures of a cantankerous junk dealer and his frustrated son.
1972,4,Maude,//en.wikipedia.org/wiki/Maude_(TV_series),CBS,24.7,2184.0,"35,18",comedy,"Well-educated and upper middle class, Maude Findlay is the archetypal feminist of her generation. She lives in suburban Tuckahoe, New York, with her fourth husband, Walter, their divorced daughter, Carol, and grandson Phillip."
1972,5,Bridget Loves Bernie,//en.wikipedia.org/wiki/Bridget_Loves_Bernie,CBS,24.2,6548.0,35,comedy,"Bridget Loves Bernie is an American television comedy program created by Bernard Slade, the creator of the 1970–74 ABC sitcom The Partridge Family and the 1967-70 sitcom The Flying Nun, based loosely on the premise of the 1920s’ Broadway play and 1940s’ radio show Abie's Irish Rose. It stars Meredith Baxter and David Birney as the title characters, and ran for one season, from 1972 to 1973 on CBS.

Baxter and Birney married in real life after the program went off the air."
1972,7,The Mary Tyler Moore Show,//en.wikipedia.org/wiki/The_Mary_Tyler_Moore_Show,CBS,23.6,2962.0,35,comedy,"30-year-old single Mary Richards moves to Minneapolis to start a new life after a romantic break-up. There she reacquaints with Phyllis who rents her a room, and meets her upstairs neighbor and new best friend Rhoda. Mary unexpectedly lands a job as associate producer at the TV station WJM, where she works alongside her bristly boss, Lou; the comical newswriter, Murray; and the newscast's often-incompetent anchor, Ted."
1972,12,The Flip Wilson Show,//en.wikipedia.org/wiki/The_Flip_Wilson_Show,NBC,23.1,10663.0,35,comedy,"The Flip Wilson Show is an hour long variety show that aired in the U.S. on NBC from September 17, 1970 to June 27, 1974. The show starred American comedian Flip Wilson; the program was one of the first American television programs starring a black person in the title role to become highly successful with a white audience. Specifically, it was the first successful network variety series starring an African American. During its first two seasons, its Nielsen ratings made it the nation's second most watched show.

The show consisted of many skits over an hour. It also broke new ground in American television by using a 'Theatre-in-the-Round' stage format, with the audience seated on all sides of a circular performance area.

Wilson was most famous for creating the role of Geraldine Jones, a sassy, modern woman who had a boyfriend named Killer. Flip also created the role of Reverend Leroy, who was the minister of the Church of What's Happening Now!. New parishioners were wary of coming to the church as it was hinted that Reverend Leroy was a con artist. Wilson popularized such catchphrases as ""What you see is what you get"", and ""The devil made me do it!""."
1972,15,Here's Lucy,//en.wikipedia.org/wiki/Here's_Lucy,CBS,21.9,1439.0,35,comedy,"Lucille Ball's third network sitcom, following I Love Lucy (1951–57) and The Lucy Show (1962–68)."
1972,16,The Bob Newhart Show,//en.wikipedia.org/wiki/The_Bob_Newhart_Show,CBS,21.8,1974.0,35,comedy,"The Bob Newhart Show is an American situation comedy produced by MTM Enterprises, which aired 142 original episodes on CBS from September 16, 1972, to April 1, 1978. Comedian Bob Newhart portrays a psychologist having to deal with his patients and fellow office workers. The show was filmed before a live audience."
1972,19,The Partridge Family,//en.wikipedia.org/wiki/The_Partridge_Family,ABC,20.6,13941.0,"35,10751",comedy,The Partridge Family is an American television sitcom series about a widowed mother and her five children who embark on a music career.
1972,22,The Carol Burnett Show,//en.wikipedia.org/wiki/The_Carol_Burnett_Show,CBS,20.3,1027.0,"35,10751",comedy,"The Carol Burnett Show is an American variety/sketch comedy television show starring Carol Burnett, Harvey Korman, Vicki Lawrence, Lyle Waggoner, and Tim Conway. It originally ran on CBS from September 11, 1967, to March 29, 1978, for 278 episodes and originated from CBS Television City's Studio 33. The series won 25 prime time Emmy Awards, was ranked No. 16 on TV Guide's 50 Greatest TV Shows of All Time in 2002 and in 2007 was listed as one of Time magazine's ""100 Best TV Shows of All Time."""
1972,25,The Little People,//en.wikipedia.org/wiki/The_Brian_Keith_Show,NBC,19.9,139150.0,"35,10763,10768",comedy,A satyrical show about current Israeli event using puppets.
1973,1,All in the Family,//en.wikipedia.org/wiki/All_in_the_Family,CBS,31.2,1922.0,35,comedy,"Archie Bunker, a working class bigot, constantly squabbles with his family over the important issues of the day."
1973,3,Sanford and Son,//en.wikipedia.org/wiki/Sanford_and_Son,NBC,27.5,2586.0,35,comedy,The misadventures of a cantankerous junk dealer and his frustrated son.
1973,4,M*A*S*H,//en.wikipedia.org/wiki/M*A*S*H_(TV_series),CBS,25.7,918.0,"10768,18,35",comedy,"The 4077th Mobile Army Surgical Hospital is stuck in the middle of the Korean war. With little help from the circumstances they find themselves in, they are forced to make their own fun. Fond of practical jokes and revenge, the doctors, nurses, administrators, and soldiers often find ways of making wartime life bearable."
1973,6,Maude,//en.wikipedia.org/wiki/Maude_(TV_series),CBS,23.5,2184.0,"35,18",comedy,"Well-educated and upper middle class, Maude Findlay is the archetypal feminist of her generation. She lives in suburban Tuckahoe, New York, with her fourth husband, Walter, their divorced daughter, Carol, and grandson Phillip."
1973,7,The Sonny & Cher Comedy Hour,//en.wikipedia.org/wiki/The_Sonny_&_Cher_Comedy_Hour,CBS,23.3,1090.0,35,comedy,"The Sonny & Cher Comedy Hour is an American variety show starring American pop-singer Cher and her husband, Sonny Bono. The show ran on CBS in the United States, when it premiered in August 1971. The show was canceled May 1974, due to the couple's divorce, though the duo would reunite in 1976 for the identically-formatted The Sonny & Cher Show, which ran until 1977."
1973,9,The Mary Tyler Moore Show,//en.wikipedia.org/wiki/The_Mary_Tyler_Moore_Show,CBS,23.1,2962.0,35,comedy,"30-year-old single Mary Richards moves to Minneapolis to start a new life after a romantic break-up. There she reacquaints with Phyllis who rents her a room, and meets her upstairs neighbor and new best friend Rhoda. Mary unexpectedly lands a job as associate producer at the TV station WJM, where she works alongside her bristly boss, Lou; the comical newswriter, Murray; and the newscast's often-incompetent anchor, Ted."
1973,12,The Bob Newhart Show,//en.wikipedia.org/wiki/The_Bob_Newhart_Show,CBS,22.3,1974.0,35,comedy,"The Bob Newhart Show is an American situation comedy produced by MTM Enterprises, which aired 142 original episodes on CBS from September 16, 1972, to April 1, 1978. Comedian Bob Newhart portrays a psychologist having to deal with his patients and fellow office workers. The show was filmed before a live audience."
1973,16,Happy Days,//en.wikipedia.org/wiki/Happy_Days,ABC,21.5,3845.0,35,comedy,"In 1950s Milwaukee the Cunningham family must contend with Fonzie, a motorcycle riding Casanova."
1973,17,Good Times,//en.wikipedia.org/wiki/Good_Times,CBS,21.4,154.0,35,comedy,"Good Times is an American sitcom that originally aired from February 8, 1974, until August 1, 1979, on the CBS television network. It was created by Eric Monte and Mike Evans, and developed by Norman Lear, the series' primary executive producer. Good Times is a spin-off of Maude, which is itself a spin-off of All in the Family along with The Jeffersons.

The series is set in Chicago. The first two seasons were taped at CBS Television City in Hollywood. In the fall of 1975, the show moved to Metromedia Square, where Norman Lear's own production company was housed."
1973,27,The Carol Burnett Show,//en.wikipedia.org/wiki/The_Carol_Burnett_Show,CBS,20.1,1027.0,"35,10751",comedy,"The Carol Burnett Show is an American variety/sketch comedy television show starring Carol Burnett, Harvey Korman, Vicki Lawrence, Lyle Waggoner, and Tim Conway. It originally ran on CBS from September 11, 1967, to March 29, 1978, for 278 episodes and originated from CBS Television City's Studio 33. The series won 25 prime time Emmy Awards, was ranked No. 16 on TV Guide's 50 Greatest TV Shows of All Time in 2002 and in 2007 was listed as one of Time magazine's ""100 Best TV Shows of All Time."""
1973,29,Here's Lucy,//en.wikipedia.org/wiki/Here's_Lucy,CBS,20.0,1439.0,35,comedy,"Lucille Ball's third network sitcom, following I Love Lucy (1951–57) and The Lucy Show (1962–68)."
1974,1,All in the Family,//en.wikipedia.org/wiki/All_in_the_Family,CBS,30.2,1922.0,35,comedy,"Archie Bunker, a working class bigot, constantly squabbles with his family over the important issues of the day."
1974,2,Sanford and Son,//en.wikipedia.org/wiki/Sanford_and_Son,NBC,29.6,2586.0,35,comedy,The misadventures of a cantankerous junk dealer and his frustrated son.
1974,3,Chico and the Man,//en.wikipedia.org/wiki/Chico_and_the_Man,NBC,28.5,1935.0,35,comedy,"Chico and the Man is an American sitcom which ran on NBC for four seasons, from September 13, 1974, to July 21, 1978. It stars Jack Albertson as Ed Brown, the cantankerous owner of a run down garage in an East Los Angeles barrio, and Freddie Prinze as Chico Rodriguez, an upbeat, optimistic Chicano young man who comes in looking for a job. It was the first U.S. television series set in a Mexican-American neighborhood."
1974,4,The Jeffersons,//en.wikipedia.org/wiki/The_Jeffersons,CBS,27.6,1964.0,"35,10751",comedy,"Sitcom following a successful African-American couple, George and Louise “Weezyö Jefferson as they “move on up” from working-class Queens to a ritzy Manhattan apartment. A spin-off of All in the Family."
1974,5,M*A*S*H,//en.wikipedia.org/wiki/M*A*S*H_(TV_series),CBS,27.4,918.0,"10768,18,35",comedy,"The 4077th Mobile Army Surgical Hospital is stuck in the middle of the Korean war. With little help from the circumstances they find themselves in, they are forced to make their own fun. Fond of practical jokes and revenge, the doctors, nurses, administrators, and soldiers often find ways of making wartime life bearable."
1974,6,Rhoda,//en.wikipedia.org/wiki/Rhoda,CBS,26.3,645.0,35,comedy,
1974,7,Good Times,//en.wikipedia.org/wiki/Good_Times,CBS,25.8,154.0,35,comedy,"Good Times is an American sitcom that originally aired from February 8, 1974, until August 1, 1979, on the CBS television network. It was created by Eric Monte and Mike Evans, and developed by Norman Lear, the series' primary executive producer. Good Times is a spin-off of Maude, which is itself a spin-off of All in the Family along with The Jeffersons.

The series is set in Chicago. The first two seasons were taped at CBS Television City in Hollywood. In the fall of 1975, the show moved to Metromedia Square, where Norman Lear's own production company was housed."
1974,9,Maude,//en.wikipedia.org/wiki/Maude_(TV_series),CBS,24.9,2184.0,"35,18",comedy,"Well-educated and upper middle class, Maude Findlay is the archetypal feminist of her generation. She lives in suburban Tuckahoe, New York, with her fourth husband, Walter, their divorced daughter, Carol, and grandson Phillip."
1974,11,The Mary Tyler Moore Show,//en.wikipedia.org/wiki/The_Mary_Tyler_Moore_Show,CBS,24.0,2962.0,35,comedy,"30-year-old single Mary Richards moves to Minneapolis to start a new life after a romantic break-up. There she reacquaints with Phyllis who rents her a room, and meets her upstairs neighbor and new best friend Rhoda. Mary unexpectedly lands a job as associate producer at the TV station WJM, where she works alongside her bristly boss, Lou; the comical newswriter, Murray; and the newscast's often-incompetent anchor, Ted."
1974,17,The Bob Newhart Show,//en.wikipedia.org/wiki/The_Bob_Newhart_Show,CBS,22.4,1974.0,35,comedy,"The Bob Newhart Show is an American situation comedy produced by MTM Enterprises, which aired 142 original episodes on CBS from September 16, 1972, to April 1, 1978. Comedian Bob Newhart portrays a psychologist having to deal with his patients and fellow office workers. The show was filmed before a live audience."
1974,22,Cher,//en.wikipedia.org/wiki/Cher_(TV_series),CBS,21.3,29503.0,35,comedy,"A weekly hour-long program hosted by Cher, featuring music, comedy sketches, and a different female guest star each week, with notable guests including Bette Midler, Carol Burnett, and Tina Turner."
1974,25,Paul Sand in Friends and Lovers,//en.wikipedia.org/wiki/Paul_Sand_in_Friends_and_Lovers,CBS,20.7,26351.0,35,comedy,"Paul Sand in Friends and Lovers is a 1974-1975 United States comedic television series starring Paul Sand which centers around a musician in Boston, Massachusetts, and his personal relationships. It was Sand's only starring role in a television series. The show aired from September 14, 1974, to January 4, 1975."
1974,25,Tony Orlando & Dawn,//en.wikipedia.org/wiki/Tony_Orlando_and_Dawn_(TV_series),CBS,20.7,32165.0,"10751,35",comedy,"CBS gave the group a television variety show (entitled Tony Orlando and Dawn) from the summer of 1974, after The Sonny and Cher Comedy Hour ended its run, until December 1976. The show was in the same vein as its predecessor (with sketches featuring sarcastic back-and-forth banter between Orlando, Hopkins and Vincent, similar to the sarcastic dialogue between Sonny and Cher) and became a Top 20 hit.

They are most famous for ""Tie a Yellow Ribbon"" &amp;  ""Knock Three Times""!"
1974,29,The Carol Burnett Show,//en.wikipedia.org/wiki/The_Carol_Burnett_Show,CBS,20.4,1027.0,"35,10751",comedy,"The Carol Burnett Show is an American variety/sketch comedy television show starring Carol Burnett, Harvey Korman, Vicki Lawrence, Lyle Waggoner, and Tim Conway. It originally ran on CBS from September 11, 1967, to March 29, 1978, for 278 episodes and originated from CBS Television City's Studio 33. The series won 25 prime time Emmy Awards, was ranked No. 16 on TV Guide's 50 Greatest TV Shows of All Time in 2002 and in 2007 was listed as one of Time magazine's ""100 Best TV Shows of All Time."""
1975,1,All in the Family,//en.wikipedia.org/wiki/All_in_the_Family,CBS,30.1,1922.0,35,comedy,"Archie Bunker, a working class bigot, constantly squabbles with his family over the important issues of the day."
1975,3,Laverne & Shirley,//en.wikipedia.org/wiki/Laverne_&_Shirley,ABC,27.5,3033.0,"35,10751",comedy,"Best friends, roommates, and polar opposites, Laverne DeFazio and Shirley Feeney work together at the Shotz Brewery in Milwaukee and keep each other's spirits up at home."
1975,4,Maude,//en.wikipedia.org/wiki/Maude_(TV_series),CBS,25.0,2184.0,"35,18",comedy,"Well-educated and upper middle class, Maude Findlay is the archetypal feminist of her generation. She lives in suburban Tuckahoe, New York, with her fourth husband, Walter, their divorced daughter, Carol, and grandson Phillip."
1975,6,Phyllis,//en.wikipedia.org/wiki/Phyllis_(TV_series),CBS,24.5,1067.0,35,comedy,"After her husband’s death, Phyllis Lindstrom and her daughter Bess move to San Francisco to start over. There, she faces the challenges of clashing with eccentric relatives and adjusting to a new life."
1975,7,Sanford and Son,//en.wikipedia.org/wiki/Sanford_and_Son,NBC,24.4,2586.0,35,comedy,The misadventures of a cantankerous junk dealer and his frustrated son.
1975,7,Rhoda,//en.wikipedia.org/wiki/Rhoda,CBS,24.4,645.0,35,comedy,
1975,11,Happy Days,//en.wikipedia.org/wiki/Happy_Days,ABC,23.9,3845.0,35,comedy,"In 1950s Milwaukee the Cunningham family must contend with Fonzie, a motorcycle riding Casanova."
1975,12,One Day at a Time,//en.wikipedia.org/wiki/One_Day_at_a_Time_(1975_TV_series),CBS,23.1,2191.0,35,comedy,"The misadventures of a divorced mother,  two teenage daughters, and new building superintendent in Indianapolis."
1975,14,M*A*S*H,//en.wikipedia.org/wiki/M*A*S*H_(TV_series),CBS,22.9,918.0,"10768,18,35",comedy,"The 4077th Mobile Army Surgical Hospital is stuck in the middle of the Korean war. With little help from the circumstances they find themselves in, they are forced to make their own fun. Fond of practical jokes and revenge, the doctors, nurses, administrators, and soldiers often find ways of making wartime life bearable."
1975,16,Good Heavens,//en.wikipedia.org/wiki/Good_Heavens,ABC,22.5,13373.0,"10765,35",comedy,"Good Heavens was an ABC comedy anthology series produced by Columbia Pictures Television that aired between February 29 to June 26, 1976. It ranked #17 in the Nielsen ratings during the 1975-76 television season.

The main character was Mr. Angel, who was an Emissary of Heaven that came down to Earth to grant wishes to those who had performed a good deed. Episodes featured actors such as Don Ameche, Susan Dey, Sandy Duncan, Pat Harrington Jr., Florence Henderson, Alex Karras, Penny Marshall, Hugh O'Brian, Loretta Swit, Brenda Vaccaro, and Fred Willard."
1975,18,"Welcome Back, Kotter","//en.wikipedia.org/wiki/Welcome_Back,_Kotter",ABC,22.1,738.0,"35,10751",comedy,"Welcome Back, Kotter is an American television sitcom starring Gabe Kaplan and featuring a young John Travolta. Videotaped in front of a live studio audience, it originally aired on the ABC network from September 9, 1975, to June 8, 1979."
1975,19,The Mary Tyler Moore Show,//en.wikipedia.org/wiki/The_Mary_Tyler_Moore_Show,CBS,21.9,2962.0,35,comedy,"30-year-old single Mary Richards moves to Minneapolis to start a new life after a romantic break-up. There she reacquaints with Phyllis who rents her a room, and meets her upstairs neighbor and new best friend Rhoda. Mary unexpectedly lands a job as associate producer at the TV station WJM, where she works alongside her bristly boss, Lou; the comical newswriter, Murray; and the newscast's often-incompetent anchor, Ted."
1975,21,The Jeffersons,//en.wikipedia.org/wiki/The_Jeffersons,CBS,21.5,1964.0,"35,10751",comedy,"Sitcom following a successful African-American couple, George and Louise “Weezyö Jefferson as they “move on up” from working-class Queens to a ritzy Manhattan apartment. A spin-off of All in the Family."
1975,23,The Sonny & Cher Show,//en.wikipedia.org/wiki/The_Sonny_&_Cher_Show,CBS,21.2,1091.0,35,comedy,"Cher and Sonny Bono starred in this quintessentially '70's TV comedy/variety show. Sonny and Cher's hit songs featured prominently on the show, as they would often sing and perform them between short skits."
1975,24,Good Times,//en.wikipedia.org/wiki/Good_Times,CBS,21.0,154.0,35,comedy,"Good Times is an American sitcom that originally aired from February 8, 1974, until August 1, 1979, on the CBS television network. It was created by Eric Monte and Mike Evans, and developed by Norman Lear, the series' primary executive producer. Good Times is a spin-off of Maude, which is itself a spin-off of All in the Family along with The Jeffersons.

The series is set in Chicago. The first two seasons were taped at CBS Television City in Hollywood. In the fall of 1975, the show moved to Metromedia Square, where Norman Lear's own production company was housed."
1975,25,Chico and the Man,//en.wikipedia.org/wiki/Chico_and_the_Man,NBC,20.8,1935.0,35,comedy,"Chico and the Man is an American sitcom which ran on NBC for four seasons, from September 13, 1974, to July 21, 1978. It stars Jack Albertson as Ed Brown, the cantankerous owner of a run down garage in an East Los Angeles barrio, and Freddie Prinze as Chico Rodriguez, an upbeat, optimistic Chicano young man who comes in looking for a job. It was the first U.S. television series set in a Mexican-American neighborhood."
1975,26,The Bob Newhart Show,//en.wikipedia.org/wiki/The_Bob_Newhart_Show,CBS,20.7,1974.0,35,comedy,"The Bob Newhart Show is an American situation comedy produced by MTM Enterprises, which aired 142 original episodes on CBS from September 16, 1972, to April 1, 1978. Comedian Bob Newhart portrays a psychologist having to deal with his patients and fellow office workers. The show was filmed before a live audience."
1975,26,Donny & Marie,//en.wikipedia.org/wiki/Donny_&_Marie_(1976_TV_series),ABC,20.7,3870.0,"35,10767",comedy,"Donny & Marie is an American variety show which aired on ABC from January 1976 to January 1979. The show stars brother and sister pop duo Donny Osmond and Marie Osmond. Donny had first become popular singing in a music group with his brothers, The Osmonds, and Marie was one of the youngest singers to reach #1 on the Billboard Country Music charts.

The siblings were offered a weekly show by ABC-TV President Fred Silverman after he saw the duo co-host a week on The Mike Douglas Show which followed their series of popular remakes of oldies, such as ""I'm Leaving It Up To You"", ""Morning Side Of The Mountain"", ""Deep Purple"" and ""Make The World Go Away"". Donny and Marie were the youngest entertainers in TV history to host their own variety show. A year later, The Keane Brothers would break this record."
1975,29,The Carol Burnett Show,//en.wikipedia.org/wiki/The_Carol_Burnett_Show,CBS,20.5,1027.0,"35,10751",comedy,"The Carol Burnett Show is an American variety/sketch comedy television show starring Carol Burnett, Harvey Korman, Vicki Lawrence, Lyle Waggoner, and Tim Conway. It originally ran on CBS from September 11, 1967, to March 29, 1978, for 278 episodes and originated from CBS Television City's Studio 33. The series won 25 prime time Emmy Awards, was ranked No. 16 on TV Guide's 50 Greatest TV Shows of All Time in 2002 and in 2007 was listed as one of Time magazine's ""100 Best TV Shows of All Time."""
1976,1,Happy Days,//en.wikipedia.org/wiki/Happy_Days,ABC,31.5,3845.0,35,comedy,"In 1950s Milwaukee the Cunningham family must contend with Fonzie, a motorcycle riding Casanova."
1976,2,Laverne & Shirley,//en.wikipedia.org/wiki/Laverne_&_Shirley,ABC,30.9,3033.0,"35,10751",comedy,"Best friends, roommates, and polar opposites, Laverne DeFazio and Shirley Feeney work together at the Shotz Brewery in Milwaukee and keep each other's spirits up at home."
1976,4,M*A*S*H,//en.wikipedia.org/wiki/M*A*S*H_(TV_series),CBS,25.9,918.0,"10768,18,35",comedy,"The 4077th Mobile Army Surgical Hospital is stuck in the middle of the Korean war. With little help from the circumstances they find themselves in, they are forced to make their own fun. Fond of practical jokes and revenge, the doctors, nurses, administrators, and soldiers often find ways of making wartime life bearable."
1976,8,One Day at a Time,//en.wikipedia.org/wiki/One_Day_at_a_Time_(1975_TV_series),CBS,23.4,2191.0,35,comedy,"The misadventures of a divorced mother,  two teenage daughters, and new building superintendent in Indianapolis."
1976,11,Three's Company,//en.wikipedia.org/wiki/Three's_Company,ABC,23.1,2686.0,35,comedy,"When two single girls, Janet and Chrissy, need a roommate to share their Santa Monica apartment, they decide to offer a room to Jack, a man they find passed out in the bathtub after the going-away party for their last roommate. However, hijinks ensure when Jack must pretend to be gay in order to throw off the scent of the trio's conservative landlady."
1976,12,All in the Family,//en.wikipedia.org/wiki/All_in_the_Family,CBS,22.9,1922.0,35,comedy,"Archie Bunker, a working class bigot, constantly squabbles with his family over the important issues of the day."
1976,13,"Welcome Back, Kotter","//en.wikipedia.org/wiki/Welcome_Back,_Kotter",ABC,22.7,738.0,"35,10751",comedy,"Welcome Back, Kotter is an American television sitcom starring Gabe Kaplan and featuring a young John Travolta. Videotaped in front of a live studio audience, it originally aired on the ABC network from September 9, 1975, to June 8, 1979."
1976,17,Barney Miller,//en.wikipedia.org/wiki/Barney_Miller,ABC,22.2,3253.0,35,comedy,"Barney Miller is the kind of cop we'd all like to run into. Always sensible, he maintains order over a band of detectives who gamble, hit on anything in skirts, go to renaissance philosophy conventions for fun, and would really prefer to be writing. Nearly all of the action takes place in the squad room where citizens and criminals are brought in to complicate the mix."
1976,23,Eight Is Enough,//en.wikipedia.org/wiki/Eight_Is_Enough,ABC,21.1,4382.0,"18,35",comedy,"Eight Is Enough is an American television comedy-drama series that ran on ABC from March 15, 1977, until August 29, 1981. The show was modeled after syndicated newspaper columnist Thomas Braden, a real-life parent with eight children, who wrote a book with the same name."
1976,24,The Jeffersons,//en.wikipedia.org/wiki/The_Jeffersons,CBS,21.0,1964.0,"35,10751",comedy,"Sitcom following a successful African-American couple, George and Louise “Weezyö Jefferson as they “move on up” from working-class Queens to a ritzy Manhattan apartment. A spin-off of All in the Family."
1976,25,What's Happening!!,//en.wikipedia.org/wiki/What's_Happening!!,ABC,20.9,1869.0,35,comedy,"Buddies Raj, Rerun and Dwayne come of age in 1970s Los Angeles. The trio have a penchant for mischief and trying to find ways of getting rich quick. Almost always the trio's schemes wind up getting them into trouble and it's up to Raj's mother Mabel to get them out of it. Also, half of the time, the guys get into trouble because of Raj's bratty sister Dee."
1976,26,Good Times,//en.wikipedia.org/wiki/Good_Times,CBS,20.5,154.0,35,comedy,"Good Times is an American sitcom that originally aired from February 8, 1974, until August 1, 1979, on the CBS television network. It was created by Eric Monte and Mike Evans, and developed by Norman Lear, the series' primary executive producer. Good Times is a spin-off of Maude, which is itself a spin-off of All in the Family along with The Jeffersons.

The series is set in Chicago. The first two seasons were taped at CBS Television City in Hollywood. In the fall of 1975, the show moved to Metromedia Square, where Norman Lear's own production company was housed."
1976,27,Sanford and Son,//en.wikipedia.org/wiki/Sanford_and_Son,NBC,20.3,2586.0,35,comedy,The misadventures of a cantankerous junk dealer and his frustrated son.
1976,29,The Tony Randall Show,//en.wikipedia.org/wiki/The_Tony_Randall_Show,ABC,20.1,14257.0,35,comedy,Walter Franklin is a somewhat less-than-magisterial Philadelphia judge put upon by an assortment of family and courtroom recidivists.
1976,30,Alice,//en.wikipedia.org/wiki/Alice_(American_TV_series),CBS,20.0,494.0,"35,18",comedy,"Alice is an American sitcom television series that ran from August 31, 1976 to March 19, 1985 on CBS. The series is based on the 1974 film Alice Doesn't Live Here Anymore. The show stars Linda Lavin in the title role, a widow who moves with her young son to start her life over again, and finds a job working at a roadside diner on the outskirts of Phoenix, Arizona. Most of the episodes revolve around events at Mel's Diner."
1977,1,Laverne & Shirley,//en.wikipedia.org/wiki/Laverne_&_Shirley,ABC,31.6,3033.0,"35,10751",comedy,"Best friends, roommates, and polar opposites, Laverne DeFazio and Shirley Feeney work together at the Shotz Brewery in Milwaukee and keep each other's spirits up at home."
1977,2,Happy Days,//en.wikipedia.org/wiki/Happy_Days,ABC,31.4,3845.0,35,comedy,"In 1950s Milwaukee the Cunningham family must contend with Fonzie, a motorcycle riding Casanova."
1977,3,Three's Company,//en.wikipedia.org/wiki/Three's_Company,ABC,28.3,2686.0,35,comedy,"When two single girls, Janet and Chrissy, need a roommate to share their Santa Monica apartment, they decide to offer a room to Jack, a man they find passed out in the bathtub after the going-away party for their last roommate. However, hijinks ensure when Jack must pretend to be gay in order to throw off the scent of the trio's conservative landlady."
1977,4,All in the Family,//en.wikipedia.org/wiki/All_in_the_Family,CBS,24.4,1922.0,35,comedy,"Archie Bunker, a working class bigot, constantly squabbles with his family over the important issues of the day."
1977,8,Alice,//en.wikipedia.org/wiki/Alice_(American_TV_series),CBS,23.2,494.0,"35,18",comedy,"Alice is an American sitcom television series that ran from August 31, 1976 to March 19, 1985 on CBS. The series is based on the 1974 film Alice Doesn't Live Here Anymore. The show stars Linda Lavin in the title role, a widow who moves with her young son to start her life over again, and finds a job working at a roadside diner on the outskirts of Phoenix, Arizona. Most of the episodes revolve around events at Mel's Diner."
1977,8,M*A*S*H,//en.wikipedia.org/wiki/M*A*S*H_(TV_series),CBS,23.2,918.0,"10768,18,35",comedy,"The 4077th Mobile Army Surgical Hospital is stuck in the middle of the Korean war. With little help from the circumstances they find themselves in, they are forced to make their own fun. Fond of practical jokes and revenge, the doctors, nurses, administrators, and soldiers often find ways of making wartime life bearable."
1977,10,One Day at a Time,//en.wikipedia.org/wiki/One_Day_at_a_Time_(1975_TV_series),CBS,23.0,2191.0,35,comedy,"The misadventures of a divorced mother,  two teenage daughters, and new building superintendent in Indianapolis."
1977,12,Eight Is Enough,//en.wikipedia.org/wiki/Eight_Is_Enough,ABC,22.2,4382.0,"18,35",comedy,"Eight Is Enough is an American television comedy-drama series that ran on ABC from March 15, 1977, until August 29, 1981. The show was modeled after syndicated newspaper columnist Thomas Braden, a real-life parent with eight children, who wrote a book with the same name."
1977,13,Soap,//en.wikipedia.org/wiki/Soap_(TV_series),ABC,22.0,3295.0,"35,10766,18",comedy,"The antics of a wealthy family, the Tates, and a working-class family, the Campbells, in the fictional town of Dunn's River, Connecticut."
1977,14,The Love Boat,//en.wikipedia.org/wiki/The_Love_Boat,ABC,21.9,1823.0,"18,35",comedy,"Passengers who search for romantic nights aboard a beautiful ship travelling to tropical or mysterious countries, decide to pass their vacation aboard the ""Love Boat"", where Gopher, Dr. Bricker, Isaac, Julie, and Captain Stubing try their best to please them, and sometimes help them fall in love. Things are not always so easy, but in the end, love wins."
1977,17,Fantasy Island,//en.wikipedia.org/wiki/Fantasy_Island,ABC,21.4,39775.0,"10765,18,35",comedy,A magical island hosted by Mr Roarke and Tattoo where weekly guests learn valuable life lessons in their pursuit of fulfilling their dreams. Not all dreams are fulfilled as expected.
1977,17,Barney Miller,//en.wikipedia.org/wiki/Barney_Miller,ABC,21.4,3253.0,35,comedy,"Barney Miller is the kind of cop we'd all like to run into. Always sensible, he maintains order over a band of detectives who gamble, hit on anything in skirts, go to renaissance philosophy conventions for fun, and would really prefer to be writing. Nearly all of the action takes place in the squad room where citizens and criminals are brought in to complicate the mix."
1977,25,Rhoda,//en.wikipedia.org/wiki/Rhoda,CBS,20.1,645.0,35,comedy,
1977,26,Family,//en.wikipedia.org/wiki/Family_(1976_TV_series),ABC,19.9,1434.0,"16,35",comedy,"Sick, twisted, politically incorrect and Freakin' Sweet animated series featuring the adventures of the dysfunctional Griffin family. Bumbling Peter and long-suffering Lois have three kids. Stewie (a brilliant but sadistic baby bent on killing his mother and taking over the world), Meg (the oldest, and is the most unpopular girl in town) and Chris (the middle kid, he's not very bright but has a passion for movies). The final member of the family is Brian - a talking dog and much more than a pet, he keeps Stewie in check whilst sipping Martinis and sorting through his own life issues."
1977,26,"Welcome Back, Kotter","//en.wikipedia.org/wiki/Welcome_Back,_Kotter",ABC,19.9,738.0,"35,10751",comedy,"Welcome Back, Kotter is an American television sitcom starring Gabe Kaplan and featuring a young John Travolta. Videotaped in front of a live studio audience, it originally aired on the ABC network from September 9, 1975, to June 8, 1979."
1977,29,On Our Own,//en.wikipedia.org/wiki/On_Our_Own_(1977_TV_series),CBS,19.6,14556.0,35,comedy,"On Our Own is an American sitcom broadcast on ABC from September 13, 1994 to April 14, 1995. Created and executive produced by David W. Duclon, Thomas L. Miller and Robert L. Boyett, the series stars the Smollett siblings: JoJo, Jazz, Jussie, Jurnee, Jake, and Jocqui.

In the O'Fallon Park neighborhood of St. Louis live the Jerrico family, consisting of seven kids: Josh, Jimi, Jai, Jesse, Jordee, Joc, and Jarreau. Six months ago, a car crash killed their parents. Since then, they have been raised by Josh, who often crossdresses as 'Aunt Jelcinda' to evade intervention from social services."
1978,1,Laverne & Shirley,//en.wikipedia.org/wiki/Laverne_&_Shirley,ABC,30.5,3033.0,"35,10751",comedy,"Best friends, roommates, and polar opposites, Laverne DeFazio and Shirley Feeney work together at the Shotz Brewery in Milwaukee and keep each other's spirits up at home."
1978,2,Three's Company,//en.wikipedia.org/wiki/Three's_Company,ABC,30.3,2686.0,35,comedy,"When two single girls, Janet and Chrissy, need a roommate to share their Santa Monica apartment, they decide to offer a room to Jack, a man they find passed out in the bathtub after the going-away party for their last roommate. However, hijinks ensure when Jack must pretend to be gay in order to throw off the scent of the trio's conservative landlady."
1978,3,Mork & Mindy,//en.wikipedia.org/wiki/Mork_&_Mindy,ABC,28.6,2552.0,"35,10751,10765",comedy,A wacky alien comes to Earth to study its residents and the life of the human woman he boards with is never the same.
1978,3,Happy Days,//en.wikipedia.org/wiki/Happy_Days,ABC,28.6,3845.0,35,comedy,"In 1950s Milwaukee the Cunningham family must contend with Fonzie, a motorcycle riding Casanova."
1978,5,Angie,//en.wikipedia.org/wiki/Angie_(TV_series),ABC,26.7,61969.0,"35,10759,80",comedy,"Lone-wolf detective Angie Tribeca and a squad of committed LAPD detectives investigate the most serious cases, from the murder of a ventriloquist to a rash of baker suicides."
1978,7,M*A*S*H,//en.wikipedia.org/wiki/M*A*S*H_(TV_series),CBS,25.4,918.0,"10768,18,35",comedy,"The 4077th Mobile Army Surgical Hospital is stuck in the middle of the Korean war. With little help from the circumstances they find themselves in, they are forced to make their own fun. Fond of practical jokes and revenge, the doctors, nurses, administrators, and soldiers often find ways of making wartime life bearable."
1978,8,The Ropers,//en.wikipedia.org/wiki/The_Ropers,ABC,25.2,2905.0,35,comedy,"A spin-off of Three's Company and based on the British sitcom George and Mildred, the series focuses on middle-aged couple Stanley and Helen Roper, who were landlords to Jack, Janet, and Chrissy on Three's Company."
1978,9,All in the Family,//en.wikipedia.org/wiki/All_in_the_Family,CBS,24.9,1922.0,35,comedy,"Archie Bunker, a working class bigot, constantly squabbles with his family over the important issues of the day."
1978,9,Taxi,//en.wikipedia.org/wiki/Taxi_(TV_series),ABC,24.9,2251.0,"35,18",comedy,"Louie De Palma is a cantankerous, acerbic taxi dispatcher in New York City. He tries to maintain order over a collection of varied and strange characters who drive for him. As he bullies and insults them from the safety of his “cage,” they form a special bond among themselves, becoming friends and supporting each other through the inevitable trials and tribulations of life."
1978,11,Eight Is Enough,//en.wikipedia.org/wiki/Eight_Is_Enough,ABC,24.8,4382.0,"18,35",comedy,"Eight Is Enough is an American television comedy-drama series that ran on ABC from March 15, 1977, until August 29, 1981. The show was modeled after syndicated newspaper columnist Thomas Braden, a real-life parent with eight children, who wrote a book with the same name."
1978,13,Alice,//en.wikipedia.org/wiki/Alice_(American_TV_series),CBS,23.2,494.0,"35,18",comedy,"Alice is an American sitcom television series that ran from August 31, 1976 to March 19, 1985 on CBS. The series is based on the 1974 film Alice Doesn't Live Here Anymore. The show stars Linda Lavin in the title role, a widow who moves with her young son to start her life over again, and finds a job working at a roadside diner on the outskirts of Phoenix, Arizona. Most of the episodes revolve around events at Mel's Diner."
1978,15,Barney Miller,//en.wikipedia.org/wiki/Barney_Miller,ABC,22.6,3253.0,35,comedy,"Barney Miller is the kind of cop we'd all like to run into. Always sensible, he maintains order over a band of detectives who gamble, hit on anything in skirts, go to renaissance philosophy conventions for fun, and would really prefer to be writing. Nearly all of the action takes place in the squad room where citizens and criminals are brought in to complicate the mix."
1978,17,The Love Boat,//en.wikipedia.org/wiki/The_Love_Boat,ABC,22.1,1823.0,"18,35",comedy,"Passengers who search for romantic nights aboard a beautiful ship travelling to tropical or mysterious countries, decide to pass their vacation aboard the ""Love Boat"", where Gopher, Dr. Bricker, Isaac, Julie, and Captain Stubing try their best to please them, and sometimes help them fall in love. Things are not always so easy, but in the end, love wins."
1978,18,One Day at a Time,//en.wikipedia.org/wiki/One_Day_at_a_Time_(1975_TV_series),CBS,21.6,2191.0,35,comedy,"The misadventures of a divorced mother,  two teenage daughters, and new building superintendent in Indianapolis."
1978,19,Soap,//en.wikipedia.org/wiki/Soap_(TV_series),ABC,21.3,3295.0,"35,10766,18",comedy,"The antics of a wealthy family, the Tates, and a working-class family, the Campbells, in the fictional town of Dunn's River, Connecticut."
1978,20,The Dukes of Hazzard,//en.wikipedia.org/wiki/The_Dukes_of_Hazzard,CBS,21.0,397.0,"10759,18,35,80",comedy,"Cousins Bo and Luke Duke and their car ""General Lee"", assisted by Cousin Daisy and Uncle Jesse, have a running battle with the authorities of Hazzard County (Boss Hogg and Sheriff Coltrane), plus a string of ne'er-do-wells often backed by the scheming Hogg."
1978,22,Fantasy Island,//en.wikipedia.org/wiki/Fantasy_Island,ABC,20.8,39775.0,"10765,18,35",comedy,A magical island hosted by Mr Roarke and Tattoo where weekly guests learn valuable life lessons in their pursuit of fulfilling their dreams. Not all dreams are fulfilled as expected.
1978,26,Stockard Channing in Just Friends,//en.wikipedia.org/wiki/Stockard_Channing_in_Just_Friends,CBS,20.2,27401.0,35,comedy,
1978,27,Diff'rent Strokes,//en.wikipedia.org/wiki/Diff'rent_Strokes,NBC,19.9,2410.0,"35,10751,18",comedy,"The series stars Gary Coleman and Todd Bridges as Arnold and Willis Jackson, two African American boys from Harlem who are taken in by a rich white Park Avenue businessman named Phillip Drummond and his daughter Kimberly, for whom their deceased mother previously worked. During the first season and first half of the second season, Charlotte Rae also starred as the Drummonds' housekeeper, Mrs. Garrett."
1978,28,What's Happening!!,//en.wikipedia.org/wiki/What's_Happening!!,ABC,19.8,1869.0,35,comedy,"Buddies Raj, Rerun and Dwayne come of age in 1970s Los Angeles. The trio have a penchant for mischief and trying to find ways of getting rich quick. Almost always the trio's schemes wind up getting them into trouble and it's up to Raj's mother Mabel to get them out of it. Also, half of the time, the guys get into trouble because of Raj's bratty sister Dee."
1978,30,Lou Grant,//en.wikipedia.org/wiki/Lou_Grant_(TV_series),CBS,19.7,480.0,"35,18",comedy,"The trials of a former television station manager turned newspaper city editor, and his journalist staff."
1979,2,Three's Company,//en.wikipedia.org/wiki/Three's_Company,ABC,26.3,2686.0,35,comedy,"When two single girls, Janet and Chrissy, need a roommate to share their Santa Monica apartment, they decide to offer a room to Jack, a man they find passed out in the bathtub after the going-away party for their last roommate. However, hijinks ensure when Jack must pretend to be gay in order to throw off the scent of the trio's conservative landlady."
1979,4,Alice,//en.wikipedia.org/wiki/Alice_(American_TV_series),CBS,25.3,494.0,"35,18",comedy,"Alice is an American sitcom television series that ran from August 31, 1976 to March 19, 1985 on CBS. The series is based on the 1974 film Alice Doesn't Live Here Anymore. The show stars Linda Lavin in the title role, a widow who moves with her young son to start her life over again, and finds a job working at a roadside diner on the outskirts of Phoenix, Arizona. Most of the episodes revolve around events at Mel's Diner."
1979,4,M*A*S*H,//en.wikipedia.org/wiki/M*A*S*H_(TV_series),CBS,25.3,918.0,"10768,18,35",comedy,"The 4077th Mobile Army Surgical Hospital is stuck in the middle of the Korean war. With little help from the circumstances they find themselves in, they are forced to make their own fun. Fond of practical jokes and revenge, the doctors, nurses, administrators, and soldiers often find ways of making wartime life bearable."
1979,7,Flo,//en.wikipedia.org/wiki/Flo_(TV_series),CBS,24.4,1033.0,35,comedy,"Flo is an American sitcom which aired on CBS from 1980 to 1981. The series is a spin-off for Polly Holliday who portrayed the sassy and street-smart waitress Florence Jean ""Flo"" Castleberry on the sitcom Alice. Flo was cancelled at the end of its second season."
1979,8,The Jeffersons,//en.wikipedia.org/wiki/The_Jeffersons,CBS,24.3,1964.0,"35,10751",comedy,"Sitcom following a successful African-American couple, George and Louise “Weezyö Jefferson as they “move on up” from working-class Queens to a ritzy Manhattan apartment. A spin-off of All in the Family."
1979,9,The Dukes of Hazzard,//en.wikipedia.org/wiki/The_Dukes_of_Hazzard,CBS,24.1,397.0,"10759,18,35,80",comedy,"Cousins Bo and Luke Duke and their car ""General Lee"", assisted by Cousin Daisy and Uncle Jesse, have a running battle with the authorities of Hazzard County (Boss Hogg and Sheriff Coltrane), plus a string of ne'er-do-wells often backed by the scheming Hogg."
1979,10,One Day at a Time,//en.wikipedia.org/wiki/One_Day_at_a_Time_(1975_TV_series),CBS,23.0,2191.0,35,comedy,"The misadventures of a divorced mother,  two teenage daughters, and new building superintendent in Indianapolis."
1979,11,Archie Bunker's Place,//en.wikipedia.org/wiki/Archie_Bunker's_Place,CBS,22.9,4277.0,35,comedy,"Archie Bunker's Place is an American sitcom originally broadcast on the CBS network, conceived in 1979 as a spin-off and continuation of All in the Family. While not as popular as its predecessor, the show maintained a large enough audience to last for four seasons, until its cancellation in 1983. In its first season, the show performed so well that it knocked Mork & Mindy out of its new Sunday night time slot."
1979,12,Eight Is Enough,//en.wikipedia.org/wiki/Eight_Is_Enough,ABC,22.8,4382.0,"18,35",comedy,"Eight Is Enough is an American television comedy-drama series that ran on ABC from March 15, 1977, until August 29, 1981. The show was modeled after syndicated newspaper columnist Thomas Braden, a real-life parent with eight children, who wrote a book with the same name."
1979,13,Taxi,//en.wikipedia.org/wiki/Taxi_(TV_series),ABC,22.4,2251.0,"35,18",comedy,"Louie De Palma is a cantankerous, acerbic taxi dispatcher in New York City. He tries to maintain order over a collection of varied and strange characters who drive for him. As he bullies and insults them from the safety of his “cage,” they form a special bond among themselves, becoming friends and supporting each other through the inevitable trials and tribulations of life."
1979,14,House Calls,//en.wikipedia.org/wiki/House_Calls_(TV_series),CBS,22.1,9935.0,35,comedy,"Dating someone you work with can create problems, as Charley Michaels and Ann Anderson learned. He was a surgeon at Kensington General Hospital in San Francisco, a good doctor but less than enthusiastic about conforming to hospital rules and regulations. She was the hospital's new administrative assistant, an English lady with a commitment to keeping the hospital running efficiently. They were romantically involved but often at odds. Based upon the 1978 feature film of the same name."
1979,17,Happy Days,//en.wikipedia.org/wiki/Happy_Days,ABC,21.7,3845.0,35,comedy,"In 1950s Milwaukee the Cunningham family must contend with Fonzie, a motorcycle riding Casanova."
1979,20,Barney Miller,//en.wikipedia.org/wiki/Barney_Miller,ABC,20.9,3253.0,35,comedy,"Barney Miller is the kind of cop we'd all like to run into. Always sensible, he maintains order over a band of detectives who gamble, hit on anything in skirts, go to renaissance philosophy conventions for fun, and would really prefer to be writing. Nearly all of the action takes place in the squad room where citizens and criminals are brought in to complicate the mix."
1979,22,WKRP in Cincinnati,//en.wikipedia.org/wiki/WKRP_in_Cincinnati,CBS,20.7,971.0,35,comedy,"When a Cincinnati radio station switches from sedate music to top-40 rock 'n' roll, its staff of oddball characters is forced to switch gears quickly. New programming director Andy Travis brings in a new DJ named Venus Flytrap to work with the station's burned-out veteran, Dr. Johnny Fever. Neurotic newsman Les Nessman, eager beaver Bailey Quarters, sleazy salesman Herb Tarlek, blonde bombshell Jennifer Marlowe, who serves as the station's ultra-capable receptionist, and station manager Arthur Carlson, whose domineering mother owns WKRP, round out the eccentric bunch."
1979,23,Benson,//en.wikipedia.org/wiki/Benson_(TV_series),ABC,20.6,1849.0,35,comedy,A butler deals with life at the governor's mansion.
1979,23,The Love Boat,//en.wikipedia.org/wiki/The_Love_Boat,ABC,20.6,1823.0,"18,35",comedy,"Passengers who search for romantic nights aboard a beautiful ship travelling to tropical or mysterious countries, decide to pass their vacation aboard the ""Love Boat"", where Gopher, Dr. Bricker, Isaac, Julie, and Captain Stubing try their best to please them, and sometimes help them fall in love. Things are not always so easy, but in the end, love wins."
1979,25,Soap,//en.wikipedia.org/wiki/Soap_(TV_series),ABC,20.5,3295.0,"35,10766,18",comedy,"The antics of a wealthy family, the Tates, and a working-class family, the Campbells, in the fictional town of Dunn's River, Connecticut."
1979,26,Diff'rent Strokes,//en.wikipedia.org/wiki/Diff'rent_Strokes,NBC,20.3,2410.0,"35,10751,18",comedy,"The series stars Gary Coleman and Todd Bridges as Arnold and Willis Jackson, two African American boys from Harlem who are taken in by a rich white Park Avenue businessman named Phillip Drummond and his daughter Kimberly, for whom their deceased mother previously worked. During the first season and first half of the second season, Charlotte Rae also starred as the Drummonds' housekeeper, Mrs. Garrett."
1979,27,Mork & Mindy,//en.wikipedia.org/wiki/Mork_&_Mindy,ABC,20.2,2552.0,"35,10751,10765",comedy,A wacky alien comes to Earth to study its residents and the life of the human woman he boards with is never the same.
1979,28,Fantasy Island,//en.wikipedia.org/wiki/Fantasy_Island,ABC,20.1,39775.0,"10765,18,35",comedy,A magical island hosted by Mr Roarke and Tattoo where weekly guests learn valuable life lessons in their pursuit of fulfilling their dreams. Not all dreams are fulfilled as expected.
1979,29,Tenspeed and Brown Shoe,//en.wikipedia.org/wiki/Tenspeed_and_Brown_Shoe,ABC,20.0,1011.0,"18,80,35",comedy,Tenspeed and Brown Shoe is an American detective/comedy series originally broadcast by the ABC network between January and June 1980. The series was created and executive produced by Stephen J. Cannell.
1980,2,The Dukes of Hazzard,//en.wikipedia.org/wiki/The_Dukes_of_Hazzard,CBS,27.3,397.0,"10759,18,35,80",comedy,"Cousins Bo and Luke Duke and their car ""General Lee"", assisted by Cousin Daisy and Uncle Jesse, have a running battle with the authorities of Hazzard County (Boss Hogg and Sheriff Coltrane), plus a string of ne'er-do-wells often backed by the scheming Hogg."
1980,4,M*A*S*H,//en.wikipedia.org/wiki/M*A*S*H_(TV_series),CBS,25.7,918.0,"10768,18,35",comedy,"The 4077th Mobile Army Surgical Hospital is stuck in the middle of the Korean war. With little help from the circumstances they find themselves in, they are forced to make their own fun. Fond of practical jokes and revenge, the doctors, nurses, administrators, and soldiers often find ways of making wartime life bearable."
1980,5,The Love Boat,//en.wikipedia.org/wiki/The_Love_Boat,ABC,24.3,1823.0,"18,35",comedy,"Passengers who search for romantic nights aboard a beautiful ship travelling to tropical or mysterious countries, decide to pass their vacation aboard the ""Love Boat"", where Gopher, Dr. Bricker, Isaac, Julie, and Captain Stubing try their best to please them, and sometimes help them fall in love. Things are not always so easy, but in the end, love wins."
1980,6,The Jeffersons,//en.wikipedia.org/wiki/The_Jeffersons,CBS,23.5,1964.0,"35,10751",comedy,"Sitcom following a successful African-American couple, George and Louise “Weezyö Jefferson as they “move on up” from working-class Queens to a ritzy Manhattan apartment. A spin-off of All in the Family."
1980,7,Alice,//en.wikipedia.org/wiki/Alice_(American_TV_series),CBS,22.9,494.0,"35,18",comedy,"Alice is an American sitcom television series that ran from August 31, 1976 to March 19, 1985 on CBS. The series is based on the 1974 film Alice Doesn't Live Here Anymore. The show stars Linda Lavin in the title role, a widow who moves with her young son to start her life over again, and finds a job working at a roadside diner on the outskirts of Phoenix, Arizona. Most of the episodes revolve around events at Mel's Diner."
1980,8,House Calls,//en.wikipedia.org/wiki/House_Calls_(TV_series),CBS,22.4,9935.0,35,comedy,"Dating someone you work with can create problems, as Charley Michaels and Ann Anderson learned. He was a surgeon at Kensington General Hospital in San Francisco, a good doctor but less than enthusiastic about conforming to hospital rules and regulations. She was the hospital's new administrative assistant, an English lady with a commitment to keeping the hospital running efficiently. They were romantically involved but often at odds. Based upon the 1978 feature film of the same name."
1980,8,Three's Company,//en.wikipedia.org/wiki/Three's_Company,ABC,22.4,2686.0,35,comedy,"When two single girls, Janet and Chrissy, need a roommate to share their Santa Monica apartment, they decide to offer a room to Jack, a man they find passed out in the bathtub after the going-away party for their last roommate. However, hijinks ensure when Jack must pretend to be gay in order to throw off the scent of the trio's conservative landlady."
1980,11,One Day at a Time,//en.wikipedia.org/wiki/One_Day_at_a_Time_(1975_TV_series),CBS,22.0,2191.0,35,comedy,"The misadventures of a divorced mother,  two teenage daughters, and new building superintendent in Indianapolis."
1980,13,Archie Bunker's Place,//en.wikipedia.org/wiki/Archie_Bunker's_Place,CBS,21.4,4277.0,35,comedy,"Archie Bunker's Place is an American sitcom originally broadcast on the CBS network, conceived in 1979 as a spin-off and continuation of All in the Family. While not as popular as its predecessor, the show maintained a large enough audience to last for four seasons, until its cancellation in 1983. In its first season, the show performed so well that it knocked Mork & Mindy out of its new Sunday night time slot."
1980,15,Happy Days,//en.wikipedia.org/wiki/Happy_Days,ABC,20.8,3845.0,35,comedy,"In 1950s Milwaukee the Cunningham family must contend with Fonzie, a motorcycle riding Casanova."
1980,15,Too Close for Comfort,//en.wikipedia.org/wiki/Too_Close_for_Comfort,ABC,20.8,3781.0,35,comedy,"Too Close for Comfort is an American television sitcom which ran on the ABC network from November 11, 1980 until May 5, 1983, and in first-run syndication from April 7, 1984 until September 27, 1986. It was modeled after the British series Keep It in the Family, which premiered nine months before Too Close for Comfort debuted in the U.S. Its name was changed to The Ted Knight Show when the show was retooled for its final season."
1980,17,Fantasy Island,//en.wikipedia.org/wiki/Fantasy_Island,ABC,20.7,39775.0,"10765,18,35",comedy,A magical island hosted by Mr Roarke and Tattoo where weekly guests learn valuable life lessons in their pursuit of fulfilling their dreams. Not all dreams are fulfilled as expected.
1980,17,Diff'rent Strokes,//en.wikipedia.org/wiki/Diff'rent_Strokes,NBC,20.7,2410.0,"35,10751,18",comedy,"The series stars Gary Coleman and Todd Bridges as Arnold and Willis Jackson, two African American boys from Harlem who are taken in by a rich white Park Avenue businessman named Phillip Drummond and his daughter Kimberly, for whom their deceased mother previously worked. During the first season and first half of the second season, Charlotte Rae also starred as the Drummonds' housekeeper, Mrs. Garrett."
1980,20,Laverne & Shirley,//en.wikipedia.org/wiki/Laverne_&_Shirley,ABC,20.6,3033.0,"35,10751",comedy,"Best friends, roommates, and polar opposites, Laverne DeFazio and Shirley Feeney work together at the Shotz Brewery in Milwaukee and keep each other's spirits up at home."
1980,26,The Facts of Life,//en.wikipedia.org/wiki/The_Facts_of_Life_(TV_series),NBC,19.3,1803.0,"18,35",comedy,"Mrs. Edna Garrett, housemother and dietitian at the Eastland School, teaches a group of girls in her charge how to solve those problems that every teenager has to face."
1980,27,Lou Grant,//en.wikipedia.org/wiki/Lou_Grant_(TV_series),CBS,19.1,480.0,"35,18",comedy,"The trials of a former television station manager turned newspaper city editor, and his journalist staff."
1981,3,The Jeffersons,//en.wikipedia.org/wiki/The_Jeffersons,CBS,23.4,1964.0,"35,10751",comedy,"Sitcom following a successful African-American couple, George and Louise “Weezyö Jefferson as they “move on up” from working-class Queens to a ritzy Manhattan apartment. A spin-off of All in the Family."
1981,4,Three's Company,//en.wikipedia.org/wiki/Three's_Company,ABC,23.3,2686.0,35,comedy,"When two single girls, Janet and Chrissy, need a roommate to share their Santa Monica apartment, they decide to offer a room to Jack, a man they find passed out in the bathtub after the going-away party for their last roommate. However, hijinks ensure when Jack must pretend to be gay in order to throw off the scent of the trio's conservative landlady."
1981,5,Alice,//en.wikipedia.org/wiki/Alice_(American_TV_series),CBS,22.7,494.0,"35,18",comedy,"Alice is an American sitcom television series that ran from August 31, 1976 to March 19, 1985 on CBS. The series is based on the 1974 film Alice Doesn't Live Here Anymore. The show stars Linda Lavin in the title role, a widow who moves with her young son to start her life over again, and finds a job working at a roadside diner on the outskirts of Phoenix, Arizona. Most of the episodes revolve around events at Mel's Diner."
1981,6,The Dukes of Hazzard,//en.wikipedia.org/wiki/The_Dukes_of_Hazzard,CBS,22.6,397.0,"10759,18,35,80",comedy,"Cousins Bo and Luke Duke and their car ""General Lee"", assisted by Cousin Daisy and Uncle Jesse, have a running battle with the authorities of Hazzard County (Boss Hogg and Sheriff Coltrane), plus a string of ne'er-do-wells often backed by the scheming Hogg."
1981,6,Too Close for Comfort,//en.wikipedia.org/wiki/Too_Close_for_Comfort,ABC,22.6,3781.0,35,comedy,"Too Close for Comfort is an American television sitcom which ran on the ABC network from November 11, 1980 until May 5, 1983, and in first-run syndication from April 7, 1984 until September 27, 1986. It was modeled after the British series Keep It in the Family, which premiered nine months before Too Close for Comfort debuted in the U.S. Its name was changed to The Ted Knight Show when the show was retooled for its final season."
1981,9,M*A*S*H,//en.wikipedia.org/wiki/M*A*S*H_(TV_series),CBS,22.3,918.0,"10768,18,35",comedy,"The 4077th Mobile Army Surgical Hospital is stuck in the middle of the Korean war. With little help from the circumstances they find themselves in, they are forced to make their own fun. Fond of practical jokes and revenge, the doctors, nurses, administrators, and soldiers often find ways of making wartime life bearable."
1981,10,One Day at a Time,//en.wikipedia.org/wiki/One_Day_at_a_Time_(1975_TV_series),CBS,22.0,2191.0,35,comedy,"The misadventures of a divorced mother,  two teenage daughters, and new building superintendent in Indianapolis."
1981,12,Archie Bunker's Place,//en.wikipedia.org/wiki/Archie_Bunker's_Place,CBS,21.6,4277.0,35,comedy,"Archie Bunker's Place is an American sitcom originally broadcast on the CBS network, conceived in 1979 as a spin-off and continuation of All in the Family. While not as popular as its predecessor, the show maintained a large enough audience to last for four seasons, until its cancellation in 1983. In its first season, the show performed so well that it knocked Mork & Mindy out of its new Sunday night time slot."
1981,14,The Love Boat,//en.wikipedia.org/wiki/The_Love_Boat,ABC,21.2,1823.0,"18,35",comedy,"Passengers who search for romantic nights aboard a beautiful ship travelling to tropical or mysterious countries, decide to pass their vacation aboard the ""Love Boat"", where Gopher, Dr. Bricker, Isaac, Julie, and Captain Stubing try their best to please them, and sometimes help them fall in love. Things are not always so easy, but in the end, love wins."
1981,18,Happy Days,//en.wikipedia.org/wiki/Happy_Days,ABC,20.6,3845.0,35,comedy,"In 1950s Milwaukee the Cunningham family must contend with Fonzie, a motorcycle riding Casanova."
1981,20,Laverne & Shirley,//en.wikipedia.org/wiki/Laverne_&_Shirley,ABC,19.9,3033.0,"35,10751",comedy,"Best friends, roommates, and polar opposites, Laverne DeFazio and Shirley Feeney work together at the Shotz Brewery in Milwaukee and keep each other's spirits up at home."
1981,23,House Calls,//en.wikipedia.org/wiki/House_Calls_(TV_series),CBS,19.2,9935.0,35,comedy,"Dating someone you work with can create problems, as Charley Michaels and Ann Anderson learned. He was a surgeon at Kensington General Hospital in San Francisco, a good doctor but less than enthusiastic about conforming to hospital rules and regulations. She was the hospital's new administrative assistant, an English lady with a commitment to keeping the hospital running efficiently. They were romantically involved but often at odds. Based upon the 1978 feature film of the same name."
1981,24,The Facts of Life,//en.wikipedia.org/wiki/The_Facts_of_Life_(TV_series),NBC,19.1,1803.0,"18,35",comedy,"Mrs. Edna Garrett, housemother and dietitian at the Eastland School, teaches a group of girls in her charge how to solve those problems that every teenager has to face."
1981,30,Fantasy Island,//en.wikipedia.org/wiki/Fantasy_Island,ABC,18.3,39775.0,"10765,18,35",comedy,A magical island hosted by Mr Roarke and Tattoo where weekly guests learn valuable life lessons in their pursuit of fulfilling their dreams. Not all dreams are fulfilled as expected.
1982,3,M*A*S*H,//en.wikipedia.org/wiki/M*A*S*H_(TV_series),CBS,22.6,918.0,"10768,18,35",comedy,"The 4077th Mobile Army Surgical Hospital is stuck in the middle of the Korean war. With little help from the circumstances they find themselves in, they are forced to make their own fun. Fond of practical jokes and revenge, the doctors, nurses, administrators, and soldiers often find ways of making wartime life bearable."
1982,6,Three's Company,//en.wikipedia.org/wiki/Three's_Company,ABC,21.2,2686.0,35,comedy,"When two single girls, Janet and Chrissy, need a roommate to share their Santa Monica apartment, they decide to offer a room to Jack, a man they find passed out in the bathtub after the going-away party for their last roommate. However, hijinks ensure when Jack must pretend to be gay in order to throw off the scent of the trio's conservative landlady."
1982,9,The Love Boat,//en.wikipedia.org/wiki/The_Love_Boat,ABC,20.3,1823.0,"18,35",comedy,"Passengers who search for romantic nights aboard a beautiful ship travelling to tropical or mysterious countries, decide to pass their vacation aboard the ""Love Boat"", where Gopher, Dr. Bricker, Isaac, Julie, and Captain Stubing try their best to please them, and sometimes help them fall in love. Things are not always so easy, but in the end, love wins."
1982,10,The A-Team,//en.wikipedia.org/wiki/The_A-Team,NBC,20.1,1516.0,"10759,35,80",comedy,"A fictional group of ex-United States Army Special Forces personnel work as soldiers of fortune while on the run from the Army after being branded as war criminals for a ""crime they didn't commit."""
1982,12,The Jeffersons,//en.wikipedia.org/wiki/The_Jeffersons,CBS,20.0,1964.0,"35,10751",comedy,"Sitcom following a successful African-American couple, George and Louise “Weezyö Jefferson as they “move on up” from working-class Queens to a ritzy Manhattan apartment. A spin-off of All in the Family."
1982,12,Newhart,//en.wikipedia.org/wiki/Newhart,CBS,20.0,3004.0,"35,18",comedy,"Dick Loudon and his wife Joanna decide to leave life in New York City and buy a little inn in Vermont. Dick is a how-to book writer, who eventually becomes a local TV celebrity as host of ""Vermont Today."" George Utley is the handyman at the inn and Leslie Vanderkellen is the maid, with ambitions of being an Olympic Ski champion; she is later replaced by her cousin Stephanie, an heiress who hates her job. Her boyfriend is Dick's yuppie TV producer, Michael Harris. There are many other quirky characters in this fictional little town, including Dick's neighbors Larry, Darryl, and Darryl...three brothers who buy the Minuteman Cafe from Kirk Devane. Besides sharing a name, Darryl and Darryl never speak."
1982,15,9 to 5,//en.wikipedia.org/wiki/9_to_5_(TV_series),ABC,19.3,10117.0,35,comedy,The sitcom takes us into the further adventures of the characters from the movie of the same name.
1982,16,One Day at a Time,//en.wikipedia.org/wiki/One_Day_at_a_Time_(1975_TV_series),CBS,19.1,2191.0,35,comedy,"The misadventures of a divorced mother,  two teenage daughters, and new building superintendent in Indianapolis."
1982,22,Archie Bunker's Place,//en.wikipedia.org/wiki/Archie_Bunker's_Place,CBS,18.3,4277.0,35,comedy,"Archie Bunker's Place is an American sitcom originally broadcast on the CBS network, conceived in 1979 as a spin-off and continuation of All in the Family. While not as popular as its predecessor, the show maintained a large enough audience to last for four seasons, until its cancellation in 1983. In its first season, the show performed so well that it knocked Mork & Mindy out of its new Sunday night time slot."
1982,25,Laverne & Shirley,//en.wikipedia.org/wiki/Laverne_&_Shirley,ABC,17.8,3033.0,"35,10751",comedy,"Best friends, roommates, and polar opposites, Laverne DeFazio and Shirley Feeney work together at the Shotz Brewery in Milwaukee and keep each other's spirits up at home."
1982,28,Happy Days,//en.wikipedia.org/wiki/Happy_Days,ABC,17.4,3845.0,35,comedy,"In 1950s Milwaukee the Cunningham family must contend with Fonzie, a motorcycle riding Casanova."
1982,30,The Dukes of Hazzard,//en.wikipedia.org/wiki/The_Dukes_of_Hazzard,CBS,17.2,397.0,"10759,18,35,80",comedy,"Cousins Bo and Luke Duke and their car ""General Lee"", assisted by Cousin Daisy and Uncle Jesse, have a running battle with the authorities of Hazzard County (Boss Hogg and Sheriff Coltrane), plus a string of ne'er-do-wells often backed by the scheming Hogg."
1983,4,The A-Team,//en.wikipedia.org/wiki/The_A-Team,NBC,24.0,1516.0,"10759,35,80",comedy,"A fictional group of ex-United States Army Special Forces personnel work as soldiers of fortune while on the run from the Army after being branded as war criminals for a ""crime they didn't commit."""
1983,8,Kate & Allie,//en.wikipedia.org/wiki/Kate_&_Allie,CBS,21.9,917.0,"35,18,10751",comedy,"Kate & Allie is an American television situation comedy which ran from March 19, 1984, to May 22, 1989. Kate & Allie first aired on CBS as a midseason replacement series and only six episodes were initially commissioned, but the favorable response from critics and viewers alike easily convinced CBS to commit to a full season in the fall of 1984. The series was created by Sherry Coben."
1983,14,TV's Bloopers & Practical Jokes,//en.wikipedia.org/wiki/TV's_Bloopers_&_Practical_Jokes,NBC,20.3,10719.0,35,comedy,"TV's Bloopers & Practical Jokes is an American television series. Debuting as a weekly series, new episodes have been broadcast as infrequent specials during most of its run. It premiered on NBC in 1984, moved to ABC in 1998, and was revived in syndication in 2012. The NBC run of the series was co-produced by Carson Productions and Dick Clark Productions, and the ABC and syndication runs have been produced solely by Dick Clark Productions."
1983,15,AfterMASH,//en.wikipedia.org/wiki/AfterMASH,CBS,20.1,3000.0,35,comedy,"AfterMASH is an American situation comedy that aired on CBS from September 26, 1983, to December 11, 1984. A spin-off of the series M*A*S*H, the show takes place immediately following the end of the Korean War and chronicles the adventures of three characters from the original series: Colonel Potter, Klinger and Father Mulcahy. M*A*S*H supporting cast-member Kellye Nakahara joined them, albeit off-camera, as the voice of the hospital's public address system. Rosalind Chao rounded out the starring cast as Soon-Lee Klinger, a Korean refugee whom Klinger met, fell in love with and married in the M*A*S*H series finale ""Goodbye, Farewell and Amen.""

AfterMASH premiered in the fall of 1983 in the same Monday night 9:00 P.M. EST. time slot as its predecessor M*A*S*H. It finished 10th out of all network shows for the 1983-1984 season according to Nielsen Media Research television ratings. For its second season CBS moved the show to Tuesday nights at 8:00 EST., opposite NBC's top ten hit The A-Team, and launched a marketing campaign featuring illustrations by Sanford Kossin of Max Klinger in a nurse's uniform, shaving off Mr. T's signature mohawk, theorizing that AfterMASH would take a large portion of The A-Team's audience. The theory, however, was proven wrong. In fact, the exact opposite occurred, as AfterMASH's ratings plummeted to near the bottom of the television rankings and the show was canceled nine episodes into its second season, while The A-Team continued until 1987, with 97 episodes."
1983,17,The Love Boat,//en.wikipedia.org/wiki/The_Love_Boat,ABC,19.0,1823.0,"18,35",comedy,"Passengers who search for romantic nights aboard a beautiful ship travelling to tropical or mysterious countries, decide to pass their vacation aboard the ""Love Boat"", where Gopher, Dr. Bricker, Isaac, Julie, and Captain Stubing try their best to please them, and sometimes help them fall in love. Things are not always so easy, but in the end, love wins."
1983,19,The Jeffersons,//en.wikipedia.org/wiki/The_Jeffersons,CBS,18.6,1964.0,"35,10751",comedy,"Sitcom following a successful African-American couple, George and Louise “Weezyö Jefferson as they “move on up” from working-class Queens to a ritzy Manhattan apartment. A spin-off of All in the Family."
1983,23,Newhart,//en.wikipedia.org/wiki/Newhart,CBS,18.0,3004.0,"35,18",comedy,"Dick Loudon and his wife Joanna decide to leave life in New York City and buy a little inn in Vermont. Dick is a how-to book writer, who eventually becomes a local TV celebrity as host of ""Vermont Today."" George Utley is the handyman at the inn and Leslie Vanderkellen is the maid, with ambitions of being an Olympic Ski champion; she is later replaced by her cousin Stephanie, an heiress who hates her job. Her boyfriend is Dick's yuppie TV producer, Michael Harris. There are many other quirky characters in this fictional little town, including Dick's neighbors Larry, Darryl, and Darryl...three brothers who buy the Minuteman Cafe from Kirk Devane. Besides sharing a name, Darryl and Darryl never speak."
1983,24,The Facts of Life,//en.wikipedia.org/wiki/The_Facts_of_Life_(TV_series),NBC,17.3,1803.0,"18,35",comedy,"Mrs. Edna Garrett, housemother and dietitian at the Eastland School, teaches a group of girls in her charge how to solve those problems that every teenager has to face."
1983,25,Webster,//en.wikipedia.org/wiki/Webster_(TV_series),ABC,17.2,3804.0,35,comedy,"Webster is an American situation comedy that aired on ABC from September 16, 1983 until May 8, 1987, and in first-run syndication from September 21, 1987 until March 10, 1989. The series was created by Stu Silver.

The show stars Emmanuel Lewis in the title role as a young boy who, after losing his parents, is adopted by his NFL-pro godfather, portrayed by Alex Karras, and his new socialite wife, played by Susan Clark. The focus was largely on how this impulsively married couple had to adjust to their new lives and sudden parenthood, but it was the congenial Webster himself who drove much of the plot. The series was produced by Georgian Bay Ltd., Emmanuel Lewis Entertainment Enterprises, Inc. and Paramount Television.

Like NBC's earlier hit Diff'rent Strokes, Webster featured a young African-American boy adopted by a white family."
1983,25,Alice,//en.wikipedia.org/wiki/Alice_(American_TV_series),CBS,17.2,494.0,"35,18",comedy,"Alice is an American sitcom television series that ran from August 31, 1976 to March 19, 1985 on CBS. The series is based on the 1974 film Alice Doesn't Live Here Anymore. The show stars Linda Lavin in the title role, a widow who moves with her young son to start her life over again, and finds a job working at a roadside diner on the outskirts of Phoenix, Arizona. Most of the episodes revolve around events at Mel's Diner."
1984,3,The Cosby Show,//en.wikipedia.org/wiki/The_Cosby_Show,NBC,24.2,1759.0,"35,10751",comedy,"The Cosby Show is an American television situation comedy starring Bill Cosby, which aired for eight seasons on NBC from September 20, 1984 until April 30, 1992. The show focuses on the Huxtable family, an upper middle-class African-American family living in Brooklyn, New York."
1984,5,Family Ties,//en.wikipedia.org/wiki/Family_Ties,NBC,22.1,496.0,"35,18,10751",comedy,"Former 1960s flower children Steven and Elyse Keaton raise their conservative son Alex, daughters Mallory and Jennifer, and later, youngest child Andrew."
1984,6,The A-Team,//en.wikipedia.org/wiki/The_A-Team,NBC,21.9,1516.0,"10759,35,80",comedy,"A fictional group of ex-United States Army Special Forces personnel work as soldiers of fortune while on the run from the Army after being branded as war criminals for a ""crime they didn't commit."""
1984,10,Crazy Like a Fox,//en.wikipedia.org/wiki/Crazy_Like_a_Fox_(TV_series),CBS,19.9,7208.0,"35,18",comedy,"Crazy Like a Fox is an American television series set in San Francisco, California, that aired on CBS from December 30, 1984 to May 3, 1986."
1984,12,Cheers,//en.wikipedia.org/wiki/Cheers,NBC,19.7,141.0,35,comedy,The story about a blue-collar Boston bar run by former sports star Sam Malone and the quirky and wonderful people who worked and drank there.
1984,16,Newhart,//en.wikipedia.org/wiki/Newhart,CBS,18.4,3004.0,"35,18",comedy,"Dick Loudon and his wife Joanna decide to leave life in New York City and buy a little inn in Vermont. Dick is a how-to book writer, who eventually becomes a local TV celebrity as host of ""Vermont Today."" George Utley is the handyman at the inn and Leslie Vanderkellen is the maid, with ambitions of being an Olympic Ski champion; she is later replaced by her cousin Stephanie, an heiress who hates her job. Her boyfriend is Dick's yuppie TV producer, Michael Harris. There are many other quirky characters in this fictional little town, including Dick's neighbors Larry, Darryl, and Darryl...three brothers who buy the Minuteman Cafe from Kirk Devane. Besides sharing a name, Darryl and Darryl never speak."
1984,17,Kate & Allie,//en.wikipedia.org/wiki/Kate_&_Allie,CBS,18.3,917.0,"35,18,10751",comedy,"Kate & Allie is an American television situation comedy which ran from March 19, 1984, to May 22, 1989. Kate & Allie first aired on CBS as a midseason replacement series and only six episodes were initially commissioned, but the favorable response from critics and viewers alike easily convinced CBS to commit to a full season in the fall of 1984. The series was created by Sherry Coben."
1984,20,Night Court,//en.wikipedia.org/wiki/Night_Court,NBC,17.6,162.0,35,comedy,An eccentric fun-loving judge presides over an urban night court and all the silliness going on there.
1984,22,TV's Bloopers & Practical Jokes,//en.wikipedia.org/wiki/TV's_Bloopers_&_Practical_Jokes,NBC,17.1,10719.0,35,comedy,"TV's Bloopers & Practical Jokes is an American television series. Debuting as a weekly series, new episodes have been broadcast as infrequent specials during most of its run. It premiered on NBC in 1984, moved to ABC in 1998, and was revived in syndication in 2012. The NBC run of the series was co-produced by Carson Productions and Dick Clark Productions, and the ABC and syndication runs have been produced solely by Dick Clark Productions."
1984,25,Remington Steele,//en.wikipedia.org/wiki/Remington_Steele,NBC,17.0,589.0,"18,10751,35",comedy,"Laura Holt, a licensed private detective, opens a detective agency but finds that potential clients refuse to hire a woman, however qualified. To solve the problem, Laura invents a fictitious male superior whom she names Remington Steele. Through a series of events that unfold in the first episode, ""License to Steele,"" a former thief and con man, whose real name is never revealed, assumes the identity of Remington Steele. Behind the scenes, Laura remains firmly in charge."
1984,25,Webster,//en.wikipedia.org/wiki/Webster_(TV_series),ABC,17.0,3804.0,35,comedy,"Webster is an American situation comedy that aired on ABC from September 16, 1983 until May 8, 1987, and in first-run syndication from September 21, 1987 until March 10, 1989. The series was created by Stu Silver.

The show stars Emmanuel Lewis in the title role as a young boy who, after losing his parents, is adopted by his NFL-pro godfather, portrayed by Alex Karras, and his new socialite wife, played by Susan Clark. The focus was largely on how this impulsively married couple had to adjust to their new lives and sudden parenthood, but it was the congenial Webster himself who drove much of the plot. The series was produced by Georgian Bay Ltd., Emmanuel Lewis Entertainment Enterprises, Inc. and Paramount Television.

Like NBC's earlier hit Diff'rent Strokes, Webster featured a young African-American boy adopted by a white family."
1985,1,The Cosby Show,//en.wikipedia.org/wiki/The_Cosby_Show,NBC,33.7,1759.0,"35,10751",comedy,"The Cosby Show is an American television situation comedy starring Bill Cosby, which aired for eight seasons on NBC from September 20, 1984 until April 30, 1992. The show focuses on the Huxtable family, an upper middle-class African-American family living in Brooklyn, New York."
1985,2,Family Ties,//en.wikipedia.org/wiki/Family_Ties,NBC,30.0,496.0,"35,18,10751",comedy,"Former 1960s flower children Steven and Elyse Keaton raise their conservative son Alex, daughters Mallory and Jennifer, and later, youngest child Andrew."
1985,5,Cheers,//en.wikipedia.org/wiki/Cheers,NBC,23.7,141.0,35,comedy,The story about a blue-collar Boston bar run by former sports star Sam Malone and the quirky and wonderful people who worked and drank there.
1985,7,The Golden Girls,//en.wikipedia.org/wiki/The_Golden_Girls,NBC,21.8,1678.0,35,comedy,"Four Southern Florida seniors share a house, their dreams, and a whole lot of cheesecake. Bright, promiscuous, clueless and hilarious, these lovely, mismatched ladies form the perfect circle of friends."
1985,10,Who's the Boss?,//en.wikipedia.org/wiki/Who's_the_Boss%3F,ABC,21.1,634.0,35,comedy,"A former professional baseball player, along with his preteen daughter, moves into New York advertising executive Angela Bower's house to be both a housekeeper and a father figure to her young son. Tony 's laid-back personality contrasts with Angela's type-A behavior."
1985,11,Night Court,//en.wikipedia.org/wiki/Night_Court,NBC,20.9,162.0,35,comedy,An eccentric fun-loving judge presides over an urban night court and all the silliness going on there.
1985,14,Kate & Allie,//en.wikipedia.org/wiki/Kate_&_Allie,CBS,20.0,917.0,"35,18,10751",comedy,"Kate & Allie is an American television situation comedy which ran from March 19, 1984, to May 22, 1989. Kate & Allie first aired on CBS as a midseason replacement series and only six episodes were initially commissioned, but the favorable response from critics and viewers alike easily convinced CBS to commit to a full season in the fall of 1984. The series was created by Sherry Coben."
1985,16,Newhart,//en.wikipedia.org/wiki/Newhart,CBS,19.6,3004.0,"35,18",comedy,"Dick Loudon and his wife Joanna decide to leave life in New York City and buy a little inn in Vermont. Dick is a how-to book writer, who eventually becomes a local TV celebrity as host of ""Vermont Today."" George Utley is the handyman at the inn and Leslie Vanderkellen is the maid, with ambitions of being an Olympic Ski champion; she is later replaced by her cousin Stephanie, an heiress who hates her job. Her boyfriend is Dick's yuppie TV producer, Michael Harris. There are many other quirky characters in this fictional little town, including Dick's neighbors Larry, Darryl, and Darryl...three brothers who buy the Minuteman Cafe from Kirk Devane. Besides sharing a name, Darryl and Darryl never speak."
1985,17,Growing Pains,//en.wikipedia.org/wiki/Growing_Pains,ABC,19.5,54.0,35,comedy,"Fatherhood has taken on a whole new meaning for Jason Seaver, who has assumed the chores of cooking, cleaning and minding the kids so that his wife, Maggie, can pursue a career in journalism after spending 15 years as a housewife."
1985,19,You Again?,//en.wikipedia.org/wiki/You_Again%3F,NBC,19.2,5168.0,35,comedy,"You Again? is an American situation comedy based on the British sitcom ""Home To Roost"" that was broadcast by NBC from February 27, 1986, to March 30, 1987, for two seasons. When Matthew Willows (John Stamos) was 10 years old, his parents got divorced, and Matthew chose to live with his mother. Now, seven years later, he's on his father's doorstep—and his dad, Henry Willows (Jack Klugman), is not thrilled. This kid is less than a model teenager: he drinks, he smokes, he curses, he lies. Not that Henry, a grouchy old bird, is any prize himself. But Matt moves in ""temporarily."" Henry makes him drop most of those bad habits, and Matt brings a little youthful exuberance into the Willows household, which includes Enid (Elizabeth Bennett), the part-time housekeeper."
1985,20,227,//en.wikipedia.org/wiki/227_(TV_series),NBC,18.8,1938.0,"35,10751",comedy,"A housewife sits on the stoop of her apartment building in a black neighborhood of Washington, D.C., and discusses all manner of things with her neighbors."
1985,24,Moonlighting,//en.wikipedia.org/wiki/Moonlighting_(TV_series),ABC,18.1,1998.0,"35,18,9648,80",comedy,"After being duped and going bankrupt, model Maddie is convinced by David to become a partner in a detective agency. Together they solve various cases, while getting comfortable with each other."
1985,24,Valerie,//en.wikipedia.org/wiki/The_Hogan_Family,NBC,18.1,28274.0,35,comedy,"Joe, who works at his dad's plumbing store, meets Valerie at a disco and a romance begins. But Joe's roommates, hearse driver Paulie and chauvinist Frankie interfer as does Valerie's divorced mother Stella with whom she lives."
1985,27,The Facts of Life,//en.wikipedia.org/wiki/The_Facts_of_Life_(TV_series),NBC,17.7,1803.0,"18,35",comedy,"Mrs. Edna Garrett, housemother and dietitian at the Eastland School, teaches a group of girls in her charge how to solve those problems that every teenager has to face."
1985,30,The A-Team,//en.wikipedia.org/wiki/The_A-Team,NBC,16.9,1516.0,"10759,35,80",comedy,"A fictional group of ex-United States Army Special Forces personnel work as soldiers of fortune while on the run from the Army after being branded as war criminals for a ""crime they didn't commit."""
1986,1,The Cosby Show,//en.wikipedia.org/wiki/The_Cosby_Show,NBC,34.9,1759.0,"35,10751",comedy,"The Cosby Show is an American television situation comedy starring Bill Cosby, which aired for eight seasons on NBC from September 20, 1984 until April 30, 1992. The show focuses on the Huxtable family, an upper middle-class African-American family living in Brooklyn, New York."
1986,2,Family Ties,//en.wikipedia.org/wiki/Family_Ties,NBC,32.7,496.0,"35,18,10751",comedy,"Former 1960s flower children Steven and Elyse Keaton raise their conservative son Alex, daughters Mallory and Jennifer, and later, youngest child Andrew."
1986,3,Cheers,//en.wikipedia.org/wiki/Cheers,NBC,27.2,141.0,35,comedy,The story about a blue-collar Boston bar run by former sports star Sam Malone and the quirky and wonderful people who worked and drank there.
1986,5,The Golden Girls,//en.wikipedia.org/wiki/The_Golden_Girls,NBC,24.5,1678.0,35,comedy,"Four Southern Florida seniors share a house, their dreams, and a whole lot of cheesecake. Bright, promiscuous, clueless and hilarious, these lovely, mismatched ladies form the perfect circle of friends."
1986,7,Night Court,//en.wikipedia.org/wiki/Night_Court,NBC,23.2,162.0,35,comedy,An eccentric fun-loving judge presides over an urban night court and all the silliness going on there.
1986,8,Growing Pains,//en.wikipedia.org/wiki/Growing_Pains,ABC,22.7,54.0,35,comedy,"Fatherhood has taken on a whole new meaning for Jason Seaver, who has assumed the chores of cooking, cleaning and minding the kids so that his wife, Maggie, can pursue a career in journalism after spending 15 years as a housewife."
1986,9,Moonlighting,//en.wikipedia.org/wiki/Moonlighting_(TV_series),ABC,22.4,1998.0,"35,18,9648,80",comedy,"After being duped and going bankrupt, model Maddie is convinced by David to become a partner in a detective agency. Together they solve various cases, while getting comfortable with each other."
1986,10,Who's the Boss?,//en.wikipedia.org/wiki/Who's_the_Boss%3F,ABC,22.0,634.0,35,comedy,"A former professional baseball player, along with his preteen daughter, moves into New York advertising executive Angela Bower's house to be both a housekeeper and a father figure to her young son. Tony 's laid-back personality contrasts with Angela's type-A behavior."
1986,12,Newhart,//en.wikipedia.org/wiki/Newhart,CBS,19.5,3004.0,"35,18",comedy,"Dick Loudon and his wife Joanna decide to leave life in New York City and buy a little inn in Vermont. Dick is a how-to book writer, who eventually becomes a local TV celebrity as host of ""Vermont Today."" George Utley is the handyman at the inn and Leslie Vanderkellen is the maid, with ambitions of being an Olympic Ski champion; she is later replaced by her cousin Stephanie, an heiress who hates her job. Her boyfriend is Dick's yuppie TV producer, Michael Harris. There are many other quirky characters in this fictional little town, including Dick's neighbors Larry, Darryl, and Darryl...three brothers who buy the Minuteman Cafe from Kirk Devane. Besides sharing a name, Darryl and Darryl never speak."
1986,13,Amen,//en.wikipedia.org/wiki/Amen_(TV_series),NBC,19.4,5221.0,"35,10751",comedy,"Amen is an American television sitcom produced by Carson Productions that ran from September 27, 1986 to May 11, 1991 on NBC. Set in Sherman Hemsley's real-life hometown of Philadelphia, Amen stars Hemsley as the deacon of a church and was part of a wave of successful sitcoms on NBC in the 1980s which featured entirely or almost-entirely black casts. Others included The Cosby Show, A Different World, and 227."
1986,14,227,//en.wikipedia.org/wiki/227_(TV_series),NBC,18.9,1938.0,"35,10751",comedy,"A housewife sits on the stoop of her apartment building in a black neighborhood of Washington, D.C., and discusses all manner of things with her neighbors."
1986,19,Kate & Allie,//en.wikipedia.org/wiki/Kate_&_Allie,CBS,18.3,917.0,"35,18,10751",comedy,"Kate & Allie is an American television situation comedy which ran from March 19, 1984, to May 22, 1989. Kate & Allie first aired on CBS as a midseason replacement series and only six episodes were initially commissioned, but the favorable response from critics and viewers alike easily convinced CBS to commit to a full season in the fall of 1984. The series was created by Sherry Coben."
1986,21,My Sister Sam,//en.wikipedia.org/wiki/My_Sister_Sam,CBS,17.4,9809.0,"35,10751",comedy,My Sister Sam is an American situation comedy series that aired on CBS from October 1986 to April 1988. The series stars Pam Dawber and Rebecca Schaeffer.
1986,28,ALF,//en.wikipedia.org/wiki/ALF_(TV_series),NBC,16.5,4658.0,"35,10751,10765",comedy,A furry alien wiseguy comes to live with a terran family after crashing into their garage.
1986,28,Hunter,//en.wikipedia.org/wiki/Hunter_(1984_U.S._TV_series),NBC,16.5,45952.0,"10765,10759,16,35,18",comedy,"Gon Freecss discovers that the father he had always been told was dead was actually alive the whole time. Ging is a famous Hunter: an individual who has proven themself an elite member of humanity. Gon becomes determined to follow in his father's footsteps, pass the rigorous Hunter Examination."
1986,30,Head of the Class,//en.wikipedia.org/wiki/Head_of_the_Class,ABC,16.4,2589.0,"35,10751",comedy,"Head of the Class is an American sitcom that ran from 1986 to 1991 on the ABC television network.

The series follows a group of gifted students in the Individualized Honors Program at the fictional Monroe High School in Manhattan, and their history teacher Charlie Moore. The program was ostensibly a vehicle for Hesseman, best known for his role as radio DJ Dr. Johnny Fever in the sitcom WKRP in Cincinnati. Hesseman left Head of the Class in 1990 and was replaced by Billy Connolly as teacher Billy MacGregor for the final season. After the series ended, Connolly appeared in a short-lived spin-off titled Billy.

The series was created and executive produced by Rich Eustis and Michael Elias. Rich Eustis had previously worked as a New York City substitute teacher while hoping to become an actor."
1987,1,The Cosby Show,//en.wikipedia.org/wiki/The_Cosby_Show,NBC,27.8,1759.0,"35,10751",comedy,"The Cosby Show is an American television situation comedy starring Bill Cosby, which aired for eight seasons on NBC from September 20, 1984 until April 30, 1992. The show focuses on the Huxtable family, an upper middle-class African-American family living in Brooklyn, New York."
1987,2,A Different World,//en.wikipedia.org/wiki/A_Different_World,NBC,25.0,115.0,"35,10751",comedy,"A Different World is a spin-off series from The Cosby Show and originally centered on Denise Huxtable and the life of students at Hillman College, a fictional mixed but historically black college in the state of Virginia. After Bonet's departure in the first season, the remainder of the series primarily focused more on Southern belle Whitley Gilbert and mathematics whiz Dwayne Wayne. The series frequently depicted members of the major historically black fraternities and sororities."
1987,3,Cheers,//en.wikipedia.org/wiki/Cheers,NBC,23.4,141.0,35,comedy,The story about a blue-collar Boston bar run by former sports star Sam Malone and the quirky and wonderful people who worked and drank there.
1987,4,The Golden Girls,//en.wikipedia.org/wiki/The_Golden_Girls,NBC,21.8,1678.0,35,comedy,"Four Southern Florida seniors share a house, their dreams, and a whole lot of cheesecake. Bright, promiscuous, clueless and hilarious, these lovely, mismatched ladies form the perfect circle of friends."
1987,5,Growing Pains,//en.wikipedia.org/wiki/Growing_Pains,ABC,21.3,54.0,35,comedy,"Fatherhood has taken on a whole new meaning for Jason Seaver, who has assumed the chores of cooking, cleaning and minding the kids so that his wife, Maggie, can pursue a career in journalism after spending 15 years as a housewife."
1987,6,Who's the Boss?,//en.wikipedia.org/wiki/Who's_the_Boss%3F,ABC,21.2,634.0,35,comedy,"A former professional baseball player, along with his preteen daughter, moves into New York advertising executive Angela Bower's house to be both a housekeeper and a father figure to her young son. Tony 's laid-back personality contrasts with Angela's type-A behavior."
1987,7,Night Court,//en.wikipedia.org/wiki/Night_Court,NBC,20.8,162.0,35,comedy,An eccentric fun-loving judge presides over an urban night court and all the silliness going on there.
1987,10,ALF,//en.wikipedia.org/wiki/ALF_(TV_series),NBC,18.8,4658.0,"35,10751,10765",comedy,A furry alien wiseguy comes to live with a terran family after crashing into their garage.
1987,10,The Wonder Years,//en.wikipedia.org/wiki/The_Wonder_Years,ABC,18.8,4500.0,"35,18,10751",comedy,"The story of Kevin Arnold facing the trials and tribulations of youth while growing up during the 1960s and 70s. Told through narration from an adult Kevin, Kevin faces the difficulties of maintaining relationships and friendships on his enthralling journey into adulthood."
1987,12,Moonlighting,//en.wikipedia.org/wiki/Moonlighting_(TV_series),ABC,18.3,1998.0,"35,18,9648,80",comedy,"After being duped and going bankrupt, model Maddie is convinced by David to become a partner in a detective agency. Together they solve various cases, while getting comfortable with each other."
1987,15,Amen,//en.wikipedia.org/wiki/Amen_(TV_series),NBC,17.5,5221.0,"35,10751",comedy,"Amen is an American television sitcom produced by Carson Productions that ran from September 27, 1986 to May 11, 1991 on NBC. Set in Sherman Hemsley's real-life hometown of Philadelphia, Amen stars Hemsley as the deacon of a church and was part of a wave of successful sitcoms on NBC in the 1980s which featured entirely or almost-entirely black casts. Others included The Cosby Show, A Different World, and 227."
1987,17,Family Ties,//en.wikipedia.org/wiki/Family_Ties,NBC,17.3,496.0,"35,18,10751",comedy,"Former 1960s flower children Steven and Elyse Keaton raise their conservative son Alex, daughters Mallory and Jennifer, and later, youngest child Andrew."
1987,20,My Two Dads,//en.wikipedia.org/wiki/My_Two_Dads,NBC,16.9,1862.0,35,comedy,"Joey and Michael, who fought over the same woman 13 years ago now have, upon her death, been awarded joint custody of her daughter - who might be either of theirs. So how do the men settle their problems? With a paternity test? No way. Instead, they all move in together to raise Nicole as a two-dad nuclear family. Under the watchful eye of the family court judge, dads and daughter adjust to their new situation."
1987,20,Valerie's Family,//en.wikipedia.org/wiki/The_Hogan_Family,NBC,16.9,4453.0,"35,10751",comedy,"The Hogan Family is an American television situation comedy that aired on NBC from March 1, 1986 to May 7, 1990, and on CBS from September 15, 1990 until July 20, 1991. It was produced by Miller-Boyett Productions, along with Tal Productions, Inc., and in association with Lorimar Productions, Lorimar-Telepictures and Lorimar Television.

The show was originally titled Valerie and starred Valerie Harper as a mother trying to juggle her career with raising her three sons by her often-absent airline-pilot husband. Harper was written out of the series after the second season because of a dispute with the show's producers. Sandy Duncan joined the cast as the boys' aunt, who moved in and became their surrogate mom. During the show's third season, the series was known as Valerie's Family: The Hogans, then simply as The Hogan Family."
1987,23,Head of the Class,//en.wikipedia.org/wiki/Head_of_the_Class,ABC,16.7,2589.0,"35,10751",comedy,"Head of the Class is an American sitcom that ran from 1986 to 1991 on the ABC television network.

The series follows a group of gifted students in the Individualized Honors Program at the fictional Monroe High School in Manhattan, and their history teacher Charlie Moore. The program was ostensibly a vehicle for Hesseman, best known for his role as radio DJ Dr. Johnny Fever in the sitcom WKRP in Cincinnati. Hesseman left Head of the Class in 1990 and was replaced by Billy Connolly as teacher Billy MacGregor for the final season. After the series ended, Connolly appeared in a short-lived spin-off titled Billy.

The series was created and executive produced by Rich Eustis and Michael Elias. Rich Eustis had previously worked as a New York City substitute teacher while hoping to become an actor."
1987,25,Newhart,//en.wikipedia.org/wiki/Newhart,CBS,16.5,3004.0,"35,18",comedy,"Dick Loudon and his wife Joanna decide to leave life in New York City and buy a little inn in Vermont. Dick is a how-to book writer, who eventually becomes a local TV celebrity as host of ""Vermont Today."" George Utley is the handyman at the inn and Leslie Vanderkellen is the maid, with ambitions of being an Olympic Ski champion; she is later replaced by her cousin Stephanie, an heiress who hates her job. Her boyfriend is Dick's yuppie TV producer, Michael Harris. There are many other quirky characters in this fictional little town, including Dick's neighbors Larry, Darryl, and Darryl...three brothers who buy the Minuteman Cafe from Kirk Devane. Besides sharing a name, Darryl and Darryl never speak."
1987,27,227,//en.wikipedia.org/wiki/227_(TV_series),NBC,16.3,1938.0,"35,10751",comedy,"A housewife sits on the stoop of her apartment building in a black neighborhood of Washington, D.C., and discusses all manner of things with her neighbors."
1987,28,Day by Day,//en.wikipedia.org/wiki/Day_by_Day_(American_TV_series),NBC,16.2,9775.0,35,comedy,"Day by Day is an American sitcom starring Douglas Sheehan, Linda Kelsey, Christopher Daniel Barnes, Julia Louis-Dreyfus, Courtney Thorne-Smith, and Thora Birch. Day by Day was telecast from February 29, 1988, through June 25, 1989, on NBC."
1987,29,Hunter,//en.wikipedia.org/wiki/Hunter_(1984_U.S._TV_series),NBC,16.1,45952.0,"10765,10759,16,35,18",comedy,"Gon Freecss discovers that the father he had always been told was dead was actually alive the whole time. Ging is a famous Hunter: an individual who has proven themself an elite member of humanity. Gon becomes determined to follow in his father's footsteps, pass the rigorous Hunter Examination."
1988,1,The Cosby Show,//en.wikipedia.org/wiki/The_Cosby_Show,NBC,25.6,1759.0,"35,10751",comedy,"The Cosby Show is an American television situation comedy starring Bill Cosby, which aired for eight seasons on NBC from September 20, 1984 until April 30, 1992. The show focuses on the Huxtable family, an upper middle-class African-American family living in Brooklyn, New York."
1988,2,Roseanne,//en.wikipedia.org/wiki/Roseanne,ABC,23.8,2706.0,35,comedy,"A working-class family struggles to get by on a limited income in the fictional town of Lanford, Illinois."
1988,3,A Different World,//en.wikipedia.org/wiki/A_Different_World,NBC,23.0,115.0,"35,10751",comedy,"A Different World is a spin-off series from The Cosby Show and originally centered on Denise Huxtable and the life of students at Hillman College, a fictional mixed but historically black college in the state of Virginia. After Bonet's departure in the first season, the remainder of the series primarily focused more on Southern belle Whitley Gilbert and mathematics whiz Dwayne Wayne. The series frequently depicted members of the major historically black fraternities and sororities."
1988,4,Cheers,//en.wikipedia.org/wiki/Cheers,NBC,22.3,141.0,35,comedy,The story about a blue-collar Boston bar run by former sports star Sam Malone and the quirky and wonderful people who worked and drank there.
1988,6,The Golden Girls,//en.wikipedia.org/wiki/The_Golden_Girls,NBC,21.4,1678.0,35,comedy,"Four Southern Florida seniors share a house, their dreams, and a whole lot of cheesecake. Bright, promiscuous, clueless and hilarious, these lovely, mismatched ladies form the perfect circle of friends."
1988,7,Who's the Boss?,//en.wikipedia.org/wiki/Who's_the_Boss%3F,ABC,20.8,634.0,35,comedy,"A former professional baseball player, along with his preteen daughter, moves into New York advertising executive Angela Bower's house to be both a housekeeper and a father figure to her young son. Tony 's laid-back personality contrasts with Angela's type-A behavior."
1988,9,Empty Nest,//en.wikipedia.org/wiki/Empty_Nest,NBC,19.2,2823.0,"10751,35",comedy,"Widowed pediatrician Harry Weston is a miracle worker when it comes to dealing with his young patients, but he's more challenged by the other people surrounding him: daughters Barbara and Carol; his wisecracking office assistant, nurse LaVerne Todd; and obnoxious neighborhood mooch Charley Dietz. Thank goodness he always finds a friendly shoulder (and a warm, wet tongue) in Dreyfuss, his enormous dog."
1988,10,Anything but Love,//en.wikipedia.org/wiki/Anything_but_Love,ABC,19.0,5117.0,35,comedy,"Anything But Love is an American television sitcom, which aired on ABC from March 7, 1989 to June 3, 1992, spanning four seasons and 56 episodes. The show starred Richard Lewis as Marty Gold and Jamie Lee Curtis as Hannah Miller, coworkers at a Chicago magazine with a mutual romantic attraction to each other, who struggled to keep their relationship strictly professional. The series, from creator Wendy Kout and developers Dennis Koenig and Peter Noah, was produced by Adam Productions in association with 20th Century Fox Television."
1988,11,Dear John,//en.wikipedia.org/wiki/Dear_John_(U.S._TV_series),NBC,18.5,10838.0,35,comedy,"Dear John starred Judd Hirsch as easygoing Drake Prep high school teacher John Lacey who is dumped by his wife, Wendy, via a Dear John letter. Wendy ends up with everything in the divorce settlement, including custody of the couple's son, forcing John to move into an apartment in Ozone Park, Queens. John soon joins the One-2-One Club, a self help group for divorced, widowed or lonely people. The group is led by Louise (Jane Carr), a sex-obsessed British woman. Other members of the group include Kate McCarron (Isabella Hofmann), a sweet divorcée; Kirk Morris (Jere Burns), a cocky ladies' man; Ralph Drang (Harry Groener), a shy and neurotic tollbooth collector; Bonnie Philbert (Billie Bird), a feisty senior citizen; and Tom, Mrs. Philbert's quiet boyfriend (Tom Willett)."
1988,13,Growing Pains,//en.wikipedia.org/wiki/Growing_Pains,ABC,17.6,54.0,35,comedy,"Fatherhood has taken on a whole new meaning for Jason Seaver, who has assumed the chores of cooking, cleaning and minding the kids so that his wife, Maggie, can pursue a career in journalism after spending 15 years as a housewife."
1988,15,ALF,//en.wikipedia.org/wiki/ALF_(TV_series),NBC,17.5,4658.0,"35,10751,10765",comedy,A furry alien wiseguy comes to live with a terran family after crashing into their garage.
1988,19,Hunter,//en.wikipedia.org/wiki/Hunter_(1984_U.S._TV_series),NBC,17.2,45952.0,"10765,10759,16,35,18",comedy,"Gon Freecss discovers that the father he had always been told was dead was actually alive the whole time. Ging is a famous Hunter: an individual who has proven themself an elite member of humanity. Gon becomes determined to follow in his father's footsteps, pass the rigorous Hunter Examination."
1988,20,Head of the Class,//en.wikipedia.org/wiki/Head_of_the_Class,ABC,17.1,2589.0,"35,10751",comedy,"Head of the Class is an American sitcom that ran from 1986 to 1991 on the ABC television network.

The series follows a group of gifted students in the Individualized Honors Program at the fictional Monroe High School in Manhattan, and their history teacher Charlie Moore. The program was ostensibly a vehicle for Hesseman, best known for his role as radio DJ Dr. Johnny Fever in the sitcom WKRP in Cincinnati. Hesseman left Head of the Class in 1990 and was replaced by Billy Connolly as teacher Billy MacGregor for the final season. After the series ended, Connolly appeared in a short-lived spin-off titled Billy.

The series was created and executive produced by Rich Eustis and Michael Elias. Rich Eustis had previously worked as a New York City substitute teacher while hoping to become an actor."
1988,21,Night Court,//en.wikipedia.org/wiki/Night_Court,NBC,16.9,162.0,35,comedy,An eccentric fun-loving judge presides over an urban night court and all the silliness going on there.
1988,22,The Hogan Family,//en.wikipedia.org/wiki/The_Hogan_Family,NBC,16.3,4453.0,"35,10751",comedy,"The Hogan Family is an American television situation comedy that aired on NBC from March 1, 1986 to May 7, 1990, and on CBS from September 15, 1990 until July 20, 1991. It was produced by Miller-Boyett Productions, along with Tal Productions, Inc., and in association with Lorimar Productions, Lorimar-Telepictures and Lorimar Television.

The show was originally titled Valerie and starred Valerie Harper as a mother trying to juggle her career with raising her three sons by her often-absent airline-pilot husband. Harper was written out of the series after the second season because of a dispute with the show's producers. Sandy Duncan joined the cast as the boys' aunt, who moved in and became their surrogate mom. During the show's third season, the series was known as Valerie's Family: The Hogans, then simply as The Hogan Family."
1988,22,The Wonder Years,//en.wikipedia.org/wiki/The_Wonder_Years,ABC,16.3,4500.0,"35,18,10751",comedy,"The story of Kevin Arnold facing the trials and tribulations of youth while growing up during the 1960s and 70s. Told through narration from an adult Kevin, Kevin faces the difficulties of maintaining relationships and friendships on his enthralling journey into adulthood."
1988,25,Amen,//en.wikipedia.org/wiki/Amen_(TV_series),NBC,16.2,5221.0,"35,10751",comedy,"Amen is an American television sitcom produced by Carson Productions that ran from September 27, 1986 to May 11, 1991 on NBC. Set in Sherman Hemsley's real-life hometown of Philadelphia, Amen stars Hemsley as the deacon of a church and was part of a wave of successful sitcoms on NBC in the 1980s which featured entirely or almost-entirely black casts. Others included The Cosby Show, A Different World, and 227."
1989,1,The Cosby Show,//en.wikipedia.org/wiki/The_Cosby_Show,NBC,23.1,1759.0,"35,10751",comedy,"The Cosby Show is an American television situation comedy starring Bill Cosby, which aired for eight seasons on NBC from September 20, 1984 until April 30, 1992. The show focuses on the Huxtable family, an upper middle-class African-American family living in Brooklyn, New York."
1989,1,Roseanne,//en.wikipedia.org/wiki/Roseanne,ABC,23.1,2706.0,35,comedy,"A working-class family struggles to get by on a limited income in the fictional town of Lanford, Illinois."
1989,3,Cheers,//en.wikipedia.org/wiki/Cheers,NBC,22.7,141.0,35,comedy,The story about a blue-collar Boston bar run by former sports star Sam Malone and the quirky and wonderful people who worked and drank there.
1989,4,A Different World,//en.wikipedia.org/wiki/A_Different_World,NBC,21.1,115.0,"35,10751",comedy,"A Different World is a spin-off series from The Cosby Show and originally centered on Denise Huxtable and the life of students at Hillman College, a fictional mixed but historically black college in the state of Virginia. After Bonet's departure in the first season, the remainder of the series primarily focused more on Southern belle Whitley Gilbert and mathematics whiz Dwayne Wayne. The series frequently depicted members of the major historically black fraternities and sororities."
1989,5,America's Funniest Home Videos,//en.wikipedia.org/wiki/America's_Funniest_Home_Videos,ABC,20.9,4448.0,"35,10767,10764",comedy,America's Funniest Home Videos is the longest-running primetime entertainment show in ABC history. Each week AFV shines the spotlight on hilarious videos. Fans tune in to witness failures and fiascos and to submit their own mishaps for their chance at stardom.
1989,6,The Golden Girls,//en.wikipedia.org/wiki/The_Golden_Girls,NBC,20.1,1678.0,35,comedy,"Four Southern Florida seniors share a house, their dreams, and a whole lot of cheesecake. Bright, promiscuous, clueless and hilarious, these lovely, mismatched ladies form the perfect circle of friends."
1989,8,The Wonder Years,//en.wikipedia.org/wiki/The_Wonder_Years,ABC,19.2,4500.0,"35,18,10751",comedy,"The story of Kevin Arnold facing the trials and tribulations of youth while growing up during the 1960s and 70s. Told through narration from an adult Kevin, Kevin faces the difficulties of maintaining relationships and friendships on his enthralling journey into adulthood."
1989,9,Empty Nest,//en.wikipedia.org/wiki/Empty_Nest,NBC,18.9,2823.0,"10751,35",comedy,"Widowed pediatrician Harry Weston is a miracle worker when it comes to dealing with his young patients, but he's more challenged by the other people surrounding him: daughters Barbara and Carol; his wisecracking office assistant, nurse LaVerne Todd; and obnoxious neighborhood mooch Charley Dietz. Thank goodness he always finds a friendly shoulder (and a warm, wet tongue) in Dreyfuss, his enormous dog."
1989,12,Who's the Boss?,//en.wikipedia.org/wiki/Who's_the_Boss%3F,ABC,17.9,634.0,35,comedy,"A former professional baseball player, along with his preteen daughter, moves into New York advertising executive Angela Bower's house to be both a housekeeper and a father figure to her young son. Tony 's laid-back personality contrasts with Angela's type-A behavior."
1989,13,Chicken Soup,//en.wikipedia.org/wiki/Chicken_Soup_(TV_series),ABC,17.7,12880.0,35,comedy,
1989,15,Grand,//en.wikipedia.org/wiki/Grand_(TV_series),NBC,17.6,79166.0,"16,35",comedy,A college student joins the local diving club after meeting some rowdy upperclassmen. New adventures in booze and the ocean await.
1989,17,Dear John,//en.wikipedia.org/wiki/Dear_John_(U.S._TV_series),NBC,17.2,10838.0,35,comedy,"Dear John starred Judd Hirsch as easygoing Drake Prep high school teacher John Lacey who is dumped by his wife, Wendy, via a Dear John letter. Wendy ends up with everything in the divorce settlement, including custody of the couple's son, forcing John to move into an apartment in Ozone Park, Queens. John soon joins the One-2-One Club, a self help group for divorced, widowed or lonely people. The group is led by Louise (Jane Carr), a sex-obsessed British woman. Other members of the group include Kate McCarron (Isabella Hofmann), a sweet divorcée; Kirk Morris (Jere Burns), a cocky ladies' man; Ralph Drang (Harry Groener), a shy and neurotic tollbooth collector; Bonnie Philbert (Billie Bird), a feisty senior citizen; and Tom, Mrs. Philbert's quiet boyfriend (Tom Willett)."
1989,18,Coach,//en.wikipedia.org/wiki/Coach_(TV_series),ABC,17.0,2455.0,35,comedy,"Hayden Fox, the curmudgeonly coach of Minnesota State University's Screaming Eagles football team, tries to navigate his way through the sports world, fatherhood and family life without dropping the ball."
1989,21,Growing Pains,//en.wikipedia.org/wiki/Growing_Pains,ABC,15.4,54.0,35,comedy,"Fatherhood has taken on a whole new meaning for Jason Seaver, who has assumed the chores of cooking, cleaning and minding the kids so that his wife, Maggie, can pursue a career in journalism after spending 15 years as a housewife."
1989,22,Full House,//en.wikipedia.org/wiki/Full_House,ABC,15.3,4313.0,"35,10751",comedy,"After the death of his wife, Danny enlists his best friend and his brother-in-law to help raise his three daughters, D.J., Stephanie, and Michelle."
1989,22,Designing Women,//en.wikipedia.org/wiki/Designing_Women,CBS,15.3,712.0,35,comedy,"Julia Sugarbaker, Mary Jo Shively, Charlene Frazier-Stillfield and Suzanne Sugarbaker are associates at their design firm, Sugarbaker and Associates. Julia is the owner and is very outspoken and strong-willed. Mary Jo is a divorced single-parent whom is just as strong-willed as Julia, but isn't as self-confident. Charlene is the naive and trusting farm girl from Poplar Bluff, Missouri. Suzanne is the self-centered ex-beauty queen whom has a number of wealthy ex-husbands."
1989,24,Hunter,//en.wikipedia.org/wiki/Hunter_(1984_U.S._TV_series),NBC,14.9,45952.0,"10765,10759,16,35,18",comedy,"Gon Freecss discovers that the father he had always been told was dead was actually alive the whole time. Ging is a famous Hunter: an individual who has proven themself an elite member of humanity. Gon becomes determined to follow in his father's footsteps, pass the rigorous Hunter Examination."
1989,26,Head of the Class,//en.wikipedia.org/wiki/Head_of_the_Class,ABC,14.8,2589.0,"35,10751",comedy,"Head of the Class is an American sitcom that ran from 1986 to 1991 on the ABC television network.

The series follows a group of gifted students in the Individualized Honors Program at the fictional Monroe High School in Manhattan, and their history teacher Charlie Moore. The program was ostensibly a vehicle for Hesseman, best known for his role as radio DJ Dr. Johnny Fever in the sitcom WKRP in Cincinnati. Hesseman left Head of the Class in 1990 and was replaced by Billy Connolly as teacher Billy MacGregor for the final season. After the series ended, Connolly appeared in a short-lived spin-off titled Billy.

The series was created and executive produced by Rich Eustis and Michael Elias. Rich Eustis had previously worked as a New York City substitute teacher while hoping to become an actor."
1989,27,Murphy Brown,//en.wikipedia.org/wiki/Murphy_Brown,CBS,14.7,3219.0,35,comedy,"Murphy Brown (Candice Bergen) is a recovering alcoholic who returns to the fictional newsmagazine FYI for the first time following a stay at the Betty Ford Clinic residential treatment center. Over 40 and single, she is sharp tongued and hard as nails. In her profession, she is considered one of the boys, having shattered many glass ceilings encountered during her career. Dominating the FYI news magazine, she is portrayed as one of America's hardest-hitting (though not the warmest or more sympathetic) media personalities."
1989,28,The Simpsons,//en.wikipedia.org/wiki/The_Simpsons,FOX,14.5,456.0,"10751,16,35",comedy,"Set in Springfield, the average American town, the show focuses on the antics and everyday adventures of the Simpson family; Homer, Marge, Bart, Lisa and Maggie, as well as a virtual cast of thousands. Since the beginning, the series has been a pop culture icon, attracting hundreds of celebrities to guest star. The show has also made name for itself in its fearless satirical take on politics, media and American life in general."
1989,28,Night Court,//en.wikipedia.org/wiki/Night_Court,NBC,14.5,162.0,35,comedy,An eccentric fun-loving judge presides over an urban night court and all the silliness going on there.
1989,28,"Doogie Howser, M.D.","//en.wikipedia.org/wiki/Doogie_Howser,_M.D.",ABC,14.5,1750.0,"18,35",comedy,"Doogie Howser is a doctor. He is also a 16-year-old genius who graduated college at age 10 and finished medical school at age 14. But he is still a teenager, with normal teenage friends and problems. But unlike a normal teenager, he is just learning to drive while also consulting on serious medical cases like heart transplants."
1990,1,Cheers,//en.wikipedia.org/wiki/Cheers,NBC,21.3,141.0,35,comedy,The story about a blue-collar Boston bar run by former sports star Sam Malone and the quirky and wonderful people who worked and drank there.
1990,3,Roseanne,//en.wikipedia.org/wiki/Roseanne,ABC,18.1,2706.0,35,comedy,"A working-class family struggles to get by on a limited income in the fictional town of Lanford, Illinois."
1990,4,A Different World,//en.wikipedia.org/wiki/A_Different_World,NBC,17.5,115.0,"35,10751",comedy,"A Different World is a spin-off series from The Cosby Show and originally centered on Denise Huxtable and the life of students at Hillman College, a fictional mixed but historically black college in the state of Virginia. After Bonet's departure in the first season, the remainder of the series primarily focused more on Southern belle Whitley Gilbert and mathematics whiz Dwayne Wayne. The series frequently depicted members of the major historically black fraternities and sororities."
1990,5,The Cosby Show,//en.wikipedia.org/wiki/The_Cosby_Show,NBC,17.1,1759.0,"35,10751",comedy,"The Cosby Show is an American television situation comedy starring Bill Cosby, which aired for eight seasons on NBC from September 20, 1984 until April 30, 1992. The show focuses on the Huxtable family, an upper middle-class African-American family living in Brooklyn, New York."
1990,6,Murphy Brown,//en.wikipedia.org/wiki/Murphy_Brown,CBS,16.9,3219.0,35,comedy,"Murphy Brown (Candice Bergen) is a recovering alcoholic who returns to the fictional newsmagazine FYI for the first time following a stay at the Betty Ford Clinic residential treatment center. Over 40 and single, she is sharp tongued and hard as nails. In her profession, she is considered one of the boys, having shattered many glass ceilings encountered during her career. Dominating the FYI news magazine, she is portrayed as one of America's hardest-hitting (though not the warmest or more sympathetic) media personalities."
1990,7,Empty Nest,//en.wikipedia.org/wiki/Empty_Nest,NBC,16.7,2823.0,"10751,35",comedy,"Widowed pediatrician Harry Weston is a miracle worker when it comes to dealing with his young patients, but he's more challenged by the other people surrounding him: daughters Barbara and Carol; his wisecracking office assistant, nurse LaVerne Todd; and obnoxious neighborhood mooch Charley Dietz. Thank goodness he always finds a friendly shoulder (and a warm, wet tongue) in Dreyfuss, his enormous dog."
1990,7,America's Funniest Home Videos,//en.wikipedia.org/wiki/America's_Funniest_Home_Videos,ABC,16.7,4448.0,"35,10767,10764",comedy,America's Funniest Home Videos is the longest-running primetime entertainment show in ABC history. Each week AFV shines the spotlight on hilarious videos. Fans tune in to witness failures and fiascos and to submit their own mishaps for their chance at stardom.
1990,10,The Golden Girls,//en.wikipedia.org/wiki/The_Golden_Girls,NBC,16.5,1678.0,35,comedy,"Four Southern Florida seniors share a house, their dreams, and a whole lot of cheesecake. Bright, promiscuous, clueless and hilarious, these lovely, mismatched ladies form the perfect circle of friends."
1990,10,Designing Women,//en.wikipedia.org/wiki/Designing_Women,CBS,16.5,712.0,35,comedy,"Julia Sugarbaker, Mary Jo Shively, Charlene Frazier-Stillfield and Suzanne Sugarbaker are associates at their design firm, Sugarbaker and Associates. Julia is the owner and is very outspoken and strong-willed. Mary Jo is a divorced single-parent whom is just as strong-willed as Julia, but isn't as self-confident. Charlene is the naive and trusting farm girl from Poplar Bluff, Missouri. Suzanne is the self-centered ex-beauty queen whom has a number of wealthy ex-husbands."
1990,13,America's Funniest People,//en.wikipedia.org/wiki/America's_Funniest_People,ABC,16.3,4404.0,"10764,35",comedy,"America's Funniest People is an American reality series on ABC that debuted on May 1, 1990 as an hour-long special, and later as a weekly half-hour prime time series from September 8, 1990 to August 28, 1994. It was hosted by Dave Coulier and Arleen Sorkin from 1990 to 1992. Tawny Kitaen replaced Sorkin in 1992. The announcer was Ernie Anderson. Dan Slider composed the theme song, which was performed by Peter Hix."
1990,14,Full House,//en.wikipedia.org/wiki/Full_House,ABC,15.9,4313.0,"35,10751",comedy,"After the death of his wife, Danny enlists his best friend and his brother-in-law to help raise his three daughters, D.J., Stephanie, and Michelle."
1990,15,Family Matters,//en.wikipedia.org/wiki/Family_Matters,ABC,15.8,2685.0,"35,10751",comedy,"A long-running dramedy centering on the Winslow family, a middle-class African American family living in Chicago, and their pesky next-door neighbor, ultra-nerd Steve Urkel. A spin-off of Perfect Strangers."
1990,18,Coach,//en.wikipedia.org/wiki/Coach_(TV_series),ABC,15.3,2455.0,35,comedy,"Hayden Fox, the curmudgeonly coach of Minnesota State University's Screaming Eagles football team, tries to navigate his way through the sports world, fatherhood and family life without dropping the ball."
1990,19,Who's the Boss?,//en.wikipedia.org/wiki/Who's_the_Boss%3F,ABC,15.0,634.0,35,comedy,"A former professional baseball player, along with his preteen daughter, moves into New York advertising executive Angela Bower's house to be both a housekeeper and a father figure to her young son. Tony 's laid-back personality contrasts with Angela's type-A behavior."
1990,21,Major Dad,//en.wikipedia.org/wiki/Major_Dad,CBS,14.9,3484.0,"35,10751",comedy,"Major Dad is an American sitcom created by Richard C. Okie and John G. Stephens, developed by Earl Pomerantz, that originally ran from 1989 to 1993 on CBS, starring Gerald McRaney as Major John D. MacGillis and Shanna Reed as his wife Polly. The cast also includes Beverly Archer, Matt Mulhern, Jon Cypher, Marisa Ryan, Nicole Dubuc and Chelsea Hertford."
1990,24,"Doogie Howser, M.D.","//en.wikipedia.org/wiki/Doogie_Howser,_M.D.",ABC,14.7,1750.0,"18,35",comedy,"Doogie Howser is a doctor. He is also a 16-year-old genius who graduated college at age 10 and finished medical school at age 14. But he is still a teenager, with normal teenage friends and problems. But unlike a normal teenager, he is just learning to drive while also consulting on serious medical cases like heart transplants."
1990,25,Grand,//en.wikipedia.org/wiki/Grand_(TV_series),NBC,14.6,79166.0,"16,35",comedy,A college student joins the local diving club after meeting some rowdy upperclassmen. New adventures in booze and the ocean await.
1990,26,Head of the Class,//en.wikipedia.org/wiki/Head_of_the_Class,ABC,14.5,2589.0,"35,10751",comedy,"Head of the Class is an American sitcom that ran from 1986 to 1991 on the ABC television network.

The series follows a group of gifted students in the Individualized Honors Program at the fictional Monroe High School in Manhattan, and their history teacher Charlie Moore. The program was ostensibly a vehicle for Hesseman, best known for his role as radio DJ Dr. Johnny Fever in the sitcom WKRP in Cincinnati. Hesseman left Head of the Class in 1990 and was replaced by Billy Connolly as teacher Billy MacGregor for the final season. After the series ended, Connolly appeared in a short-lived spin-off titled Billy.

The series was created and executive produced by Rich Eustis and Michael Elias. Rich Eustis had previously worked as a New York City substitute teacher while hoping to become an actor."
1990,27,Growing Pains,//en.wikipedia.org/wiki/Growing_Pains,ABC,14.3,54.0,35,comedy,"Fatherhood has taken on a whole new meaning for Jason Seaver, who has assumed the chores of cooking, cleaning and minding the kids so that his wife, Maggie, can pursue a career in journalism after spending 15 years as a housewife."
1990,27,Baby Talk,//en.wikipedia.org/wiki/Baby_Talk_(TV_series),ABC,14.3,9825.0,"35,10762",comedy,"Baby Talk is an American sitcom that aired on ABC from March 8, 1991 until May 8, 1992 as part of ABC's TGIF lineup. The show was loosely based on the popular Look Who's Talking movies and was adapted for television by Ed Weinberger. Amy Heckerling created original characters for the series while using key creative and script elements from Look Who's Talking, which she had written and directed. Weinberger served as executive producer during the first season, and was replaced by Saul Turteltaub and Bernie Orenstein in the second season."
1990,27,Davis Rules,//en.wikipedia.org/wiki/Davis_Rules,ABC,14.3,5450.0,35,comedy,"Dwight Davis, a widower and grade-school principal, is raising three sons with help from his wacky father Gunny...

Davis Rules is an American sitcom broadcast on ABC in 1991 and on CBS in 1992. The series was produced by Carsey-Werner Productions."
1990,30,The Wonder Years,//en.wikipedia.org/wiki/The_Wonder_Years,ABC,14.2,4500.0,"35,18,10751",comedy,"The story of Kevin Arnold facing the trials and tribulations of youth while growing up during the 1960s and 70s. Told through narration from an adult Kevin, Kevin faces the difficulties of maintaining relationships and friendships on his enthralling journey into adulthood."
1991,2,Roseanne,//en.wikipedia.org/wiki/Roseanne,ABC,19.9,2706.0,35,comedy,"A working-class family struggles to get by on a limited income in the fictional town of Lanford, Illinois."
1991,3,Murphy Brown,//en.wikipedia.org/wiki/Murphy_Brown,CBS,18.6,3219.0,35,comedy,"Murphy Brown (Candice Bergen) is a recovering alcoholic who returns to the fictional newsmagazine FYI for the first time following a stay at the Betty Ford Clinic residential treatment center. Over 40 and single, she is sharp tongued and hard as nails. In her profession, she is considered one of the boys, having shattered many glass ceilings encountered during her career. Dominating the FYI news magazine, she is portrayed as one of America's hardest-hitting (though not the warmest or more sympathetic) media personalities."
1991,4,Cheers,//en.wikipedia.org/wiki/Cheers,NBC,17.5,141.0,35,comedy,The story about a blue-collar Boston bar run by former sports star Sam Malone and the quirky and wonderful people who worked and drank there.
1991,4,Home Improvement,//en.wikipedia.org/wiki/Home_Improvement_(TV_series),ABC,17.5,1558.0,35,comedy,"The daily trials and tribulations of handyman Tim Taylor, a TV show host raising three boys with help from his loyal co-host, domineering wife, and unseen neighbor."
1991,6,Designing Women,//en.wikipedia.org/wiki/Designing_Women,CBS,17.3,712.0,35,comedy,"Julia Sugarbaker, Mary Jo Shively, Charlene Frazier-Stillfield and Suzanne Sugarbaker are associates at their design firm, Sugarbaker and Associates. Julia is the owner and is very outspoken and strong-willed. Mary Jo is a divorced single-parent whom is just as strong-willed as Julia, but isn't as self-confident. Charlene is the naive and trusting farm girl from Poplar Bluff, Missouri. Suzanne is the self-centered ex-beauty queen whom has a number of wealthy ex-husbands."
1991,7,Full House,//en.wikipedia.org/wiki/Full_House,ABC,17.0,4313.0,"35,10751",comedy,"After the death of his wife, Danny enlists his best friend and his brother-in-law to help raise his three daughters, D.J., Stephanie, and Michelle."
1991,9,Major Dad,//en.wikipedia.org/wiki/Major_Dad,CBS,16.8,3484.0,"35,10751",comedy,"Major Dad is an American sitcom created by Richard C. Okie and John G. Stephens, developed by Earl Pomerantz, that originally ran from 1989 to 1993 on CBS, starring Gerald McRaney as Major John D. MacGillis and Shanna Reed as his wife Polly. The cast also includes Beverly Archer, Matt Mulhern, Jon Cypher, Marisa Ryan, Nicole Dubuc and Chelsea Hertford."
1991,10,Coach,//en.wikipedia.org/wiki/Coach_(TV_series),ABC,16.7,2455.0,35,comedy,"Hayden Fox, the curmudgeonly coach of Minnesota State University's Screaming Eagles football team, tries to navigate his way through the sports world, fatherhood and family life without dropping the ball."
1991,15,Evening Shade,//en.wikipedia.org/wiki/Evening_Shade,CBS,15.6,390.0,35,comedy,"Evening Shade is an American sitcom television series that aired on CBS from 1990 to 1994. The series stars Burt Reynolds as Wood Newton, an ex-professional football player for the Pittsburgh Steelers, who returns to rural Evening Shade, Arkansas to coach a high school football team with a long losing streak. Reynolds personally requested to use the Steelers as his former team because he is a fan.

The general theme of the show is the appeal of small town life. Episodes ended with a closing narration by Ossie Davis summing up the events of the episode, always closing with ""... in a place called Evening Shade."" The show's final episode saw the guest appearances of Willie Nelson and Buzz Aldrin as escaped convicts on the run from authorities, the final scene being a spectacular shoot-out reminiscent of the final scene of Butch Cassidy and the Sundance Kid.

The opening segment included clips from around Arkansas, including the famous McClard's Bar-be-que, which is situated on Albert Pike Blvd. and South Patterson St. in Hot Springs National Park."
1991,16,Northern Exposure,//en.wikipedia.org/wiki/Northern_Exposure,CBS,15.5,4396.0,"35,18,10765",comedy,"After receiving a scholarship from the state, a recent Columbia University medical school graduate is required to set up his practice in an eccentric Alaskan town."
1991,17,A Different World,//en.wikipedia.org/wiki/A_Different_World,NBC,15.2,115.0,"35,10751",comedy,"A Different World is a spin-off series from The Cosby Show and originally centered on Denise Huxtable and the life of students at Hillman College, a fictional mixed but historically black college in the state of Virginia. After Bonet's departure in the first season, the remainder of the series primarily focused more on Southern belle Whitley Gilbert and mathematics whiz Dwayne Wayne. The series frequently depicted members of the major historically black fraternities and sororities."
1991,18,The Cosby Show,//en.wikipedia.org/wiki/The_Cosby_Show,NBC,15.0,1759.0,"35,10751",comedy,"The Cosby Show is an American television situation comedy starring Bill Cosby, which aired for eight seasons on NBC from September 20, 1984 until April 30, 1992. The show focuses on the Huxtable family, an upper middle-class African-American family living in Brooklyn, New York."
1991,19,Wings,//en.wikipedia.org/wiki/Wings_(1990_TV_series),NBC,14.6,2506.0,"35,18",comedy,Brothers Brian and Joe Hackett attempt to run an airline on the New England island of Nantucket while surrounded by their various wacky friends and employees.
1991,20,America's Funniest Home Videos,//en.wikipedia.org/wiki/America's_Funniest_Home_Videos,ABC,14.5,4448.0,"35,10767,10764",comedy,America's Funniest Home Videos is the longest-running primetime entertainment show in ABC history. Each week AFV shines the spotlight on hilarious videos. Fans tune in to witness failures and fiascos and to submit their own mishaps for their chance at stardom.
1991,22,The Fresh Prince of Bel-Air,//en.wikipedia.org/wiki/The_Fresh_Prince_of_Bel-Air,NBC,14.3,1892.0,"35,10751",comedy,"Will, a street-smart teenager, moves from the tough streets of West Philly to posh Bel-Air to live with his Uncle Philip, Aunt Vivian, his cousins — spoiled Hilary, preppy Carlton and young Ashley — and their sophisticated British butler, Geoffrey. Though Will’s antics and upbringing contrast greatly with the upper-class lifestyle of his extended relatives, he soon finds himself right at home as a loved part of the family."
1991,22,Empty Nest,//en.wikipedia.org/wiki/Empty_Nest,NBC,14.3,2823.0,"10751,35",comedy,"Widowed pediatrician Harry Weston is a miracle worker when it comes to dealing with his young patients, but he's more challenged by the other people surrounding him: daughters Barbara and Carol; his wisecracking office assistant, nurse LaVerne Todd; and obnoxious neighborhood mooch Charley Dietz. Thank goodness he always finds a friendly shoulder (and a warm, wet tongue) in Dreyfuss, his enormous dog."
1991,25,America's Funniest People,//en.wikipedia.org/wiki/America's_Funniest_People,ABC,13.8,4404.0,"10764,35",comedy,"America's Funniest People is an American reality series on ABC that debuted on May 1, 1990 as an hour-long special, and later as a weekly half-hour prime time series from September 8, 1990 to August 28, 1994. It was hosted by Dave Coulier and Arleen Sorkin from 1990 to 1992. Tawny Kitaen replaced Sorkin in 1992. The announcer was Ernie Anderson. Dan Slider composed the theme song, which was performed by Peter Hix."
1991,27,Family Matters,//en.wikipedia.org/wiki/Family_Matters,ABC,13.5,2685.0,"35,10751",comedy,"A long-running dramedy centering on the Winslow family, a middle-class African American family living in Chicago, and their pesky next-door neighbor, ultra-nerd Steve Urkel. A spin-off of Perfect Strangers."
1991,30,The Golden Girls,//en.wikipedia.org/wiki/The_Golden_Girls,NBC,13.1,1678.0,35,comedy,"Four Southern Florida seniors share a house, their dreams, and a whole lot of cheesecake. Bright, promiscuous, clueless and hilarious, these lovely, mismatched ladies form the perfect circle of friends."
1992,2,Roseanne,//en.wikipedia.org/wiki/Roseanne,ABC,20.7,2706.0,35,comedy,"A working-class family struggles to get by on a limited income in the fictional town of Lanford, Illinois."
1992,3,Home Improvement,//en.wikipedia.org/wiki/Home_Improvement_(TV_series),ABC,19.4,1558.0,35,comedy,"The daily trials and tribulations of handyman Tim Taylor, a TV show host raising three boys with help from his loyal co-host, domineering wife, and unseen neighbor."
1992,4,Murphy Brown,//en.wikipedia.org/wiki/Murphy_Brown,CBS,17.9,3219.0,35,comedy,"Murphy Brown (Candice Bergen) is a recovering alcoholic who returns to the fictional newsmagazine FYI for the first time following a stay at the Betty Ford Clinic residential treatment center. Over 40 and single, she is sharp tongued and hard as nails. In her profession, she is considered one of the boys, having shattered many glass ceilings encountered during her career. Dominating the FYI news magazine, she is portrayed as one of America's hardest-hitting (though not the warmest or more sympathetic) media personalities."
1992,6,Coach,//en.wikipedia.org/wiki/Coach_(TV_series),ABC,17.5,2455.0,35,comedy,"Hayden Fox, the curmudgeonly coach of Minnesota State University's Screaming Eagles football team, tries to navigate his way through the sports world, fatherhood and family life without dropping the ball."
1992,8,Cheers,//en.wikipedia.org/wiki/Cheers,NBC,16.1,141.0,35,comedy,The story about a blue-collar Boston bar run by former sports star Sam Malone and the quirky and wonderful people who worked and drank there.
1992,10,Full House,//en.wikipedia.org/wiki/Full_House,ABC,15.8,4313.0,"35,10751",comedy,"After the death of his wife, Danny enlists his best friend and his brother-in-law to help raise his three daughters, D.J., Stephanie, and Michelle."
1992,11,Northern Exposure,//en.wikipedia.org/wiki/Northern_Exposure,CBS,15.2,4396.0,"35,18,10765",comedy,"After receiving a scholarship from the state, a recent Columbia University medical school graduate is required to set up his practice in an eccentric Alaskan town."
1992,15,Love & War,//en.wikipedia.org/wiki/Love_&_War_(TV_series),CBS,14.7,9240.0,35,comedy,A woman running a bar in New York City while trying to maintain a romance with an egotistical opinionated columnist.
1992,16,The Fresh Prince of Bel-Air,//en.wikipedia.org/wiki/The_Fresh_Prince_of_Bel-Air,NBC,14.6,1892.0,"35,10751",comedy,"Will, a street-smart teenager, moves from the tough streets of West Philly to posh Bel-Air to live with his Uncle Philip, Aunt Vivian, his cousins — spoiled Hilary, preppy Carlton and young Ashley — and their sophisticated British butler, Geoffrey. Though Will’s antics and upbringing contrast greatly with the upper-class lifestyle of his extended relatives, he soon finds himself right at home as a loved part of the family."
1992,16,Hangin' with Mr. Cooper,//en.wikipedia.org/wiki/Hangin'_with_Mr._Cooper,ABC,14.6,4438.0,35,comedy,"Former NBA player Mark Cooper becomes a dedicated teacher and basketball coach in Oakland after his playing career ends. When he's not dealing with his students and players, Mark spends time with his gorgeous female roommate and other friends."
1992,19,Evening Shade,//en.wikipedia.org/wiki/Evening_Shade,CBS,14.5,390.0,35,comedy,"Evening Shade is an American sitcom television series that aired on CBS from 1990 to 1994. The series stars Burt Reynolds as Wood Newton, an ex-professional football player for the Pittsburgh Steelers, who returns to rural Evening Shade, Arkansas to coach a high school football team with a long losing streak. Reynolds personally requested to use the Steelers as his former team because he is a fan.

The general theme of the show is the appeal of small town life. Episodes ended with a closing narration by Ossie Davis summing up the events of the episode, always closing with ""... in a place called Evening Shade."" The show's final episode saw the guest appearances of Willie Nelson and Buzz Aldrin as escaped convicts on the run from authorities, the final scene being a spectacular shoot-out reminiscent of the final scene of Butch Cassidy and the Sundance Kid.

The opening segment included clips from around Arkansas, including the famous McClard's Bar-be-que, which is situated on Albert Pike Blvd. and South Patterson St. in Hot Springs National Park."
1992,20,Hearts Afire,//en.wikipedia.org/wiki/Hearts_Afire,CBS,14.3,2779.0,35,comedy,"Frustrations and sparks fly in Washington, D.C. when a strict conservative hires a free spirited journalist as his boss's press secretary. Their mismatched political views lead to arguments... and attraction."
1992,25,Seinfeld,//en.wikipedia.org/wiki/Seinfeld,NBC,13.7,1400.0,35,comedy,A stand-up comedian and his three offbeat friends weather the pitfalls and payoffs of life in New York City in the '90s. It's a show about nothing.
1992,26,Blossom,//en.wikipedia.org/wiki/Blossom_(American_TV_series),NBC,13.5,4545.0,"18,35,10751",comedy,"Blossom Russo is a highly intelligent and spunky teenager. The youngest of three, she lives with her divorced musician father, Nick, eldest brother and recovering substance abuser Anthony, and decidedly not-so-bright middle brother Joey. Along for the ride is Blossom's ditzy best friend, Six, who sometimes shows flashes of great perception."
1992,30,Wings,//en.wikipedia.org/wiki/Wings_(1990_TV_series),NBC,13.0,2506.0,"35,18",comedy,Brothers Brian and Joe Hackett attempt to run an airline on the New England island of Nantucket while surrounded by their various wacky friends and employees.
1992,30,The Simpsons,//en.wikipedia.org/wiki/The_Simpsons,FOX,13.0,456.0,"10751,16,35",comedy,"Set in Springfield, the average American town, the show focuses on the antics and everyday adventures of the Simpson family; Homer, Marge, Bart, Lisa and Maggie, as well as a virtual cast of thousands. Since the beginning, the series has been a pop culture icon, attracting hundreds of celebrities to guest star. The show has also made name for itself in its fearless satirical take on politics, media and American life in general."
1993,2,Home Improvement,//en.wikipedia.org/wiki/Home_Improvement_(TV_series),ABC,20.4,1558.0,35,comedy,"The daily trials and tribulations of handyman Tim Taylor, a TV show host raising three boys with help from his loyal co-host, domineering wife, and unseen neighbor."
1993,3,Seinfeld,//en.wikipedia.org/wiki/Seinfeld,NBC,19.4,1400.0,35,comedy,A stand-up comedian and his three offbeat friends weather the pitfalls and payoffs of life in New York City in the '90s. It's a show about nothing.
1993,4,Roseanne,//en.wikipedia.org/wiki/Roseanne,ABC,19.1,2706.0,35,comedy,"A working-class family struggles to get by on a limited income in the fictional town of Lanford, Illinois."
1993,5,Grace Under Fire,//en.wikipedia.org/wiki/Grace_Under_Fire,ABC,17.7,3394.0,35,comedy,"Grace Kelly is a tough woman with kids to raise. A recently divorced recovering alcoholic, Grace struggles with the pressures of being a single mother supporting three children. Grace doesn't always handle situations with, well, grace, but she does get results."
1993,6,Coach,//en.wikipedia.org/wiki/Coach_(TV_series),ABC,17.4,2455.0,35,comedy,"Hayden Fox, the curmudgeonly coach of Minnesota State University's Screaming Eagles football team, tries to navigate his way through the sports world, fatherhood and family life without dropping the ball."
1993,7,Frasier,//en.wikipedia.org/wiki/Frasier,NBC,16.8,3452.0,"35,10751",comedy,"After many years spent at the “Cheers” bar, Frasier moves back home to Seattle to work as a radio psychiatrist after his policeman father gets shot in the hip on duty."
1993,9,Murphy Brown,//en.wikipedia.org/wiki/Murphy_Brown,CBS,16.3,3219.0,35,comedy,"Murphy Brown (Candice Bergen) is a recovering alcoholic who returns to the fictional newsmagazine FYI for the first time following a stay at the Betty Ford Clinic residential treatment center. Over 40 and single, she is sharp tongued and hard as nails. In her profession, she is considered one of the boys, having shattered many glass ceilings encountered during her career. Dominating the FYI news magazine, she is portrayed as one of America's hardest-hitting (though not the warmest or more sympathetic) media personalities."
1993,12,Thunder Alley,//en.wikipedia.org/wiki/Thunder_Alley_(TV_series),ABC,15.9,14336.0,"35,18,10751",comedy,"Thunder Alley is an American sitcom which aired from March 9, 1994 to July 4, 1995 on ABC."
1993,13,Love & War,//en.wikipedia.org/wiki/Love_&_War_(TV_series),CBS,14.5,9240.0,35,comedy,A woman running a bar in New York City while trying to maintain a romance with an egotistical opinionated columnist.
1993,14,Northern Exposure,//en.wikipedia.org/wiki/Northern_Exposure,CBS,14.4,4396.0,"35,18,10765",comedy,"After receiving a scholarship from the state, a recent Columbia University medical school graduate is required to set up his practice in an eccentric Alaskan town."
1993,16,Full House,//en.wikipedia.org/wiki/Full_House,ABC,14.2,4313.0,"35,10751",comedy,"After the death of his wife, Danny enlists his best friend and his brother-in-law to help raise his three daughters, D.J., Stephanie, and Michelle."
1993,18,Wings,//en.wikipedia.org/wiki/Wings_(1990_TV_series),NBC,13.9,2506.0,"35,18",comedy,Brothers Brian and Joe Hackett attempt to run an airline on the New England island of Nantucket while surrounded by their various wacky friends and employees.
1993,21,Dave's World,//en.wikipedia.org/wiki/Dave's_World,CBS,13.7,10463.0,35,comedy,Dave's World is an American sitcom that aired on CBS from 1993 to 1997. The series is based on the writing of Miami Herald columnist Dave Barry.
1993,21,The Fresh Prince of Bel-Air,//en.wikipedia.org/wiki/The_Fresh_Prince_of_Bel-Air,NBC,13.7,1892.0,"35,10751",comedy,"Will, a street-smart teenager, moves from the tough streets of West Philly to posh Bel-Air to live with his Uncle Philip, Aunt Vivian, his cousins — spoiled Hilary, preppy Carlton and young Ashley — and their sophisticated British butler, Geoffrey. Though Will’s antics and upbringing contrast greatly with the upper-class lifestyle of his extended relatives, he soon finds himself right at home as a loved part of the family."
1993,27,Phenom,//en.wikipedia.org/wiki/Phenom_(TV_series),ABC,13.2,3705.0,35,comedy,"A teenage tennis prodigy tries to balance a social life with her  ambition for stardom, under constant pressure from her driven coach, but  with lots of support from her mom."
1993,27,Evening Shade,//en.wikipedia.org/wiki/Evening_Shade,CBS,13.2,390.0,35,comedy,"Evening Shade is an American sitcom television series that aired on CBS from 1990 to 1994. The series stars Burt Reynolds as Wood Newton, an ex-professional football player for the Pittsburgh Steelers, who returns to rural Evening Shade, Arkansas to coach a high school football team with a long losing streak. Reynolds personally requested to use the Steelers as his former team because he is a fan.

The general theme of the show is the appeal of small town life. Episodes ended with a closing narration by Ossie Davis summing up the events of the episode, always closing with ""... in a place called Evening Shade."" The show's final episode saw the guest appearances of Willie Nelson and Buzz Aldrin as escaped convicts on the run from authorities, the final scene being a spectacular shoot-out reminiscent of the final scene of Butch Cassidy and the Sundance Kid.

The opening segment included clips from around Arkansas, including the famous McClard's Bar-be-que, which is situated on Albert Pike Blvd. and South Patterson St. in Hot Springs National Park."
1993,30,Family Matters,//en.wikipedia.org/wiki/Family_Matters,ABC,12.6,2685.0,"35,10751",comedy,"A long-running dramedy centering on the Winslow family, a middle-class African American family living in Chicago, and their pesky next-door neighbor, ultra-nerd Steve Urkel. A spin-off of Perfect Strangers."
1994,1,Seinfeld,//en.wikipedia.org/wiki/Seinfeld,NBC,20.6,1400.0,35,comedy,A stand-up comedian and his three offbeat friends weather the pitfalls and payoffs of life in New York City in the '90s. It's a show about nothing.
1994,3,Home Improvement,//en.wikipedia.org/wiki/Home_Improvement_(TV_series),ABC,19.5,1558.0,35,comedy,"The daily trials and tribulations of handyman Tim Taylor, a TV show host raising three boys with help from his loyal co-host, domineering wife, and unseen neighbor."
1994,4,Grace Under Fire,//en.wikipedia.org/wiki/Grace_Under_Fire,ABC,18.6,3394.0,35,comedy,"Grace Kelly is a tough woman with kids to raise. A recently divorced recovering alcoholic, Grace struggles with the pressures of being a single mother supporting three children. Grace doesn't always handle situations with, well, grace, but she does get results."
1994,8,Friends,//en.wikipedia.org/wiki/Friends,NBC,15.6,1668.0,35,comedy,"Six young people from New York City, on their own and struggling to survive in the real world, find the companionship, comfort and support they get from each other to be the perfect antidote to the pressures of life."
1994,10,Roseanne,//en.wikipedia.org/wiki/Roseanne,ABC,15.5,2706.0,35,comedy,"A working-class family struggles to get by on a limited income in the fictional town of Lanford, Illinois."
1994,11,Mad About You,//en.wikipedia.org/wiki/Mad_About_You,NBC,15.2,500.0,35,comedy,"Young, urban newlyweds Paul and Jamie Buchman try to sustain their marital bliss while sidestepping the hurdles of love in the '90s."
1994,12,Madman of the People,//en.wikipedia.org/wiki/Madman_of_the_People,NBC,14.9,9942.0,35,comedy,"Madman of the People is an American sitcom that aired on NBC from 1994 to 1995. It was scheduled in the Thursday 9:30 timeslot, part of Must See TV.

Madman of the People was produced by Kreiscluesco Industries/Spelling Television."
1994,13,Ellen,//en.wikipedia.org/wiki/Ellen_(TV_series),ABC,14.8,271.0,35,comedy,"Ellen works in a Los Angeles bookstore called Buy the Book and hangs around with her friends discussing lovers, work and family."
1994,14,Hope and Gloria,//en.wikipedia.org/wiki/Hope_and_Gloria,NBC,14.6,1115.0,35,comedy,"Hope and Gloria is an American sitcom produced by Warner Bros. Television and aired on NBC from March 9, 1995, through June 22, 1996. The show was canceled after 35 episodes. It starred Cynthia Stevenson and Jessica Lundy, respectively, as the titular characters, both working in an office environment in downtown Pittsburgh. The program also starred Alan Thicke as a local talk show host and featured Enrico Colantoni in one of his first regular roles on television.

The series was broadcast in Britain on ITV during the 1996 summer holiday, going out Monday to Friday for seven weeks."
1994,15,Frasier,//en.wikipedia.org/wiki/Frasier,NBC,14.5,3452.0,"35,10751",comedy,"After many years spent at the “Cheers” bar, Frasier moves back home to Seattle to work as a radio psychiatrist after his policeman father gets shot in the hip on duty."
1994,16,Murphy Brown,//en.wikipedia.org/wiki/Murphy_Brown,CBS,14.1,3219.0,35,comedy,"Murphy Brown (Candice Bergen) is a recovering alcoholic who returns to the fictional newsmagazine FYI for the first time following a stay at the Betty Ford Clinic residential treatment center. Over 40 and single, she is sharp tongued and hard as nails. In her profession, she is considered one of the boys, having shattered many glass ceilings encountered during her career. Dominating the FYI news magazine, she is portrayed as one of America's hardest-hitting (though not the warmest or more sympathetic) media personalities."
1994,20,Me and the Boys,//en.wikipedia.org/wiki/Me_and_the_Boys_(TV_series),ABC,13.1,17925.0,35,comedy,"Widower Steve Tower is raising three very different sons, Artis, William, and Andrew, with the help of his mother-in-law, Mary. When not at his video store, he is interacting with Artis, William, or Andrew, or his girlfriend, Amelia."
1994,21,Dave's World,//en.wikipedia.org/wiki/Dave's_World,CBS,12.9,10463.0,35,comedy,Dave's World is an American sitcom that aired on CBS from 1993 to 1997. The series is based on the writing of Miami Herald columnist Dave Barry.
1994,22,Cybill,//en.wikipedia.org/wiki/Cybill,CBS,12.8,2702.0,35,comedy,"Cybill is an American television sitcom created by Chuck Lorre, which aired on CBS from January 2, 1995, to July 13, 1998. Starring, Cybill Shepherd, the show revolves around the life of Cybill Sheridan, a twice-divorced single mother of two and struggling actress in her 40s, who has never gotten her big show business break."
1994,24,The Nanny,//en.wikipedia.org/wiki/The_Nanny,CBS,12.5,2352.0,"35,10751",comedy,"That flashy girl from Flushing with the heart of an angel (and the voice of a slighty more nasal angel). The comic misadventures of the sweet and sassy Fran Fine, her sophisticated employer, Broadway producer Mr. Sheffield, his boisterous brood and his wisecracking staff."
1994,25,Full House,//en.wikipedia.org/wiki/Full_House,ABC,12.4,4313.0,"35,10751",comedy,"After the death of his wife, Danny enlists his best friend and his brother-in-law to help raise his three daughters, D.J., Stephanie, and Michelle."
1994,26,Wings,//en.wikipedia.org/wiki/Wings_(1990_TV_series),NBC,12.3,2506.0,"35,18",comedy,Brothers Brian and Joe Hackett attempt to run an airline on the New England island of Nantucket while surrounded by their various wacky friends and employees.
1994,29,The Martin Short Show,//en.wikipedia.org/wiki/The_Martin_Short_Show_(1994_TV_series),NBC,11.7,27306.0,"10767,35",comedy,A syndicated talk show hosted by actor Martin Short with announcer/sidekick Michael McGrath.
1995,2,Seinfeld,//en.wikipedia.org/wiki/Seinfeld,NBC,21.2,1400.0,35,comedy,A stand-up comedian and his three offbeat friends weather the pitfalls and payoffs of life in New York City in the '90s. It's a show about nothing.
1995,3,Friends,//en.wikipedia.org/wiki/Friends,NBC,18.7,1668.0,35,comedy,"Six young people from New York City, on their own and struggling to survive in the real world, find the companionship, comfort and support they get from each other to be the perfect antidote to the pressures of life."
1995,4,Caroline in the City,//en.wikipedia.org/wiki/Caroline_in_the_City,NBC,18.0,1850.0,"35,18,16",comedy,Caroline Duffy is a successful cartoonist in Manhattan whose eclectic friends are sometimes the subjects of her comic strip.
1995,6,The Single Guy,//en.wikipedia.org/wiki/The_Single_Guy,NBC,16.7,2036.0,35,comedy,
1995,7,Home Improvement,//en.wikipedia.org/wiki/Home_Improvement_(TV_series),ABC,16.1,1558.0,35,comedy,"The daily trials and tribulations of handyman Tim Taylor, a TV show host raising three boys with help from his loyal co-host, domineering wife, and unseen neighbor."
1995,8,Boston Common,//en.wikipedia.org/wiki/Boston_Common_(TV_series),NBC,15.6,868.0,35,comedy,"After moving to Boston from Virginia, to spy on his sister who just started college, Boyd finds himself working for the student union where he raises hell more often than he should."
1995,11,Frasier,//en.wikipedia.org/wiki/Frasier,NBC,13.6,3452.0,"35,10751",comedy,"After many years spent at the “Cheers” bar, Frasier moves back home to Seattle to work as a radio psychiatrist after his policeman father gets shot in the hip on duty."
1995,13,Grace Under Fire,//en.wikipedia.org/wiki/Grace_Under_Fire,ABC,13.2,3394.0,35,comedy,"Grace Kelly is a tough woman with kids to raise. A recently divorced recovering alcoholic, Grace struggles with the pressures of being a single mother supporting three children. Grace doesn't always handle situations with, well, grace, but she does get results."
1995,14,Coach,//en.wikipedia.org/wiki/Coach_(TV_series),ABC,12.9,2455.0,35,comedy,"Hayden Fox, the curmudgeonly coach of Minnesota State University's Screaming Eagles football team, tries to navigate his way through the sports world, fatherhood and family life without dropping the ball."
1995,16,The Nanny,//en.wikipedia.org/wiki/The_Nanny,CBS,12.5,2352.0,"35,10751",comedy,"That flashy girl from Flushing with the heart of an angel (and the voice of a slighty more nasal angel). The comic misadventures of the sweet and sassy Fran Fine, her sophisticated employer, Broadway producer Mr. Sheffield, his boisterous brood and his wisecracking staff."
1995,16,Roseanne,//en.wikipedia.org/wiki/Roseanne,ABC,12.5,2706.0,35,comedy,"A working-class family struggles to get by on a limited income in the fictional town of Lanford, Illinois."
1995,18,Murphy Brown,//en.wikipedia.org/wiki/Murphy_Brown,CBS,12.3,3219.0,35,comedy,"Murphy Brown (Candice Bergen) is a recovering alcoholic who returns to the fictional newsmagazine FYI for the first time following a stay at the Betty Ford Clinic residential treatment center. Over 40 and single, she is sharp tongued and hard as nails. In her profession, she is considered one of the boys, having shattered many glass ceilings encountered during her career. Dominating the FYI news magazine, she is portrayed as one of America's hardest-hitting (though not the warmest or more sympathetic) media personalities."
1995,22,3rd Rock from the Sun,//en.wikipedia.org/wiki/3rd_Rock_from_the_Sun,NBC,12.1,155.0,"10751,10765,35,18",comedy,"The high commander of an alien expedition lands on Earth -- what he considers to be the least-important planet -- in human form as Dick Solomon. Along for the ride are his alien compatriots Harry, Sally and Tommy -- who is the eldest of the group but is now angrily trapped in a teen's body."
1995,24,The Naked Truth,//en.wikipedia.org/wiki/The_Naked_Truth_(TV_series),ABC,11.4,11894.0,35,comedy,"The Naked Truth is an American sitcom broadcast on ABC from 1995 to 1996, and on NBC from 1996 to 1998. The series stars Téa Leoni and Holland Taylor.

After a messy divorce with her very rich and powerful husband, Nora Wilde refuses to accept his offer of $1.8 million and tries to make it on her own. Being a Pulitzer nominated photographer, the only place that even considers hiring her is sleazy tabloid The Comet. She's forced to accept and starts as a regular papparazzo."
1995,24,Can't Hurry Love,//en.wikipedia.org/wiki/Can't_Hurry_Love,CBS,11.4,15595.0,35,comedy,A single 30-something woman living in New York searches for romance with the help -- or hindrance -- of her three friends.
1995,30,The Dana Carvey Show,//en.wikipedia.org/wiki/The_Dana_Carvey_Show,ABC,11.2,10046.0,35,comedy,Comics offer their takes on controversial subjects.
1996,2,Seinfeld,//en.wikipedia.org/wiki/Seinfeld,NBC,20.5,1400.0,35,comedy,A stand-up comedian and his three offbeat friends weather the pitfalls and payoffs of life in New York City in the '90s. It's a show about nothing.
1996,3,Suddenly Susan,//en.wikipedia.org/wiki/Suddenly_Susan,NBC,17.0,1076.0,35,comedy,"Susan Keane is a glamorous San Francisco magazine writer beginning to adjust to being single, who learns to be independent-minded, after being taken care of all her life."
1996,4,Friends,//en.wikipedia.org/wiki/Friends,NBC,16.8,1668.0,35,comedy,"Six young people from New York City, on their own and struggling to survive in the real world, find the companionship, comfort and support they get from each other to be the perfect antidote to the pressures of life."
1996,4,The Naked Truth,//en.wikipedia.org/wiki/The_Naked_Truth_(TV_series),NBC,16.8,11894.0,35,comedy,"The Naked Truth is an American sitcom broadcast on ABC from 1995 to 1996, and on NBC from 1996 to 1998. The series stars Téa Leoni and Holland Taylor.

After a messy divorce with her very rich and powerful husband, Nora Wilde refuses to accept his offer of $1.8 million and tries to make it on her own. Being a Pulitzer nominated photographer, the only place that even considers hiring her is sleazy tabloid The Comet. She's forced to accept and starts as a regular papparazzo."
1996,6,Fired Up,//en.wikipedia.org/wiki/Fired_Up_(TV_series),NBC,16.5,10325.0,35,comedy,"Fired Up is a short-lived 1997–1998 situation comedy airing on NBC. It lasted for two seasons and 28 episodes. The series, the first from Grammnet Productions, starred Sharon Lawrence and Leah Remini. The series was about a self-centered promotions executive and her mouthy assistant. The pair got fired from their jobs, and instead of getting other jobs, they teamed up to create a business as equal partners."
1996,8,The Single Guy,//en.wikipedia.org/wiki/The_Single_Guy,NBC,14.1,2036.0,35,comedy,
1996,9,Home Improvement,//en.wikipedia.org/wiki/Home_Improvement_(TV_series),ABC,14.0,1558.0,35,comedy,"The daily trials and tribulations of handyman Tim Taylor, a TV show host raising three boys with help from his loyal co-host, domineering wife, and unseen neighbor."
1996,16,Frasier,//en.wikipedia.org/wiki/Frasier,NBC,11.8,3452.0,"35,10751",comedy,"After many years spent at the “Cheers” bar, Frasier moves back home to Seattle to work as a radio psychiatrist after his policeman father gets shot in the hip on duty."
1996,17,Spin City,//en.wikipedia.org/wiki/Spin_City,ABC,11.7,2359.0,"35,18",comedy,"Workaholic Mike Flaherty is the Deputy Mayor of New York City, serving as Mayor Randall Winston's key strategist and much-needed handler. Mike runs the city with the help of his oddball staff: an anxious and insecure press secretary; a sexist, boorish chief of staff; an impeccably groomed gay activist running minority affairs; a sharp and efficient, man-crazy accountant; and an idealistic young speechwriter. Like Mike, they are all professionally capable but personally challenged."
1996,18,The Drew Carey Show,//en.wikipedia.org/wiki/The_Drew_Carey_Show,ABC,11.5,97.0,35,comedy,"Drew is an assistant director of personnel in a Cleveland department store and he has been stuck there for ten years. Other than fighting with co-worker Mimi, his hobbies include drinking beer and not being able to get dates. To make a few extra bucks he has a micro-brewery going in his garage with his buddies."
1996,21,Cosby,//en.wikipedia.org/wiki/Cosby_(TV_series),CBS,11.2,1759.0,"35,10751",comedy,"The Cosby Show is an American television situation comedy starring Bill Cosby, which aired for eight seasons on NBC from September 20, 1984 until April 30, 1992. The show focuses on the Huxtable family, an upper middle-class African-American family living in Brooklyn, New York."
1996,23,Mad About You,//en.wikipedia.org/wiki/Mad_About_You,NBC,11.0,500.0,35,comedy,"Young, urban newlyweds Paul and Jamie Buchman try to sustain their marital bliss while sidestepping the hurdles of love in the '90s."
1996,23,Caroline in the City,//en.wikipedia.org/wiki/Caroline_in_the_City,NBC,11.0,1850.0,"35,18,16",comedy,Caroline Duffy is a successful cartoonist in Manhattan whose eclectic friends are sometimes the subjects of her comic strip.
1996,27,3rd Rock from the Sun,//en.wikipedia.org/wiki/3rd_Rock_from_the_Sun,NBC,10.8,155.0,"10751,10765,35,18",comedy,"The high commander of an alien expedition lands on Earth -- what he considers to be the least-important planet -- in human form as Dick Solomon. Along for the ride are his alien compatriots Harry, Sally and Tommy -- who is the eldest of the group but is now angrily trapped in a teen's body."
1996,29,Ellen,//en.wikipedia.org/wiki/Ellen_(TV_series),ABC,10.6,271.0,35,comedy,"Ellen works in a Los Angeles bookstore called Buy the Book and hangs around with her friends discussing lovers, work and family."
1996,30,Cybill,//en.wikipedia.org/wiki/Cybill,CBS,10.5,2702.0,35,comedy,"Cybill is an American television sitcom created by Chuck Lorre, which aired on CBS from January 2, 1995, to July 13, 1998. Starring, Cybill Shepherd, the show revolves around the life of Cybill Sheridan, a twice-divorced single mother of two and struggling actress in her 40s, who has never gotten her big show business break."
1997,1,Seinfeld,//en.wikipedia.org/wiki/Seinfeld,NBC,21.7,1400.0,35,comedy,A stand-up comedian and his three offbeat friends weather the pitfalls and payoffs of life in New York City in the '90s. It's a show about nothing.
1997,3,Veronica's Closet,//en.wikipedia.org/wiki/Veronica's_Closet,NBC,16.6,603.0,35,comedy,"Veronica 'Ronnie' Chase is the 'Queen of Romance.' Founder of a successful lingerie empire, and best-selling author of self-help romance books, Ronnie has it all ... money, success, sex appeal and a philandering husband. How she will find true happiness without jeopardizing her business will be her biggest challenge yet. "
1997,4,Friends,//en.wikipedia.org/wiki/Friends,NBC,16.1,1668.0,35,comedy,"Six young people from New York City, on their own and struggling to survive in the real world, find the companionship, comfort and support they get from each other to be the perfect antidote to the pressures of life."
1997,8,Union Square,//en.wikipedia.org/wiki/Union_Square_(TV_series),NBC,13.6,11986.0,35,comedy,A lawyer-turned-playwright in New York City attempts to gain inspiration from a host of characters populating the fictitious Union Square cafe in Manhattan.
1997,10,Home Improvement,//en.wikipedia.org/wiki/Home_Improvement_(TV_series),ABC,12.0,1558.0,35,comedy,"The daily trials and tribulations of handyman Tim Taylor, a TV show host raising three boys with help from his loyal co-host, domineering wife, and unseen neighbor."
1997,10,Frasier,//en.wikipedia.org/wiki/Frasier,NBC,12.0,3452.0,"35,10751",comedy,"After many years spent at the “Cheers” bar, Frasier moves back home to Seattle to work as a radio psychiatrist after his policeman father gets shot in the hip on duty."
1997,12,Just Shoot Me!,//en.wikipedia.org/wiki/Just_Shoot_Me!,NBC,11.9,4576.0,35,comedy,"See the inner workings of a high-style magazine owned by Jack Gallo, who has hired his quick-tempered but talented daughter, Maya, to write for the publication. Challenging her at every turn is Nina, a vain and superficial former model. Then there's photographer Elliot, a man who is very popular with his portrait subjects as well as other women. completing the core staff is her father's assistant, Dennis, a glorified secretary who is generally disrespectful to one and all."
1997,15,The Drew Carey Show,//en.wikipedia.org/wiki/The_Drew_Carey_Show,ABC,11.1,97.0,35,comedy,"Drew is an assistant director of personnel in a Cleveland department store and he has been stuck there for ten years. Other than fighting with co-worker Mimi, his hobbies include drinking beer and not being able to get dates. To make a few extra bucks he has a micro-brewery going in his garage with his buddies."
1997,23,Mad About You,//en.wikipedia.org/wiki/Mad_About_You,NBC,9.7,500.0,35,comedy,"Young, urban newlyweds Paul and Jamie Buchman try to sustain their marital bliss while sidestepping the hurdles of love in the '90s."
1997,23,King of the Hill,//en.wikipedia.org/wiki/King_of_the_Hill,FOX,9.7,2122.0,"16,35,10751",comedy,"Set in Texas, this animated series follows the life of propane salesman Hank Hill, who lives with his overly confident substitute Spanish teacher wife Peggy, wannabe comedian son Bobby, and naive niece Luanne. Hank has conservative views about God, family, and country, but his values and ethics are often challenged by the situations he, his family, and his beer-drinking neighbors/buddies find themselves in."
1997,25,Cosby,//en.wikipedia.org/wiki/Cosby_(TV_series),CBS,9.5,1759.0,"35,10751",comedy,"The Cosby Show is an American television situation comedy starring Bill Cosby, which aired for eight seasons on NBC from September 20, 1984 until April 30, 1992. The show focuses on the Huxtable family, an upper middle-class African-American family living in Brooklyn, New York."
1997,25,Dharma & Greg,//en.wikipedia.org/wiki/Dharma_&_Greg,ABC,9.5,3461.0,35,comedy,"Dharma & Greg is an American television sitcom that aired from September 24, 1997, to April 30, 2002.

It stars Jenna Elfman and Thomas Gibson as Dharma and Greg Montgomery, a couple who got married on their first date despite being complete opposites. The series is co-produced by Chuck Lorre Productions, More-Medavoy Productions and 4 to 6 Foot Productions in association with 20th Century Fox Television for ABC. The show's theme song was written and performed by composer Dennis C. Brown.

Created by executive producers Dottie Dartland and Chuck Lorre, the comedy took much of its inspiration from so-called culture-clash ""fish out of water"" situations. The show earned eight Golden Globe nominations, six Emmy Award nominations, and six Satellite Awards nominations. Elfman earned a Golden Globe in 1999 for Best Actress."
1997,30,The Simpsons,//en.wikipedia.org/wiki/The_Simpsons,FOX,9.2,456.0,"10751,16,35",comedy,"Set in Springfield, the average American town, the show focuses on the antics and everyday adventures of the Simpson family; Homer, Marge, Bart, Lisa and Maggie, as well as a virtual cast of thousands. Since the beginning, the series has been a pop culture icon, attracting hundreds of celebrities to guest star. The show has also made name for itself in its fearless satirical take on politics, media and American life in general."
1997,30,Everybody Loves Raymond,//en.wikipedia.org/wiki/Everybody_Loves_Raymond,CBS,9.2,2140.0,35,comedy,"Ray Barone is a successful sportswriter living on Long Island with his wife Debra, daughter Ally, and twin sons, Geoffrey and Michael. Ray's meddling parents, Frank and Marie, and brother, Robert, live directly across the street."
1998,2,Friends,//en.wikipedia.org/wiki/Friends,NBC,15.7,1668.0,35,comedy,"Six young people from New York City, on their own and struggling to survive in the real world, find the companionship, comfort and support they get from each other to be the perfect antidote to the pressures of life."
1998,3,Frasier,//en.wikipedia.org/wiki/Frasier,NBC,15.6,3452.0,"35,10751",comedy,"After many years spent at the “Cheers” bar, Frasier moves back home to Seattle to work as a radio psychiatrist after his policeman father gets shot in the hip on duty."
1998,5,Veronica's Closet,//en.wikipedia.org/wiki/Veronica's_Closet,NBC,13.7,603.0,35,comedy,"Veronica 'Ronnie' Chase is the 'Queen of Romance.' Founder of a successful lingerie empire, and best-selling author of self-help romance books, Ronnie has it all ... money, success, sex appeal and a philandering husband. How she will find true happiness without jeopardizing her business will be her biggest challenge yet. "
1998,5,Jesse,//en.wikipedia.org/wiki/Jesse_(TV_series),NBC,13.7,4522.0,35,comedy,"Jesse Warner is a 26-year-old single mother juggling between her job, her dreams and her family responsibilities."
1998,10,Home Improvement,//en.wikipedia.org/wiki/Home_Improvement_(TV_series),ABC,11.0,1558.0,35,comedy,"The daily trials and tribulations of handyman Tim Taylor, a TV show host raising three boys with help from his loyal co-host, domineering wife, and unseen neighbor."
1998,11,Everybody Loves Raymond,//en.wikipedia.org/wiki/Everybody_Loves_Raymond,CBS,10.6,2140.0,35,comedy,"Ray Barone is a successful sportswriter living on Long Island with his wife Debra, daughter Ally, and twin sons, Geoffrey and Michael. Ray's meddling parents, Frank and Marie, and brother, Robert, live directly across the street."
1998,14,The Drew Carey Show,//en.wikipedia.org/wiki/The_Drew_Carey_Show,ABC,9.9,97.0,35,comedy,"Drew is an assistant director of personnel in a Cleveland department store and he has been stuck there for ten years. Other than fighting with co-worker Mimi, his hobbies include drinking beer and not being able to get dates. To make a few extra bucks he has a micro-brewery going in his garage with his buddies."
1998,19,Becker,//en.wikipedia.org/wiki/Becker_(TV_series),CBS,9.7,4477.0,35,comedy,"Becker is a dedicated, outspoken and talented doctor with a gruff exterior. While he tends to offend those who try to get close to him, he is extremely dedicated to his medical practice in the Bronx, N.Y., where he always goes the extra mile to help those in need. But Dr. John Becker looks at the world around him and sees a society gone mad, full of incongruities and just plain wrong thinking. And he has no qualms about saying anything that comes to mind – anything."
1998,23,Ally McBeal,//en.wikipedia.org/wiki/Ally_McBeal,FOX,9.6,1480.0,"18,35",comedy,"Ally McBeal is a young lawyer working at the Boston law firm Cage and Fish.  Ally's lives and loves are eccentric, humorous, dramatic with an incredibly overactive imagination that's working overtime!"
1998,24,Dharma & Greg,//en.wikipedia.org/wiki/Dharma_&_Greg,ABC,9.3,3461.0,35,comedy,"Dharma & Greg is an American television sitcom that aired from September 24, 1997, to April 30, 2002.

It stars Jenna Elfman and Thomas Gibson as Dharma and Greg Montgomery, a couple who got married on their first date despite being complete opposites. The series is co-produced by Chuck Lorre Productions, More-Medavoy Productions and 4 to 6 Foot Productions in association with 20th Century Fox Television for ABC. The show's theme song was written and performed by composer Dennis C. Brown.

Created by executive producers Dottie Dartland and Chuck Lorre, the comedy took much of its inspiration from so-called culture-clash ""fish out of water"" situations. The show earned eight Golden Globe nominations, six Emmy Award nominations, and six Satellite Awards nominations. Elfman earned a Golden Globe in 1999 for Best Actress."
1998,25,Spin City,//en.wikipedia.org/wiki/Spin_City,ABC,9.2,2359.0,"35,18",comedy,"Workaholic Mike Flaherty is the Deputy Mayor of New York City, serving as Mayor Randall Winston's key strategist and much-needed handler. Mike runs the city with the help of his oddball staff: an anxious and insecure press secretary; a sexist, boorish chief of staff; an impeccably groomed gay activist running minority affairs; a sharp and efficient, man-crazy accountant; and an idealistic young speechwriter. Like Mike, they are all professionally capable but personally challenged."
1999,5,Friends,//en.wikipedia.org/wiki/Friends,NBC,14.0,1668.0,35,comedy,"Six young people from New York City, on their own and struggling to survive in the real world, find the companionship, comfort and support they get from each other to be the perfect antidote to the pressures of life."
1999,6,Frasier,//en.wikipedia.org/wiki/Frasier,NBC,13.6,3452.0,"35,10751",comedy,"After many years spent at the “Cheers” bar, Frasier moves back home to Seattle to work as a radio psychiatrist after his policeman father gets shot in the hip on duty."
1999,12,Everybody Loves Raymond,//en.wikipedia.org/wiki/Everybody_Loves_Raymond,CBS,11.4,2140.0,35,comedy,"Ray Barone is a successful sportswriter living on Long Island with his wife Debra, daughter Ally, and twin sons, Geoffrey and Michael. Ray's meddling parents, Frank and Marie, and brother, Robert, live directly across the street."
1999,13,Jesse,//en.wikipedia.org/wiki/Jesse_(TV_series),NBC,11.3,4522.0,35,comedy,"Jesse Warner is a 26-year-old single mother juggling between her job, her dreams and her family responsibilities."
1999,15,Stark Raving Mad,//en.wikipedia.org/wiki/Stark_Raving_Mad_(TV_series),NBC,10.7,353.0,35,comedy,A neurotic book editor is paired with an eccentric writer.  The series stars Tony Shalhoub and Neil Patrick Harris.
1999,17,Dharma & Greg,//en.wikipedia.org/wiki/Dharma_&_Greg,ABC,10.5,3461.0,35,comedy,"Dharma & Greg is an American television sitcom that aired from September 24, 1997, to April 30, 2002.

It stars Jenna Elfman and Thomas Gibson as Dharma and Greg Montgomery, a couple who got married on their first date despite being complete opposites. The series is co-produced by Chuck Lorre Productions, More-Medavoy Productions and 4 to 6 Foot Productions in association with 20th Century Fox Television for ABC. The show's theme song was written and performed by composer Dennis C. Brown.

Created by executive producers Dottie Dartland and Chuck Lorre, the comedy took much of its inspiration from so-called culture-clash ""fish out of water"" situations. The show earned eight Golden Globe nominations, six Emmy Award nominations, and six Satellite Awards nominations. Elfman earned a Golden Globe in 1999 for Best Actress."
1999,18,Becker,//en.wikipedia.org/wiki/Becker_(TV_series),CBS,10.4,4477.0,35,comedy,"Becker is a dedicated, outspoken and talented doctor with a gruff exterior. While he tends to offend those who try to get close to him, he is extremely dedicated to his medical practice in the Bronx, N.Y., where he always goes the extra mile to help those in need. But Dr. John Becker looks at the world around him and sees a society gone mad, full of incongruities and just plain wrong thinking. And he has no qualms about saying anything that comes to mind – anything."
1999,21,The Drew Carey Show,//en.wikipedia.org/wiki/The_Drew_Carey_Show,ABC,9.5,97.0,35,comedy,"Drew is an assistant director of personnel in a Cleveland department store and he has been stuck there for ten years. Other than fighting with co-worker Mimi, his hobbies include drinking beer and not being able to get dates. To make a few extra bucks he has a micro-brewery going in his garage with his buddies."
1999,24,Spin City,//en.wikipedia.org/wiki/Spin_City,ABC,9.1,2359.0,"35,18",comedy,"Workaholic Mike Flaherty is the Deputy Mayor of New York City, serving as Mayor Randall Winston's key strategist and much-needed handler. Mike runs the city with the help of his oddball staff: an anxious and insecure press secretary; a sexist, boorish chief of staff; an impeccably groomed gay activist running minority affairs; a sharp and efficient, man-crazy accountant; and an idealistic young speechwriter. Like Mike, they are all professionally capable but personally challenged."
1999,27,Family Law,//en.wikipedia.org/wiki/Family_Law_(American_TV_series),CBS,9.0,9877.0,"18,35,80",comedy,"Family attorney and mom, Lynn Holt, has had to scramble to keep her family and her law firm together, since her husband left her and took most of their joint law practice with him. Although the attorneys are carting plenty of life's baggage, they're all determined to make the most of this unexpected second chance—and make each month's mortgage payment."
1999,28,Malcolm in the Middle,//en.wikipedia.org/wiki/Malcolm_in_the_Middle,FOX,8.9,2004.0,35,comedy,"A gifted young teen tries to survive life with his dimwitted, dysfunctional family."
2000,5,Friends,//en.wikipedia.org/wiki/Friends,NBC,12.6,1668.0,35,comedy,"Six young people from New York City, on their own and struggling to survive in the real world, find the companionship, comfort and support they get from each other to be the perfect antidote to the pressures of life."
2000,5,Everybody Loves Raymond,//en.wikipedia.org/wiki/Everybody_Loves_Raymond,CBS,12.6,2140.0,35,comedy,"Ray Barone is a successful sportswriter living on Long Island with his wife Debra, daughter Ally, and twin sons, Geoffrey and Michael. Ray's meddling parents, Frank and Marie, and brother, Robert, live directly across the street."
2000,14,Will & Grace,//en.wikipedia.org/wiki/Will_&_Grace,NBC,11.3,4454.0,35,comedy,"Will Truman and Grace Adler are best friends living in New York, and when Grace's engagement falls apart, she moves in with Will. Together, along with their friends, they go through the trials of dating, sex, relationships and their careers, butting heads at times but ultimately supporting one another while exchanging plenty of witty banter along the way."
2000,16,Becker,//en.wikipedia.org/wiki/Becker_(TV_series),CBS,10.9,4477.0,35,comedy,"Becker is a dedicated, outspoken and talented doctor with a gruff exterior. While he tends to offend those who try to get close to him, he is extremely dedicated to his medical practice in the Bronx, N.Y., where he always goes the extra mile to help those in need. But Dr. John Becker looks at the world around him and sees a society gone mad, full of incongruities and just plain wrong thinking. And he has no qualms about saying anything that comes to mind – anything."
2000,17,Frasier,//en.wikipedia.org/wiki/Frasier,NBC,10.7,3452.0,"35,10751",comedy,"After many years spent at the “Cheers” bar, Frasier moves back home to Seattle to work as a radio psychiatrist after his policeman father gets shot in the hip on duty."
2000,20,Just Shoot Me!,//en.wikipedia.org/wiki/Just_Shoot_Me!,NBC,10.4,4576.0,35,comedy,"See the inner workings of a high-style magazine owned by Jack Gallo, who has hired his quick-tempered but talented daughter, Maya, to write for the publication. Challenging her at every turn is Nina, a vain and superficial former model. Then there's photographer Elliot, a man who is very popular with his portrait subjects as well as other women. completing the core staff is her father's assistant, Dennis, a glorified secretary who is generally disrespectful to one and all."
2000,22,Cursed/The Weber Show,//en.wikipedia.org/wiki/Cursed_(2000_TV_series),NBC,9.7,25796.0,35,comedy,"Cursed, later renamed The Weber Show, is an American sitcom that ran on NBC from 2000–2001. It starred Steven Weber, Amy Pietz, Wendell Pierce, and Chris Elliot.

The show is notable for having an abrupt title change in the middle of its first season. The initial premise was that its protagonist had been cursed by an ex-girlfriend and thus constantly encountered bad luck. The show failed to find an audience, and so midway through the season the entire ""bad luck"" angle was abruptly dropped. The show was revamped as a more traditional sitcom and renamed The Weber Show. In spite of the change, the show still struggled and was canceled at the end of the season, leaving a cliffhanger unresolved. The show's theme song was written and performed by Liz Phair."
2000,27,The King of Queens,//en.wikipedia.org/wiki/The_King_of_Queens,CBS,8.9,4238.0,35,comedy,"Life’s good for deliveryman Doug Heffernan, until his newly widowed father-in-law, Arthur, moves in with him and his wife Carrie. Doug is no longer the king of his domain, and instead of having a big screen television in his recently renovated basement, he now has a crazy old man."
2000,28,"Yes, Dear","//en.wikipedia.org/wiki/Yes,_Dear",CBS,8.7,4599.0,35,comedy,"A comedy about two young couples and their outrageously contrasting views on parenting. Greg and Kim Warner struggle on a daily basis to become perfect at the job. Kim is a neurotic, stay-at-home mother, and although her husband, Greg, is a success in his career, his more difficult job is keeping his wife calm as they raise their two young children. While Kim is determined to be the perfect mother and perfect wife and to raise the perfect children, her sister, Christine Hughes, a very down-to-earth mother of two, continually reminds her that life will never be perfect. Christine's husband, Jimmy, often feels compelled to share with his brother-in-law his philosophy about being a husband and a parent while still remaining a man."
2000,29,Family Law,//en.wikipedia.org/wiki/Family_Law_(American_TV_series),CBS,8.6,9877.0,"18,35,80",comedy,"Family attorney and mom, Lynn Holt, has had to scramble to keep her family and her law firm together, since her husband left her and took most of their joint law practice with him. Although the attorneys are carting plenty of life's baggage, they're all determined to make the most of this unexpected second chance—and make each month's mortgage payment."
2001,1,Friends,//en.wikipedia.org/wiki/Friends,NBC,15.0,1668.0,35,comedy,"Six young people from New York City, on their own and struggling to survive in the real world, find the companionship, comfort and support they get from each other to be the perfect antidote to the pressures of life."
2001,4,Everybody Loves Raymond,//en.wikipedia.org/wiki/Everybody_Loves_Raymond,CBS,12.8,2140.0,35,comedy,"Ray Barone is a successful sportswriter living on Long Island with his wife Debra, daughter Ally, and twin sons, Geoffrey and Michael. Ray's meddling parents, Frank and Marie, and brother, Robert, live directly across the street."
2001,9,Will & Grace,//en.wikipedia.org/wiki/Will_&_Grace,NBC,11.0,4454.0,35,comedy,"Will Truman and Grace Adler are best friends living in New York, and when Grace's engagement falls apart, she moves in with Will. Together, along with their friends, they go through the trials of dating, sex, relationships and their careers, butting heads at times but ultimately supporting one another while exchanging plenty of witty banter along the way."
2001,9,Leap of Faith,//en.wikipedia.org/wiki/Leap_of_Faith_(TV_series),NBC,11.0,10116.0,35,comedy,"Leap of Faith is a half-hour single-camera comedy that aired on NBC in early 2002, right after Friends on NBC's Thursday comedy block at 8:30 PM EST, as part of Must See TV. One of the highest rated shows to be cancelled, the series ended after just six episodes, despite ranking 12th for the season and having an average of 16.5 million viewers per episode."
2001,11,Becker,//en.wikipedia.org/wiki/Becker_(TV_series),CBS,10.7,4477.0,35,comedy,"Becker is a dedicated, outspoken and talented doctor with a gruff exterior. While he tends to offend those who try to get close to him, he is extremely dedicated to his medical practice in the Bronx, N.Y., where he always goes the extra mile to help those in need. But Dr. John Becker looks at the world around him and sees a society gone mad, full of incongruities and just plain wrong thinking. And he has no qualms about saying anything that comes to mind – anything."
2001,14,Frasier,//en.wikipedia.org/wiki/Frasier,NBC,9.9,3452.0,"35,10751",comedy,"After many years spent at the “Cheers” bar, Frasier moves back home to Seattle to work as a radio psychiatrist after his policeman father gets shot in the hip on duty."
2001,16,Inside Schwartz,//en.wikipedia.org/wiki/Inside_Schwartz,NBC,9.8,8423.0,35,comedy,Inside Schwartz is an American sitcom starring Breckin Meyer as the titular character. The show was produced by 20th Century Fox Television and National Broadcasting Company and first aired on NBC on Thursday Night at 8:30 EST.
2001,18,Just Shoot Me!,//en.wikipedia.org/wiki/Just_Shoot_Me!,NBC,9.3,4576.0,35,comedy,"See the inner workings of a high-style magazine owned by Jack Gallo, who has hired his quick-tempered but talented daughter, Maya, to write for the publication. Challenging her at every turn is Nina, a vain and superficial former model. Then there's photographer Elliot, a man who is very popular with his portrait subjects as well as other women. completing the core staff is her father's assistant, Dennis, a glorified secretary who is generally disrespectful to one and all."
2001,19,The King of Queens,//en.wikipedia.org/wiki/The_King_of_Queens,CBS,8.9,4238.0,35,comedy,"Life’s good for deliveryman Doug Heffernan, until his newly widowed father-in-law, Arthur, moves in with him and his wife Carrie. Doug is no longer the king of his domain, and instead of having a big screen television in his recently renovated basement, he now has a crazy old man."
2001,20,"Yes, Dear","//en.wikipedia.org/wiki/Yes,_Dear",CBS,8.8,4599.0,35,comedy,"A comedy about two young couples and their outrageously contrasting views on parenting. Greg and Kim Warner struggle on a daily basis to become perfect at the job. Kim is a neurotic, stay-at-home mother, and although her husband, Greg, is a success in his career, his more difficult job is keeping his wife calm as they raise their two young children. While Kim is determined to be the perfect mother and perfect wife and to raise the perfect children, her sister, Christine Hughes, a very down-to-earth mother of two, continually reminds her that life will never be perfect. Christine's husband, Jimmy, often feels compelled to share with his brother-in-law his philosophy about being a husband and a parent while still remaining a man."
2001,25,Baby Bob,//en.wikipedia.org/wiki/Baby_Bob,CBS,8.1,10212.0,"35,10751",comedy,"Baby Bob is an American sitcom that aired on CBS as a midseason replacement in March 2002. The Baby Bob character had previously been on television since February 2000, appearing in commercials for FreeInternet.com. While actual infants played Bob, the effect to make him look like he was talking was achieved through computer editing."
2001,30,Family Law,//en.wikipedia.org/wiki/Family_Law_(American_TV_series),CBS,7.7,9877.0,"18,35,80",comedy,"Family attorney and mom, Lynn Holt, has had to scramble to keep her family and her law firm together, since her husband left her and took most of their joint law practice with him. Although the attorneys are carting plenty of life's baggage, they're all determined to make the most of this unexpected second chance—and make each month's mortgage payment."
2002,2,Friends,//en.wikipedia.org/wiki/Friends,NBC,13.9,1668.0,35,comedy,"Six young people from New York City, on their own and struggling to survive in the real world, find the companionship, comfort and support they get from each other to be the perfect antidote to the pressures of life."
2002,7,Everybody Loves Raymond,//en.wikipedia.org/wiki/Everybody_Loves_Raymond,CBS,11.9,2140.0,35,comedy,"Ray Barone is a successful sportswriter living on Long Island with his wife Debra, daughter Ally, and twin sons, Geoffrey and Michael. Ray's meddling parents, Frank and Marie, and brother, Robert, live directly across the street."
2002,11,Will & Grace,//en.wikipedia.org/wiki/Will_&_Grace,NBC,11.0,4454.0,35,comedy,"Will Truman and Grace Adler are best friends living in New York, and when Grace's engagement falls apart, she moves in with Will. Together, along with their friends, they go through the trials of dating, sex, relationships and their careers, butting heads at times but ultimately supporting one another while exchanging plenty of witty banter along the way."
2002,13,Scrubs,//en.wikipedia.org/wiki/Scrubs_(TV_series),NBC,10.3,4556.0,35,comedy,"In the unreal world of Sacred Heart Hospital, John ""J.D."" Dorian learns the ways of medicine, friendship and life."
2002,19,Still Standing,//en.wikipedia.org/wiki/Still_Standing_(American_TV_series),CBS,9.4,402.0,35,comedy,"After 18 years of marriage, high school sweethearts Bill and Judy Miller still make each other laugh and try to keep their marriage intact, even when their family pulls them in different directions. Since Bill has a far more immature approach to marriage and raising their three children than Judy does, they work at striking a balance and remembering why they love each other, quirks and all."
2002,23,"Good Morning, Miami","//en.wikipedia.org/wiki/Good_Morning,_Miami",NBC,8.7,2512.0,35,comedy,"A talented young TV producer arrives in Miami to revamp the lowest-rated morning show in the country. Jake Silver risks taking the job when he sets eyes on the show's beautiful, down-to-earth hair stylist Dylan, who wows him like nobody before – and presents a romantic challenge."
2002,24,"Yes, Dear","//en.wikipedia.org/wiki/Yes,_Dear",CBS,8.6,4599.0,35,comedy,"A comedy about two young couples and their outrageously contrasting views on parenting. Greg and Kim Warner struggle on a daily basis to become perfect at the job. Kim is a neurotic, stay-at-home mother, and although her husband, Greg, is a success in his career, his more difficult job is keeping his wife calm as they raise their two young children. While Kim is determined to be the perfect mother and perfect wife and to raise the perfect children, her sister, Christine Hughes, a very down-to-earth mother of two, continually reminds her that life will never be perfect. Christine's husband, Jimmy, often feels compelled to share with his brother-in-law his philosophy about being a husband and a parent while still remaining a man."
2002,25,The King of Queens,//en.wikipedia.org/wiki/The_King_of_Queens,CBS,8.5,4238.0,35,comedy,"Life’s good for deliveryman Doug Heffernan, until his newly widowed father-in-law, Arthur, moves in with him and his wife Carrie. Doug is no longer the king of his domain, and instead of having a big screen television in his recently renovated basement, he now has a crazy old man."
2002,26,Frasier,//en.wikipedia.org/wiki/Frasier,NBC,8.4,3452.0,"35,10751",comedy,"After many years spent at the “Cheers” bar, Frasier moves back home to Seattle to work as a radio psychiatrist after his policeman father gets shot in the hip on duty."
2002,28,My Big Fat Greek Life,//en.wikipedia.org/wiki/My_Big_Fat_Greek_Life,CBS,8.0,6587.0,35,comedy,"From an early age, Nia is mortified by her old-fashioned Greek family's patriotic, over-the-top ways. But, when she falls in love and marries a non-Greek teacher, Thomas Miller, her family eventually learns to accept him and Nia learns to accept her family's meddlesome ways. As Nia and Thomas return from their honeymoon to begin their new life together, they find that this new life includes her overzealous, extended family."
2003,4,Friends,//en.wikipedia.org/wiki/Friends,NBC,13.6,1668.0,35,comedy,"Six young people from New York City, on their own and struggling to survive in the real world, find the companionship, comfort and support they get from each other to be the perfect antidote to the pressures of life."
2003,9,Everybody Loves Raymond,//en.wikipedia.org/wiki/Everybody_Loves_Raymond,CBS,11.2,2140.0,35,comedy,"Ray Barone is a successful sportswriter living on Long Island with his wife Debra, daughter Ally, and twin sons, Geoffrey and Michael. Ray's meddling parents, Frank and Marie, and brother, Robert, live directly across the street."
2003,13,Will & Grace,//en.wikipedia.org/wiki/Will_&_Grace,NBC,10.4,4454.0,35,comedy,"Will Truman and Grace Adler are best friends living in New York, and when Grace's engagement falls apart, she moves in with Will. Together, along with their friends, they go through the trials of dating, sex, relationships and their careers, butting heads at times but ultimately supporting one another while exchanging plenty of witty banter along the way."
2003,14,Two and a Half Men,//en.wikipedia.org/wiki/Two_and_a_Half_Men,CBS,9.9,2691.0,35,comedy,A hedonistic jingle writer's free-wheeling life comes to an abrupt halt when his brother and 10-year-old nephew move into his beach-front house.
2003,26,Still Standing,//en.wikipedia.org/wiki/Still_Standing_(American_TV_series),CBS,7.7,402.0,35,comedy,"After 18 years of marriage, high school sweethearts Bill and Judy Miller still make each other laugh and try to keep their marriage intact, even when their family pulls them in different directions. Since Bill has a far more immature approach to marriage and raising their three children than Judy does, they work at striking a balance and remembering why they love each other, quirks and all."
2003,30,Frasier,//en.wikipedia.org/wiki/Frasier,NBC,7.3,3452.0,"35,10751",comedy,"After many years spent at the “Cheers” bar, Frasier moves back home to Seattle to work as a radio psychiatrist after his policeman father gets shot in the hip on duty."
2003,30,The King of Queens,//en.wikipedia.org/wiki/The_King_of_Queens,CBS,7.3,4238.0,35,comedy,"Life’s good for deliveryman Doug Heffernan, until his newly widowed father-in-law, Arthur, moves in with him and his wife Carrie. Doug is no longer the king of his domain, and instead of having a big screen television in his recently renovated basement, he now has a crazy old man."
2004,4,Desperate Housewives,//en.wikipedia.org/wiki/Desperate_Housewives,ABC,14.5,693.0,"9648,18,35",comedy,"Looking down on her friends and family isn't a way of life for Mary Alice Young... it's a way of death. One day, in her perfect house, in the loveliest of suburbs, Mary Alice ended it all. Now she's taking us into the lives of her family, friends and neighbors, commenting from her elevated P.O.V."
2004,9,Everybody Loves Raymond,//en.wikipedia.org/wiki/Everybody_Loves_Raymond,CBS,11.2,2140.0,35,comedy,"Ray Barone is a successful sportswriter living on Long Island with his wife Debra, daughter Ally, and twin sons, Geoffrey and Michael. Ray's meddling parents, Frank and Marie, and brother, Robert, live directly across the street."
2004,11,Two and a Half Men,//en.wikipedia.org/wiki/Two_and_a_Half_Men,CBS,10.6,2691.0,35,comedy,A hedonistic jingle writer's free-wheeling life comes to an abrupt halt when his brother and 10-year-old nephew move into his beach-front house.
2004,24,Boston Legal,//en.wikipedia.org/wiki/Boston_Legal,ABC,8.1,4598.0,"35,18",comedy,Alan Shore and Denny Crane lead a brigade of high-priced civil litigators in an upscale Boston law firm in a series focusing on the professional and personal lives of brilliant but often emotionally challenged attorneys. A spin-off of long-running series The Practice.
2005,4,Desperate Housewives,//en.wikipedia.org/wiki/Desperate_Housewives,ABC,13.8,693.0,"9648,18,35",comedy,"Looking down on her friends and family isn't a way of life for Mary Alice Young... it's a way of death. One day, in her perfect house, in the loveliest of suburbs, Mary Alice ended it all. Now she's taking us into the lives of her family, friends and neighbors, commenting from her elevated P.O.V."
2005,13,Two and a Half Men,//en.wikipedia.org/wiki/Two_and_a_Half_Men,CBS,9.7,2691.0,35,comedy,A hedonistic jingle writer's free-wheeling life comes to an abrupt halt when his brother and 10-year-old nephew move into his beach-front house.
2005,25,The New Adventures of Old Christine,//en.wikipedia.org/wiki/The_New_Adventures_of_Old_Christine,CBS,8.3,4402.0,35,comedy,"Single working mom Christine Campbell has just learned that her ex is dating a much younger woman with the same first name. To avoid any confusion, the new girlfriend is dubbed New Christine, which leaves her with the unfortunate nickname Old Christine."
2005,30,Out of Practice,//en.wikipedia.org/wiki/Out_of_Practice,CBS,7.8,4474.0,35,comedy,Out of Practice is an American situation comedy.
2006,9,Desperate Housewives,//en.wikipedia.org/wiki/Desperate_Housewives,ABC,10.8,693.0,"9648,18,35",comedy,"Looking down on her friends and family isn't a way of life for Mary Alice Young... it's a way of death. One day, in her perfect house, in the loveliest of suburbs, Mary Alice ended it all. Now she's taking us into the lives of her family, friends and neighbors, commenting from her elevated P.O.V."
2006,14,Two and a Half Men,//en.wikipedia.org/wiki/Two_and_a_Half_Men,CBS,9.1,2691.0,35,comedy,A hedonistic jingle writer's free-wheeling life comes to an abrupt halt when his brother and 10-year-old nephew move into his beach-front house.
2006,25,Rules of Engagement,//en.wikipedia.org/wiki/Rules_of_Engagement_(TV_series),CBS,7.8,2755.0,35,comedy,"Rules of Engagement is a comedy about the different phases of male/female relationships, as seen through the eyes of a newly engaged couple, Adam and Jennifer, a long-time married pair, Jeff and Audrey, and a single guy on the prowl, Russell. As they find out, the often confusing stages of a relationship can seem like being on a roller coaster. People can describe the ride to you, but to really know what it's like you have to experience it for yourself."
2006,27,Ugly Betty,//en.wikipedia.org/wiki/Ugly_Betty,ABC,7.4,4626.0,"35,18",comedy,"Wannabe writer Betty Suarez is a plain girl from Queens, who is smart, hardworking and savvy but lacks a fashionable sense of style. When publishing mogul Bradford Meade puts his son Daniel in charge of Mode magazine, he hires Betty to be Daniel's new assistant -- mostly because he knows that she may be the only woman in Manhattan with whom the younger man won't sleep."
2006,30,The King of Queens,//en.wikipedia.org/wiki/The_King_of_Queens,CBS,7.3,4238.0,35,comedy,"Life’s good for deliveryman Doug Heffernan, until his newly widowed father-in-law, Arthur, moves in with him and his wife Carrie. Doug is no longer the king of his domain, and instead of having a big screen television in his recently renovated basement, he now has a crazy old man."
2007,6,Desperate Housewives,//en.wikipedia.org/wiki/Desperate_Housewives,ABC,11.6,693.0,"9648,18,35",comedy,"Looking down on her friends and family isn't a way of life for Mary Alice Young... it's a way of death. One day, in her perfect house, in the loveliest of suburbs, Mary Alice ended it all. Now she's taking us into the lives of her family, friends and neighbors, commenting from her elevated P.O.V."
2007,15,Two and a Half Men,//en.wikipedia.org/wiki/Two_and_a_Half_Men,CBS,8.5,2691.0,35,comedy,A hedonistic jingle writer's free-wheeling life comes to an abrupt halt when his brother and 10-year-old nephew move into his beach-front house.
2007,19,Samantha Who?,//en.wikipedia.org/wiki/Samantha_Who%3F,ABC,8.0,2739.0,35,comedy,"Samantha Newly has been a bad, bad girl. But thanks to an 8-day coma, she can't remember a thing. Fortunately her best friend Andrea is by her side with a cocktail and the 4-1-1 on every dirty deed. But the more Sam pieces together her past, the less she likes her old self. Maybe this is a chance to start over and do it all again."
2008,9,Desperate Housewives,//en.wikipedia.org/wiki/Desperate_Housewives,ABC,9.9,693.0,"9648,18,35",comedy,"Looking down on her friends and family isn't a way of life for Mary Alice Young... it's a way of death. One day, in her perfect house, in the loveliest of suburbs, Mary Alice ended it all. Now she's taking us into the lives of her family, friends and neighbors, commenting from her elevated P.O.V."
2008,12,Two and a Half Men,//en.wikipedia.org/wiki/Two_and_a_Half_Men,CBS,9.1,2691.0,35,comedy,A hedonistic jingle writer's free-wheeling life comes to an abrupt halt when his brother and 10-year-old nephew move into his beach-front house.
2008,24,Rules of Engagement,//en.wikipedia.org/wiki/Rules_of_Engagement_(TV_series),CBS,7.1,2755.0,35,comedy,"Rules of Engagement is a comedy about the different phases of male/female relationships, as seen through the eyes of a newly engaged couple, Adam and Jennifer, a long-time married pair, Jeff and Audrey, and a single guy on the prowl, Russell. As they find out, the often confusing stages of a relationship can seem like being on a roller coaster. People can describe the ride to you, but to really know what it's like you have to experience it for yourself."
2009,8,Undercover Boss,//en.wikipedia.org/wiki/Undercover_Boss_(U.S._TV_series),CBS,9.8,33297.0,"10764,35",comedy,"Reality series that follows high-level executives as they slip anonymously into the rank-and-file of their own organizations. Each week, a different leader will sacrifice the comfort of their corner office for an undercover mission to examine the inner workings of their operation."
2009,12,Two and a Half Men,//en.wikipedia.org/wiki/Two_and_a_Half_Men,CBS,8.9,2691.0,35,comedy,A hedonistic jingle writer's free-wheeling life comes to an abrupt halt when his brother and 10-year-old nephew move into his beach-front house.
2009,13,Desperate Housewives,//en.wikipedia.org/wiki/Desperate_Housewives,ABC,8.8,693.0,"9648,18,35",comedy,"Looking down on her friends and family isn't a way of life for Mary Alice Young... it's a way of death. One day, in her perfect house, in the loveliest of suburbs, Mary Alice ended it all. Now she's taking us into the lives of her family, friends and neighbors, commenting from her elevated P.O.V."
2009,14,The Big Bang Theory,//en.wikipedia.org/wiki/The_Big_Bang_Theory,CBS,8.5,1418.0,35,comedy,Physicists Leonard and Sheldon find their nerd-centric social circle with pals Howard and Raj expanding when aspiring actress Penny moves in next door.
2010,9,Body of Proof,//en.wikipedia.org/wiki/Body_of_Proof,ABC,9.0,32708.0,"18,80,9648,35",comedy,"Dr. Megan Hunt was in a class of her own, a brilliant neurosurgeon at the top of her game. But her world is turned upside down when a devastating car accident puts an end to her time in the operating room. Megan resumes her career as a medical examiner, determined to solve the puzzle of who or what killed the victims."
2010,14,The Big Bang Theory,//en.wikipedia.org/wiki/The_Big_Bang_Theory,CBS,8.0,1418.0,35,comedy,Physicists Leonard and Sheldon find their nerd-centric social circle with pals Howard and Raj expanding when aspiring actress Penny moves in next door.
2010,16,Two and a Half Men,//en.wikipedia.org/wiki/Two_and_a_Half_Men,CBS,7.7,2691.0,35,comedy,A hedonistic jingle writer's free-wheeling life comes to an abrupt halt when his brother and 10-year-old nephew move into his beach-front house.
2010,17,Desperate Housewives,//en.wikipedia.org/wiki/Desperate_Housewives,ABC,7.5,693.0,"9648,18,35",comedy,"Looking down on her friends and family isn't a way of life for Mary Alice Young... it's a way of death. One day, in her perfect house, in the loveliest of suburbs, Mary Alice ended it all. Now she's taking us into the lives of her family, friends and neighbors, commenting from her elevated P.O.V."
2010,22,Harry's Law,//en.wikipedia.org/wiki/Harry's_Law,NBC,7.3,32697.0,"35,18",comedy,"Harriet, Matthew and Malcolm couldn't be any more different, but when they cross paths, they realize they're all looking for a fresh start. The most unlikely of people are starting a law practice in the most unlikely of places -- a rundown shoe store."
2010,25,Undercover Boss,//en.wikipedia.org/wiki/Undercover_Boss_(U.S._TV_series),CBS,7.1,33297.0,"10764,35",comedy,"Reality series that follows high-level executives as they slip anonymously into the rank-and-file of their own organizations. Each week, a different leader will sacrifice the comfort of their corner office for an undercover mission to examine the inner workings of their operation."
2010,25,Modern Family,//en.wikipedia.org/wiki/Modern_Family,ABC,7.1,1421.0,35,comedy,"The Pritchett-Dunphy-Tucker clan is a wonderfully large and blended family. They give us an honest and often hilarious look into the sometimes warm, sometimes twisted, embrace of the modern family."
2010,29,Mike & Molly,//en.wikipedia.org/wiki/Mike_&_Molly,CBS,6.9,32709.0,"35,18",comedy,A comedy about a working class Chicago couple who find love at an Overeaters Anonymous meeting.
2011,8,The Big Bang Theory,//en.wikipedia.org/wiki/The_Big_Bang_Theory,CBS,9.7,1418.0,35,comedy,Physicists Leonard and Sheldon find their nerd-centric social circle with pals Howard and Raj expanding when aspiring actress Penny moves in next door.
2011,11,Two and a Half Men,//en.wikipedia.org/wiki/Two_and_a_Half_Men,CBS,9.1,2691.0,35,comedy,A hedonistic jingle writer's free-wheeling life comes to an abrupt halt when his brother and 10-year-old nephew move into his beach-front house.
2011,15,Modern Family,//en.wikipedia.org/wiki/Modern_Family,ABC,8.1,1421.0,35,comedy,"The Pritchett-Dunphy-Tucker clan is a wonderfully large and blended family. They give us an honest and often hilarious look into the sometimes warm, sometimes twisted, embrace of the modern family."
2011,25,Mike & Molly,//en.wikipedia.org/wiki/Mike_&_Molly,CBS,7.2,32709.0,"35,18",comedy,A comedy about a working class Chicago couple who find love at an Overeaters Anonymous meeting.
2011,28,2 Broke Girls,//en.wikipedia.org/wiki/2_Broke_Girls,CBS,7.0,39340.0,35,comedy,"Comedy about the unlikely friendship that develops between two very different young women who meet waitressing at a diner in trendy Williamsburg, Brooklyn, and form a bond over one day owning their own successful cupcake business. Only one thing stands in their way – they’re broke."
2011,28,Desperate Housewives,//en.wikipedia.org/wiki/Desperate_Housewives,ABC,7.0,693.0,"9648,18,35",comedy,"Looking down on her friends and family isn't a way of life for Mary Alice Young... it's a way of death. One day, in her perfect house, in the loveliest of suburbs, Mary Alice ended it all. Now she's taking us into the lives of her family, friends and neighbors, commenting from her elevated P.O.V."
2012,3,The Big Bang Theory,//en.wikipedia.org/wiki/The_Big_Bang_Theory,CBS,11.6,1418.0,35,comedy,Physicists Leonard and Sheldon find their nerd-centric social circle with pals Howard and Raj expanding when aspiring actress Penny moves in next door.
2012,10,Two and a Half Men,//en.wikipedia.org/wiki/Two_and_a_Half_Men,CBS,8.7,2691.0,35,comedy,A hedonistic jingle writer's free-wheeling life comes to an abrupt halt when his brother and 10-year-old nephew move into his beach-front house.
2012,18,Modern Family,//en.wikipedia.org/wiki/Modern_Family,ABC,7.7,1421.0,35,comedy,"The Pritchett-Dunphy-Tucker clan is a wonderfully large and blended family. They give us an honest and often hilarious look into the sometimes warm, sometimes twisted, embrace of the modern family."
2012,23,Body of Proof,//en.wikipedia.org/wiki/Body_of_Proof,ABC,7.3,32708.0,"18,80,9648,35",comedy,"Dr. Megan Hunt was in a class of her own, a brilliant neurosurgeon at the top of her game. But her world is turned upside down when a devastating car accident puts an end to her time in the operating room. Megan resumes her career as a medical examiner, determined to solve the puzzle of who or what killed the victims."
2012,28,2 Broke Girls,//en.wikipedia.org/wiki/2_Broke_Girls,CBS,6.8,39340.0,35,comedy,"Comedy about the unlikely friendship that develops between two very different young women who meet waitressing at a diner in trendy Williamsburg, Brooklyn, and form a bond over one day owning their own successful cupcake business. Only one thing stands in their way – they’re broke."
2013,3,The Big Bang Theory,//en.wikipedia.org/wiki/The_Big_Bang_Theory,CBS,12.3,1418.0,35,comedy,Physicists Leonard and Sheldon find their nerd-centric social circle with pals Howard and Raj expanding when aspiring actress Penny moves in next door.
2013,18,Modern Family,//en.wikipedia.org/wiki/Modern_Family,ABC,7.6,1421.0,35,comedy,"The Pritchett-Dunphy-Tucker clan is a wonderfully large and blended family. They give us an honest and often hilarious look into the sometimes warm, sometimes twisted, embrace of the modern family."
2013,24,The Millers,//en.wikipedia.org/wiki/The_Millers,CBS,7.1,51320.0,35,comedy,"A divorced reporter, looking forward to the single life, finds his parents' marital problems derail his plans."
2013,27,Two and a Half Men,//en.wikipedia.org/wiki/Two_and_a_Half_Men,CBS,6.8,2691.0,35,comedy,A hedonistic jingle writer's free-wheeling life comes to an abrupt halt when his brother and 10-year-old nephew move into his beach-front house.
2013,28,How I Met Your Mother,//en.wikipedia.org/wiki/How_I_Met_Your_Mother,CBS,6.6,1100.0,35,comedy,A father recounts to his children - through a series of flashbacks - the journey he and his four best friends took leading up to him meeting their mother.
2013,29,Intelligence,//en.wikipedia.org/wiki/Intelligence_(U.S._TV_series),CBS,6.5,5232.0,"80,18,10759,35",comedy,"Mary Spalding, the director of the Vancouver Organized Crime Unit, offers Jimmy Reardon, one of Vancouver's top organized crime bosses, immunity from prosecution in exchange for his role as a police informant."
2014,2,The Big Bang Theory,//en.wikipedia.org/wiki/The_Big_Bang_Theory,CBS,11.6,1418.0,35,comedy,Physicists Leonard and Sheldon find their nerd-centric social circle with pals Howard and Raj expanding when aspiring actress Penny moves in next door.
2014,4,NCIS: New Orleans,//en.wikipedia.org/wiki/NCIS:_New_Orleans,CBS,11.3,61387.0,"10759,18,35",comedy,"A drama about the local field office that investigates criminal cases affecting military personnel in The Big Easy, a city known for its music, entertainment and decadence."
2014,23,Modern Family,//en.wikipedia.org/wiki/Modern_Family,ABC,7.5,1421.0,35,comedy,"The Pritchett-Dunphy-Tucker clan is a wonderfully large and blended family. They give us an honest and often hilarious look into the sometimes warm, sometimes twisted, embrace of the modern family."
2014,23,Two and a Half Men,//en.wikipedia.org/wiki/Two_and_a_Half_Men,CBS,7.5,2691.0,35,comedy,A hedonistic jingle writer's free-wheeling life comes to an abrupt halt when his brother and 10-year-old nephew move into his beach-front house.
2014,25,Mom,//en.wikipedia.org/wiki/Mom_(TV_series),CBS,7.3,49011.0,"35,18",comedy,"Aan irreverent and outrageous take on true family love‐and dysfunction. Newly sober single mom Christy struggles to raise two children in a world full of temptations and pitfalls. Testing her sobriety is her formerly estranged mother, now back in Christy's life and eager to share passive-aggressive insights into her daughter's many mistakes."
2015,3,The Big Bang Theory,//en.wikipedia.org/wiki/The_Big_Bang_Theory,CBS,12.5,1418.0,35,comedy,Physicists Leonard and Sheldon find their nerd-centric social circle with pals Howard and Raj expanding when aspiring actress Penny moves in next door.
2015,6,NCIS: New Orleans,//en.wikipedia.org/wiki/NCIS:_New_Orleans,CBS,9.4,61387.0,"10759,18,35",comedy,"A drama about the local field office that investigates criminal cases affecting military personnel in The Big Easy, a city known for its music, entertainment and decadence."
2015,19,Little Big Shots,//en.wikipedia.org/wiki/Little_Big_Shots,NBC,7.2,66043.0,"10764,35,10751",comedy,"A comedy-variety series showcasing young musicians, singers, dancers and  every form of wunderkind in the country. Harvey goes toe-to-toe with  them in conversations and interviews, with hilarious results."
2015,30,Life in Pieces,//en.wikipedia.org/wiki/Life_in_Pieces,CBS,6.5,63398.0,35,comedy,"Comedy about one big happy family and their sometimes awkward, often hilarious and ultimately beautiful milestone moments as told by its various members.  Of the three siblings, middle child Matt may have just found his true love, his co-worker, Colleen; his coddled youngest brother, Greg, and his wife, Jen, are overwhelmed by the birth of their first child; and the eldest, Heather, and her husband, Tim, are dreading their impending empty nest so much, they're considering having another baby. Their parents are Joan the family's adoring matriarch who would do anything for her kids - as long as she agrees with it - and John, the gregarious patriarch who's searching for ways to soften the blow of turning 70. As the family's lives unfold in four short stories each week, they try to savor these little pieces of time that flash by but stay with you forever, because these moments add up to what life's all about."
2016,1,The Big Bang Theory,//en.wikipedia.org/wiki/The_Big_Bang_Theory,CBS,11.5,1418.0,35,comedy,Physicists Leonard and Sheldon find their nerd-centric social circle with pals Howard and Raj expanding when aspiring actress Penny moves in next door.
2016,4,Bull,//en.wikipedia.org/wiki/Bull_(2016_TV_series),CBS,9.6,66840.0,"80,18,35",comedy,"Dr. Jason Bull is the brilliant, brash, and charming founder of a hugely successful trial consulting firm."
2016,8,NCIS: New Orleans,//en.wikipedia.org/wiki/NCIS:_New_Orleans,CBS,8.5,61387.0,"10759,18,35",comedy,"A drama about the local field office that investigates criminal cases affecting military personnel in The Big Easy, a city known for its music, entertainment and decadence."
2016,24,Little Big Shots,//en.wikipedia.org/wiki/Little_Big_Shots,NBC,6.1,66043.0,"10764,35,10751",comedy,"A comedy-variety series showcasing young musicians, singers, dancers and  every form of wunderkind in the country. Harvey goes toe-to-toe with  them in conversations and interviews, with hilarious results."
2016,27,Mom,//en.wikipedia.org/wiki/Mom_(TV_series),CBS,5.9,49011.0,"35,18",comedy,"Aan irreverent and outrageous take on true family love‐and dysfunction. Newly sober single mom Christy struggles to raise two children in a world full of temptations and pitfalls. Testing her sobriety is her formerly estranged mother, now back in Christy's life and eager to share passive-aggressive insights into her daughter's many mistakes."
2017,1,The Big Bang Theory,//en.wikipedia.org/wiki/The_Big_Bang_Theory,CBS,11.1,1418.0,35,comedy,Physicists Leonard and Sheldon find their nerd-centric social circle with pals Howard and Raj expanding when aspiring actress Penny moves in next door.
2017,4,Roseanne,//en.wikipedia.org/wiki/Roseanne,ABC,10.2,2706.0,35,comedy,"A working-class family struggles to get by on a limited income in the fictional town of Lanford, Illinois."
2017,6,Young Sheldon,//en.wikipedia.org/wiki/Young_Sheldon,CBS,9.5,71728.0,"35,10751,18",comedy,"The early life of child genius Sheldon Cooper, later seen in The Big Bang Theory."
2017,8,Bull,//en.wikipedia.org/wiki/Bull_(2016_TV_series),CBS,8.9,66840.0,"80,18,35",comedy,"Dr. Jason Bull is the brilliant, brash, and charming founder of a hugely successful trial consulting firm."
2017,11,NCIS: New Orleans,//en.wikipedia.org/wiki/NCIS:_New_Orleans,CBS,7.8,61387.0,"10759,18,35",comedy,"A drama about the local field office that investigates criminal cases affecting military personnel in The Big Easy, a city known for its music, entertainment and decadence."
2017,18,Mom,//en.wikipedia.org/wiki/Mom_(TV_series),CBS,6.7,49011.0,"35,18",comedy,"Aan irreverent and outrageous take on true family love‐and dysfunction. Newly sober single mom Christy struggles to raise two children in a world full of temptations and pitfalls. Testing her sobriety is her formerly estranged mother, now back in Christy's life and eager to share passive-aggressive insights into her daughter's many mistakes."
2018,2,The Big Bang Theory,//en.wikipedia.org/wiki/The_Big_Bang_Theory,CBS,10.6,1418.0,35,comedy,Physicists Leonard and Sheldon find their nerd-centric social circle with pals Howard and Raj expanding when aspiring actress Penny moves in next door.
2018,4,Young Sheldon,//en.wikipedia.org/wiki/Young_Sheldon,CBS,8.7,71728.0,"35,10751,18",comedy,"The early life of child genius Sheldon Cooper, later seen in The Big Bang Theory."
2018,13,Bull,//en.wikipedia.org/wiki/Bull_(2016_TV_series),CBS,7.0,66840.0,"80,18,35",comedy,"Dr. Jason Bull is the brilliant, brash, and charming founder of a hugely successful trial consulting firm."
2018,17,NCIS: New Orleans,//en.wikipedia.org/wiki/NCIS:_New_Orleans,CBS,6.8,61387.0,"10759,18,35",comedy,"A drama about the local field office that investigates criminal cases affecting military personnel in The Big Easy, a city known for its music, entertainment and decadence."
2018,21,Mom,//en.wikipedia.org/wiki/Mom_(TV_series),CBS,6.4,49011.0,"35,18",comedy,"Aan irreverent and outrageous take on true family love‐and dysfunction. Newly sober single mom Christy struggles to raise two children in a world full of temptations and pitfalls. Testing her sobriety is her formerly estranged mother, now back in Christy's life and eager to share passive-aggressive insights into her daughter's many mistakes."
2018,27,The Conners,//en.wikipedia.org/wiki/The_Conners,ABC,5.8,80550.0,35,comedy,"This iconic family—Dan, Jackie, Darlene, Becky and D.J.—grapples with parenthood, dating, an unexpected pregnancy, financial pressures, aging and in-laws in working-class America."
2018,27,God Friended Me,//en.wikipedia.org/wiki/God_Friended_Me,CBS,5.8,81114.0,"18,10751,9648,35",comedy,"A self-proclaimed ""pesky atheist"" is encouraged to help strangers by someone claiming to be God who friends him on Facebook."
2019,8,Young Sheldon,//en.wikipedia.org/wiki/Young_Sheldon,CBS,11.45,71728.0,"35,10751,18",comedy,"The early life of child genius Sheldon Cooper, later seen in The Big Bang Theory."
2019,13,Bull,//en.wikipedia.org/wiki/Bull_(2016_TV_series),CBS,10.61,66840.0,"80,18,35",comedy,"Dr. Jason Bull is the brilliant, brash, and charming founder of a hugely successful trial consulting firm."
2019,20,NCIS: New Orleans,//en.wikipedia.org/wiki/NCIS:_New_Orleans,CBS,9.58,61387.0,"10759,18,35",comedy,"A drama about the local field office that investigates criminal cases affecting military personnel in The Big Easy, a city known for its music, entertainment and decadence."
2019,29,Mom,//en.wikipedia.org/wiki/Mom_(TV_series),CBS,8.52,49011.0,"35,18",comedy,"Aan irreverent and outrageous take on true family love‐and dysfunction. Newly sober single mom Christy struggles to raise two children in a world full of temptations and pitfalls. Testing her sobriety is her formerly estranged mother, now back in Christy's life and eager to share passive-aggressive insights into her daughter's many mistakes."
2020,12,Young Sheldon,//en.wikipedia.org/wiki/Young_Sheldon,CBS,9.45,71728.0,"35,10751,18",comedy,"The early life of child genius Sheldon Cooper, later seen in The Big Bang Theory."
2020,16,Bull,//en.wikipedia.org/wiki/Bull_(2016_TV_series),CBS,8.59,66840.0,"80,18,35",comedy,"Dr. Jason Bull is the brilliant, brash, and charming founder of a hugely successful trial consulting firm."
2020,27,NCIS: New Orleans,//en.wikipedia.org/wiki/NCIS:_New_Orleans,CBS,7.22,61387.0,"10759,18,35",comedy,"A drama about the local field office that investigates criminal cases affecting military personnel in The Big Easy, a city known for its music, entertainment and decadence."
2020,29,The Rookie,//en.wikipedia.org/wiki/The_Rookie_(TV_series),ABC,7.11,79744.0,"80,18,35",comedy,"Starting over isn't easy, especially for small-town guy John Nolan who, after a life-altering incident, is pursuing his dream of being an LAPD officer. As the force's oldest rookie, he's met with skepticism from some higher-ups who see him as just a walking midlife crisis."
2021,8,Young Sheldon,//en.wikipedia.org/wiki/Young_Sheldon,CBS,9.21,71728.0,"35,10751,18",comedy,"The early life of child genius Sheldon Cooper, later seen in The Big Bang Theory."
2021,13,Ghosts,//en.wikipedia.org/wiki/Ghosts_(American_TV_series),CBS,8.41,126027.0,"35,10765",comedy,"Samantha and Jay throw caution to the wind when they convert their recently inherited country estate into a bed-and-breakfast. Call it mislaid plans. Not only is the place falling apart, but it’s also inhabited by spirits of previous residents -- whom only Samantha can see and hear."
2021,20,Bull,//en.wikipedia.org/wiki/Bull_(2016_TV_series),CBS,7.37,66840.0,"80,18,35",comedy,"Dr. Jason Bull is the brilliant, brash, and charming founder of a hugely successful trial consulting firm."
2022,4,Young Sheldon,//en.wikipedia.org/wiki/Young_Sheldon,CBS,9.28,71728.0,"35,10751,18",comedy,"The early life of child genius Sheldon Cooper, later seen in The Big Bang Theory."
2022,7,Ghosts,//en.wikipedia.org/wiki/Ghosts_(American_TV_series),CBS,9.08,126027.0,"35,10765",comedy,"Samantha and Jay throw caution to the wind when they convert their recently inherited country estate into a bed-and-breakfast. Call it mislaid plans. Not only is the place falling apart, but it’s also inhabited by spirits of previous residents -- whom only Samantha can see and hear."
2022,24,The Rookie,//en.wikipedia.org/wiki/The_Rookie_(TV_series),ABC,6.48,79744.0,"80,18,35",comedy,"Starting over isn't easy, especially for small-town guy John Nolan who, after a life-altering incident, is pursuing his dream of being an LAPD officer. As the force's oldest rookie, he's met with skepticism from some higher-ups who see him as just a walking midlife crisis."
2022,25,The Neighborhood,//en.wikipedia.org/wiki/The_Neighborhood_(TV_series),CBS,6.45,81144.0,35,comedy,The nicest guy in the Midwest moves his family into a tough neighborhood in Los Angeles where not everyone appreciates his extreme neighborliness. That includes their new next-door neighbor Calvin.
2022,26,So Help Me Todd,//en.wikipedia.org/wiki/So_Help_Me_Todd,CBS,6.37,202307.0,"18,9648,35",comedy,"Despite their opposing personalities, a talented but directionless P.I. who is the black sheep of his family begrudgingly agrees to work as the in-house investigator for his overbearing mother, a successful attorney reeling from the recent dissolution of her marriage."
2022,30,Bob Hearts Abishola,//en.wikipedia.org/wiki/Bob_Hearts_Abishola,CBS,6.10,92461.0,35,comedy,"A love story about a middle-aged compression sock businessman from Detroit who unexpectedly falls for his cardiac nurse, a Nigerian immigrant, while recovering from a heart attack and sets his sights on winning her over."
2023,5,Young Sheldon,//en.wikipedia.org/wiki/Young_Sheldon,CBS,9.10,71728.0,"35,10751,18",comedy,"The early life of child genius Sheldon Cooper, later seen in The Big Bang Theory."
2023,10,Ghosts,//en.wikipedia.org/wiki/Ghosts_(American_TV_series),CBS,8.21,126027.0,"35,10765",comedy,"Samantha and Jay throw caution to the wind when they convert their recently inherited country estate into a bed-and-breakfast. Call it mislaid plans. Not only is the place falling apart, but it’s also inhabited by spirits of previous residents -- whom only Samantha can see and hear."
2023,15,Elsbeth,//en.wikipedia.org/wiki/Elsbeth_(TV_series),CBS,7.45,226285.0,"80,18,35,9648",comedy,"After her successful career in Chicago, Elsbeth Tascioni, an astute but unconventional attorney, utilizes her singular point of view to make unique observations and corner brilliant criminals alongside the NYPD."
2023,23,Will Trent,//en.wikipedia.org/wiki/Will_Trent,ABC,6.74,208569.0,"80,18,35",comedy,"Special Agent Will Trent was abandoned at birth and endured a harsh coming-of-age in Atlanta's overwhelmed foster care system. Determined to make sure no one feels as he did, he now has the highest clearance rate."
2023,26,So Help Me Todd,//en.wikipedia.org/wiki/So_Help_Me_Todd,CBS,6.18,202307.0,"18,9648,35",comedy,"Despite their opposing personalities, a talented but directionless P.I. who is the black sheep of his family begrudgingly agrees to work as the in-house investigator for his overbearing mother, a successful attorney reeling from the recent dissolution of her marriage."
2024,5,Georgie & Mandy's First Marriage,//en.wikipedia.org/wiki/Georgie_&_Mandy's_First_Marriage,CBS,12.1,243875.0,35,comedy,"Georgie and Mandy raise their young family in Texas while navigating the challenges of adulthood, parenting, and marriage."
2024,5,Ghosts,//en.wikipedia.org/wiki/Ghosts_(American_TV_series),CBS,12.1,126027.0,"35,10765",comedy,"Samantha and Jay throw caution to the wind when they convert their recently inherited country estate into a bed-and-breakfast. Call it mislaid plans. Not only is the place falling apart, but it’s also inhabited by spirits of previous residents -- whom only Samantha can see and hear."
2024,8,Elsbeth,//en.wikipedia.org/wiki/Elsbeth_(TV_series),CBS,11.5,226285.0,"80,18,35,9648",comedy,"After her successful career in Chicago, Elsbeth Tascioni, an astute but unconventional attorney, utilizes her singular point of view to make unique observations and corner brilliant criminals alongside the NYPD."
2024,9,Will Trent,//en.wikipedia.org/wiki/Will_Trent,ABC,11.4,208569.0,"80,18,35",comedy,"Special Agent Will Trent was abandoned at birth and endured a harsh coming-of-age in Atlanta's overwhelmed foster care system. Determined to make sure no one feels as he did, he now has the highest clearance rate."
2024,12,Shifting Gears,//en.wikipedia.org/wiki/Shifting_Gears_(TV_series),ABC,10.9,260471.0,35,comedy,"Matt is a stubborn, widowed owner of a classic car restoration shop. When Matt's estranged daughter Riley and her teenage kids move into his house, the real restoration begins."
2024,13,The Rookie,//en.wikipedia.org/wiki/The_Rookie_(TV_series),ABC,10.8,79744.0,"80,18,35",comedy,"Starting over isn't easy, especially for small-town guy John Nolan who, after a life-altering incident, is pursuing his dream of being an LAPD officer. As the force's oldest rookie, he's met with skepticism from some higher-ups who see him as just a walking midlife crisis."
2024,22,Abbott Elementary,//en.wikipedia.org/wiki/Abbott_Elementary,ABC,8.8,125935.0,35,comedy,"In this workplace comedy, a group of dedicated, passionate teachers — and a slightly tone-deaf principal — are brought together in a Philadelphia public school where, despite the odds stacked against them, they are determined to help their students succeed in life. Though these incredible public servants may be outnumbered and underfunded, they love what they do — even if they don’t love the school district’s less-than-stellar attitude toward educating children."
